Col_id,Col_time,Col_item,Col_power,Col_current,Col_voltage,Col_electricity
565364,2026-10-03 03:58:12,AIR,1.4,28.0,102.9,1007.0
565365,2026-10-03 03:58:12,ICE,1.4,29.0,102.9,1130.0
565366,2026-10-03 03:58:12,WAT,0.0,0.0,101.8,974.0
565367,2026-10-03 03:58:12,MAC,7.4,90.0,102.5,1014.0
565368,2026-10-03 04:01:13,AIR,1.4,28.0,102.9,1007.0
565369,2026-10-03 04:01:13,ICE,1.4,29.0,102.9,1130.0
565370,2026-10-03 04:01:13,WAT,0.0,0.0,101.8,974.0
565371,2026-10-03 04:01:13,MAC,7.4,90.0,102.5,1014.0
565372,2026-10-03 04:04:14,AIR,1.4,28.0,102.9,1007.0
565373,2026-10-03 04:04:14,ICE,49.1,638.0,102.7,1143.0
565374,2026-10-03 04:04:14,WAT,0.0,0.0,101.8,974.0
565375,2026-10-03 04:04:14,MAC,7.4,90.0,102.5,1014.0
565376,2026-10-03 04:07:18,AIR,1.4,28.0,102.9,1007.0
565377,2026-10-03 04:07:18,ICE,60.0,750.0,102.6,1144.0
565378,2026-10-03 04:07:18,WAT,0.0,0.0,101.8,974.0
565379,2026-10-03 04:07:18,MAC,7.4,90.0,102.5,1014.0
565380,2026-10-03 04:10:19,AIR,1.4,28.0,102.9,1007.0
565381,2026-10-03 04:10:19,ICE,60.0,750.0,102.6,1144.0
565382,2026-10-03 04:10:19,WAT,0.0,0.0,101.8,974.0
565383,2026-10-03 04:10:19,MAC,7.4,90.0,102.5,1014.0
565384,2026-10-03 04:13:20,AIR,1.4,28.0,102.9,1007.0
565385,2026-10-03 04:13:20,ICE,60.0,750.0,102.6,1144.0
565386,2026-10-03 04:13:20,WAT,0.0,0.0,101.8,974.0
565387,2026-10-03 04:13:20,MAC,7.4,90.0,102.5,1014.0
565388,2026-10-03 04:16:22,AIR,1.4,28.0,102.9,1007.0
565389,2026-10-03 04:16:22,ICE,60.0,750.0,102.6,1144.0
565390,2026-10-03 04:16:22,WAT,0.0,0.0,101.8,974.0
565391,2026-10-03 04:16:22,MAC,7.4,90.0,102.5,1014.0
565392,2026-10-03 04:19:23,AIR,1.4,28.0,102.9,1007.0
565393,2026-10-03 04:19:23,ICE,60.0,750.0,102.6,1144.0
565394,2026-10-03 04:19:23,WAT,0.0,0.0,101.8,974.0
565395,2026-10-03 04:19:23,MAC,7.4,90.0,102.5,1014.0
565396,2026-10-03 04:22:24,AIR,1.4,28.0,102.9,1007.0
565397,2026-10-03 04:22:24,ICE,60.0,750.0,102.6,1144.0
565398,2026-10-03 04:22:24,WAT,0.0,0.0,101.8,974.0
565399,2026-10-03 04:22:24,MAC,7.4,90.0,102.5,1014.0
565400,2026-10-03 04:25:26,AIR,1.4,28.0,102.9,1007.0
565401,2026-10-03 04:25:26,ICE,60.0,750.0,102.6,1144.0
565402,2026-10-03 04:25:26,WAT,0.0,0.0,101.8,974.0
565403,2026-10-03 04:25:26,MAC,7.4,90.0,102.5,1014.0
565404,2026-10-03 04:28:27,AIR,1.4,28.0,102.9,1007.0
565405,2026-10-03 04:28:27,ICE,60.0,750.0,102.6,1144.0
565406,2026-10-03 04:28:27,WAT,0.0,0.0,101.8,974.0
565407,2026-10-03 04:28:27,MAC,7.4,90.0,102.5,1014.0
565408,2026-10-03 04:31:28,AIR,1.4,28.0,102.9,1007.0
565409,2026-10-03 04:31:28,ICE,60.0,750.0,102.6,1144.0
565410,2026-10-03 04:31:28,WAT,0.0,0.0,101.8,974.0
565411,2026-10-03 04:31:28,MAC,7.4,90.0,102.5,1014.0
565412,2026-10-03 04:34:30,AIR,1.4,28.0,102.9,1007.0
565413,2026-10-03 04:34:30,ICE,60.0,750.0,102.6,1144.0
565414,2026-10-03 04:34:30,WAT,0.0,0.0,101.8,974.0
565415,2026-10-03 04:34:30,MAC,7.4,90.0,102.5,1014.0
565416,2026-10-03 04:37:31,AIR,1.4,28.0,102.9,1007.0
565417,2026-10-03 04:37:31,ICE,60.0,750.0,102.6,1144.0
565418,2026-10-03 04:37:31,WAT,0.0,0.0,101.8,974.0
565419,2026-10-03 04:37:31,MAC,7.4,90.0,102.5,1014.0
565420,2026-10-03 04:40:32,AIR,1.4,28.0,102.9,1007.0
565421,2026-10-03 04:40:32,ICE,60.0,750.0,102.6,1144.0
565422,2026-10-03 04:40:32,WAT,0.0,0.0,101.8,974.0
565423,2026-10-03 04:40:32,MAC,7.4,90.0,102.5,1014.0
565424,2026-10-03 04:43:34,AIR,1.4,28.0,102.9,1007.0
565425,2026-10-03 04:43:34,ICE,60.0,750.0,102.6,1144.0
565426,2026-10-03 04:43:34,WAT,0.0,0.0,101.8,974.0
565427,2026-10-03 04:43:34,MAC,7.4,90.0,102.5,1014.0
565428,2026-10-03 04:46:35,AIR,1.4,28.0,102.9,1007.0
565429,2026-10-03 04:46:35,ICE,60.0,750.0,102.6,1144.0
565430,2026-10-03 04:46:35,WAT,0.0,0.0,101.8,974.0
565431,2026-10-03 04:46:35,MAC,7.4,90.0,102.5,1014.0
565432,2026-10-03 04:49:36,AIR,1.4,28.0,102.9,1007.0
565433,2026-10-03 04:49:36,ICE,60.0,750.0,102.6,1144.0
565434,2026-10-03 04:49:36,WAT,0.0,0.0,101.8,974.0
565435,2026-10-03 04:49:36,MAC,7.4,90.0,102.5,1014.0
565436,2026-10-03 04:52:38,AIR,1.4,28.0,102.9,1007.0
565437,2026-10-03 04:52:38,ICE,60.0,750.0,102.6,1144.0
565438,2026-10-03 04:52:38,WAT,0.0,0.0,101.8,974.0
565439,2026-10-03 04:52:38,MAC,7.4,90.0,102.5,1014.0
565440,2026-10-03 04:55:39,AIR,1.4,28.0,102.9,1007.0
565441,2026-10-03 04:55:39,ICE,2.9,29.0,102.9,1195.0
565442,2026-10-03 04:55:39,WAT,0.0,0.0,101.8,974.0
565443,2026-10-03 04:55:39,MAC,7.4,90.0,102.5,1014.0
565444,2026-10-03 04:58:40,AIR,1.4,28.0,102.9,1007.0
565445,2026-10-03 04:58:40,ICE,2.9,29.0,102.9,1195.0
565446,2026-10-03 04:58:40,WAT,0.0,0.0,101.8,974.0
565447,2026-10-03 04:58:40,MAC,7.4,90.0,102.5,1014.0
565448,2026-10-03 05:01:41,AIR,1.4,28.0,102.9,1007.0
565449,2026-10-03 05:01:41,ICE,2.9,29.0,102.9,1195.0
565450,2026-10-03 05:01:41,WAT,0.0,0.0,101.8,974.0
565451,2026-10-03 05:01:41,MAC,7.4,90.0,102.5,1014.0
565452,2026-10-03 05:04:43,AIR,1.4,28.0,102.9,1007.0
565453,2026-10-03 05:04:43,ICE,2.9,29.0,102.9,1195.0
565454,2026-10-03 05:04:43,WAT,0.0,0.0,101.8,974.0
565455,2026-10-03 05:04:43,MAC,7.4,90.0,102.5,1014.0
565456,2026-10-03 05:07:44,AIR,1.4,28.0,102.9,1007.0
565457,2026-10-03 05:07:44,ICE,2.9,29.0,102.9,1195.0
565458,2026-10-03 05:07:44,WAT,0.0,0.0,101.8,974.0
565459,2026-10-03 05:07:44,MAC,7.4,90.0,102.5,1014.0
565460,2026-10-03 05:10:45,AIR,1.4,28.0,102.9,1007.0
565461,2026-10-03 05:10:45,ICE,41.4,518.0,102.8,1210.0
565462,2026-10-03 05:10:45,WAT,0.0,0.0,101.8,974.0
565463,2026-10-03 05:10:45,MAC,7.4,90.0,102.5,1014.0
565464,2026-10-03 05:13:46,AIR,1.4,28.0,102.9,1007.0
565465,2026-10-03 05:13:46,ICE,41.4,518.0,102.8,1210.0
565466,2026-10-03 05:13:46,WAT,0.0,0.0,101.8,974.0
565467,2026-10-03 05:13:46,MAC,7.4,90.0,102.5,1014.0
565468,2026-10-03 05:16:47,AIR,1.4,28.0,102.9,1007.0
565469,2026-10-03 05:16:47,ICE,41.4,518.0,102.8,1210.0
565470,2026-10-03 05:16:47,WAT,0.0,0.0,101.8,974.0
565471,2026-10-03 05:16:47,MAC,7.4,90.0,102.5,1014.0
565472,2026-10-03 05:19:49,AIR,1.4,28.0,102.9,1007.0
565473,2026-10-03 05:19:49,ICE,41.4,518.0,102.8,1210.0
565474,2026-10-03 05:19:49,WAT,0.0,0.0,101.8,974.0
565475,2026-10-03 05:19:49,MAC,7.4,90.0,102.5,1014.0
565476,2026-10-03 05:22:50,AIR,1.4,28.0,102.9,1007.0
565477,2026-10-03 05:22:50,ICE,41.4,518.0,102.8,1210.0
565478,2026-10-03 05:22:50,WAT,0.0,0.0,101.8,974.0
565479,2026-10-03 05:22:50,MAC,7.4,90.0,102.5,1014.0
565480,2026-10-03 05:25:51,AIR,1.4,28.0,102.9,1007.0
565481,2026-10-03 05:25:51,ICE,41.4,518.0,102.8,1210.0
565482,2026-10-03 05:25:51,WAT,0.0,0.0,101.8,974.0
565483,2026-10-03 05:25:51,MAC,7.4,90.0,102.5,1014.0
565484,2026-10-03 05:28:53,AIR,1.4,28.0,102.9,1007.0
565485,2026-10-03 05:28:53,ICE,41.4,518.0,102.8,1210.0
565486,2026-10-03 05:28:53,WAT,0.0,0.0,101.8,974.0
565487,2026-10-03 05:28:53,MAC,7.4,90.0,102.5,1014.0
565488,2026-10-03 05:31:54,AIR,1.4,28.0,102.9,1007.0
565489,2026-10-03 05:31:54,ICE,41.4,518.0,102.8,1210.0
565490,2026-10-03 05:31:54,WAT,0.0,0.0,101.8,974.0
565491,2026-10-03 05:31:54,MAC,7.4,90.0,102.5,1014.0
565492,2026-10-03 05:34:55,AIR,1.4,28.0,102.9,1007.0
565493,2026-10-03 05:34:55,ICE,41.4,518.0,102.8,1210.0
565494,2026-10-03 05:34:55,WAT,0.0,0.0,101.8,974.0
565495,2026-10-03 05:34:55,MAC,7.4,90.0,102.5,1014.0
565496,2026-10-03 05:37:57,AIR,1.4,28.0,102.9,1007.0
565497,2026-10-03 05:37:57,ICE,41.4,518.0,102.8,1210.0
565498,2026-10-03 05:37:57,WAT,0.0,0.0,101.8,974.0
565499,2026-10-03 05:37:57,MAC,7.4,90.0,102.5,1014.0
565500,2026-10-03 05:40:58,AIR,1.4,28.0,102.9,1007.0
565501,2026-10-03 05:40:58,ICE,41.4,518.0,102.8,1210.0
565502,2026-10-03 05:40:58,WAT,0.0,0.0,101.8,974.0
565503,2026-10-03 05:40:58,MAC,7.4,90.0,102.5,1014.0
565504,2026-10-03 05:43:59,AIR,1.4,28.0,102.9,1007.0
565505,2026-10-03 05:43:59,ICE,41.4,518.0,102.8,1210.0
565506,2026-10-03 05:43:59,WAT,0.0,0.0,101.8,974.0
565507,2026-10-03 05:43:59,MAC,7.4,90.0,102.5,1014.0
565508,2026-10-03 05:47:01,AIR,1.4,28.0,102.9,1007.0
565509,2026-10-03 05:47:01,ICE,41.4,518.0,102.8,1210.0
565510,2026-10-03 05:47:01,WAT,0.0,0.0,101.8,974.0
565511,2026-10-03 05:47:01,MAC,7.4,90.0,102.5,1014.0
565512,2026-10-03 05:50:02,AIR,1.4,28.0,102.9,1007.0
565513,2026-10-03 05:50:02,ICE,41.4,518.0,102.8,1210.0
565514,2026-10-03 05:50:02,WAT,0.0,0.0,101.8,974.0
565515,2026-10-03 05:50:02,MAC,7.4,90.0,102.5,1014.0
565516,2026-10-03 05:53:05,AIR,1.4,28.0,102.9,1007.0
565517,2026-10-03 05:53:05,ICE,41.4,518.0,102.8,1210.0
565518,2026-10-03 05:53:05,WAT,0.0,0.0,101.8,974.0
565519,2026-10-03 05:53:05,MAC,7.4,90.0,102.5,1014.0
565520,2026-10-03 05:56:07,AIR,1.4,28.0,102.9,1007.0
565521,2026-10-03 05:56:07,ICE,41.4,518.0,102.8,1210.0
565522,2026-10-03 05:56:07,WAT,0.0,0.0,101.8,974.0
565523,2026-10-03 05:56:07,MAC,7.4,90.0,102.5,1014.0
565524,2026-10-03 05:59:08,AIR,1.4,28.0,102.9,1007.0
565525,2026-10-03 05:59:08,ICE,41.4,518.0,102.8,1210.0
565526,2026-10-03 05:59:08,WAT,0.0,0.0,101.8,974.0
565527,2026-10-03 05:59:08,MAC,7.4,90.0,102.5,1014.0
565528,2026-10-03 06:02:10,AIR,1.4,28.0,102.9,1007.0
565529,2026-10-03 06:02:10,ICE,41.4,518.0,102.8,1210.0
565530,2026-10-03 06:02:10,WAT,0.0,0.0,101.8,974.0
565531,2026-10-03 06:02:10,MAC,7.4,90.0,102.5,1014.0
565532,2026-10-03 06:05:11,AIR,1.4,28.0,102.9,1007.0
565533,2026-10-03 06:05:11,ICE,41.4,518.0,102.8,1210.0
565534,2026-10-03 06:05:11,WAT,0.0,0.0,101.8,974.0
565535,2026-10-03 06:05:11,MAC,7.4,90.0,102.5,1014.0
565536,2026-10-03 06:08:12,AIR,1.4,28.0,102.9,1007.0
565537,2026-10-03 06:08:12,ICE,41.4,518.0,102.8,1210.0
565538,2026-10-03 06:08:12,WAT,0.0,0.0,101.8,974.0
565539,2026-10-03 06:08:12,MAC,7.4,90.0,102.5,1014.0
565540,2026-10-03 06:11:13,AIR,1.4,28.0,102.9,1007.0
565541,2026-10-03 06:11:13,ICE,41.4,518.0,102.8,1210.0
565542,2026-10-03 06:11:13,WAT,0.0,0.0,101.8,974.0
565543,2026-10-03 06:11:13,MAC,7.4,90.0,102.5,1014.0
565544,2026-10-03 06:14:14,AIR,1.4,28.0,102.9,1007.0
565545,2026-10-03 06:14:14,ICE,41.4,518.0,102.8,1210.0
565546,2026-10-03 06:14:14,WAT,0.0,0.0,101.8,974.0
565547,2026-10-03 06:14:14,MAC,7.4,90.0,102.5,1014.0
565548,2026-10-03 06:17:16,AIR,1.4,28.0,102.9,1007.0
565549,2026-10-03 06:17:16,ICE,41.4,518.0,102.8,1210.0
565550,2026-10-03 06:17:16,WAT,0.0,0.0,101.8,974.0
565551,2026-10-03 06:17:16,MAC,7.4,90.0,102.5,1014.0
565552,2026-10-03 06:20:17,AIR,1.4,28.0,102.9,1007.0
565553,2026-10-03 06:20:17,ICE,41.4,518.0,102.8,1210.0
565554,2026-10-03 06:20:17,WAT,0.0,0.0,101.8,974.0
565555,2026-10-03 06:20:17,MAC,7.4,90.0,102.5,1014.0
565556,2026-10-03 06:23:18,AIR,1.4,28.0,102.9,1007.0
565557,2026-10-03 06:23:18,ICE,41.4,518.0,102.8,1210.0
565558,2026-10-03 06:23:18,WAT,0.0,0.0,101.8,974.0
565559,2026-10-03 06:23:18,MAC,7.4,90.0,102.5,1014.0
565560,2026-10-03 06:26:19,AIR,1.4,28.0,102.9,1007.0
565561,2026-10-03 06:26:19,ICE,41.4,518.0,102.8,1210.0
565562,2026-10-03 06:26:19,WAT,0.0,0.0,101.8,974.0
565563,2026-10-03 06:26:19,MAC,7.4,90.0,102.5,1014.0
565564,2026-10-03 06:29:20,AIR,1.4,28.0,102.9,1007.0
565565,2026-10-03 06:29:20,ICE,41.4,518.0,102.8,1210.0
565566,2026-10-03 06:29:20,WAT,0.0,0.0,101.8,974.0
565567,2026-10-03 06:29:20,MAC,7.4,90.0,102.5,1014.0
565568,2026-10-03 06:32:22,AIR,1.4,28.0,102.9,1007.0
565569,2026-10-03 06:32:22,ICE,41.4,518.0,102.8,1210.0
565570,2026-10-03 06:32:22,WAT,0.0,0.0,101.8,974.0
565571,2026-10-03 06:32:22,MAC,7.4,90.0,102.5,1014.0
565572,2026-10-03 06:35:23,AIR,1.4,28.0,102.9,1007.0
565573,2026-10-03 06:35:23,ICE,41.4,518.0,102.8,1210.0
565574,2026-10-03 06:35:23,WAT,0.0,0.0,101.8,974.0
565575,2026-10-03 06:35:23,MAC,7.4,90.0,102.5,1014.0
565576,2026-10-03 06:38:24,AIR,1.4,28.0,102.9,1007.0
565577,2026-10-03 06:38:24,ICE,41.4,518.0,102.8,1210.0
565578,2026-10-03 06:38:24,WAT,0.0,0.0,101.8,974.0
565579,2026-10-03 06:38:24,MAC,7.4,90.0,102.5,1014.0
565580,2026-10-03 06:41:25,AIR,1.4,28.0,102.9,1007.0
565581,2026-10-03 06:41:25,ICE,62.9,793.0,102.7,1300.0
565582,2026-10-03 06:41:25,WAT,0.0,0.0,101.8,974.0
565583,2026-10-03 06:41:25,MAC,7.4,90.0,102.5,1014.0
565584,2026-10-03 06:44:27,AIR,1.4,28.0,102.9,1007.0
565585,2026-10-03 06:44:27,ICE,62.9,793.0,102.7,1300.0
565586,2026-10-03 06:44:27,WAT,0.0,0.0,101.8,974.0
565587,2026-10-03 06:44:27,MAC,7.4,90.0,102.5,1014.0
565588,2026-10-03 06:47:28,AIR,1.4,28.0,102.9,1007.0
565589,2026-10-03 06:47:28,ICE,62.9,793.0,102.7,1300.0
565590,2026-10-03 06:47:28,WAT,0.0,0.0,101.8,974.0
565591,2026-10-03 06:47:28,MAC,7.4,90.0,102.5,1014.0
565592,2026-10-03 06:50:29,AIR,1.4,28.0,102.9,1007.0
565593,2026-10-03 06:50:29,ICE,62.9,793.0,102.7,1300.0
565594,2026-10-03 06:50:29,WAT,0.0,0.0,101.8,974.0
565595,2026-10-03 06:50:29,MAC,7.4,90.0,102.5,1014.0
565596,2026-10-03 06:53:31,AIR,1.4,28.0,102.9,1007.0
565597,2026-10-03 06:53:31,ICE,62.9,793.0,102.7,1300.0
565598,2026-10-03 06:53:31,WAT,0.0,0.0,101.8,974.0
565599,2026-10-03 06:53:31,MAC,7.4,90.0,102.5,1014.0
565600,2026-10-03 06:56:32,AIR,1.4,28.0,102.9,1007.0
565601,2026-10-03 06:56:32,ICE,62.9,793.0,102.7,1300.0
565602,2026-10-03 06:56:32,WAT,0.0,0.0,101.8,974.0
565603,2026-10-03 06:56:32,MAC,7.4,90.0,102.5,1014.0
565604,2026-10-03 06:59:33,AIR,1.4,28.0,102.9,1007.0
565605,2026-10-03 06:59:33,ICE,62.9,793.0,102.7,1300.0
565606,2026-10-03 06:59:33,WAT,0.0,0.0,101.8,974.0
565607,2026-10-03 06:59:33,MAC,7.4,90.0,102.5,1014.0
565608,2026-10-03 07:02:34,AIR,1.4,28.0,102.9,1007.0
565609,2026-10-03 07:02:34,ICE,62.9,793.0,102.7,1300.0
565610,2026-10-03 07:02:34,WAT,0.0,0.0,101.8,974.0
565611,2026-10-03 07:02:34,MAC,7.4,90.0,102.5,1014.0
565612,2026-10-03 07:05:36,AIR,1.4,28.0,102.9,1007.0
565613,2026-10-03 07:05:36,ICE,62.9,793.0,102.7,1300.0
565614,2026-10-03 07:05:36,WAT,0.0,0.0,101.8,974.0
565615,2026-10-03 07:05:36,MAC,7.4,90.0,102.5,1014.0
565616,2026-10-03 07:08:37,AIR,1.4,28.0,102.9,1007.0
565617,2026-10-03 07:08:37,ICE,62.9,793.0,102.7,1300.0
565618,2026-10-03 07:08:37,WAT,0.0,0.0,101.8,974.0
565619,2026-10-03 07:08:37,MAC,7.4,90.0,102.5,1014.0
565620,2026-10-03 07:11:38,AIR,1.4,28.0,102.9,1007.0
565621,2026-10-03 07:11:38,ICE,2.9,28.0,102.9,1331.0
565622,2026-10-03 07:11:38,WAT,0.0,0.0,101.8,974.0
565623,2026-10-03 07:11:38,MAC,7.4,90.0,102.5,1014.0
565624,2026-10-03 07:14:39,AIR,1.4,28.0,102.9,1007.0
565625,2026-10-03 07:14:39,ICE,2.9,28.0,102.9,1331.0
565626,2026-10-03 07:14:39,WAT,0.0,0.0,101.8,974.0
565627,2026-10-03 07:14:39,MAC,7.4,90.0,102.5,1014.0
565628,2026-10-03 07:17:40,AIR,1.4,28.0,102.9,1007.0
565629,2026-10-03 07:17:40,ICE,2.9,28.0,102.9,1331.0
565630,2026-10-03 07:17:40,WAT,0.0,0.0,101.8,974.0
565631,2026-10-03 07:17:40,MAC,7.4,90.0,102.5,1014.0
565632,2026-10-03 07:20:42,AIR,1.4,28.0,102.9,1007.0
565633,2026-10-03 07:20:42,ICE,2.9,28.0,102.9,1331.0
565634,2026-10-03 07:20:42,WAT,0.0,0.0,101.8,974.0
565635,2026-10-03 07:20:42,MAC,7.4,90.0,102.5,1014.0
565636,2026-10-03 07:23:43,AIR,1.4,28.0,102.9,1007.0
565637,2026-10-03 07:23:43,ICE,2.9,28.0,102.9,1331.0
565638,2026-10-03 07:23:43,WAT,0.0,0.0,101.8,974.0
565639,2026-10-03 07:23:43,MAC,7.4,90.0,102.5,1014.0
565640,2026-10-03 07:26:44,AIR,1.4,28.0,102.9,1007.0
565641,2026-10-03 07:26:44,ICE,37.6,483.0,102.9,1346.0
565642,2026-10-03 07:26:44,WAT,0.0,0.0,101.8,974.0
565643,2026-10-03 07:26:44,MAC,7.4,90.0,102.5,1014.0
565644,2026-10-03 07:29:46,AIR,1.4,28.0,102.9,1007.0
565645,2026-10-03 07:29:46,ICE,37.6,483.0,102.9,1346.0
565646,2026-10-03 07:29:46,WAT,0.0,0.0,101.8,974.0
565647,2026-10-03 07:29:46,MAC,7.4,90.0,102.5,1014.0
565648,2026-10-03 07:32:47,AIR,1.4,28.0,102.9,1007.0
565649,2026-10-03 07:32:47,ICE,37.6,483.0,102.9,1346.0
565650,2026-10-03 07:32:47,WAT,0.0,0.0,101.8,974.0
565651,2026-10-03 07:32:47,MAC,7.4,90.0,102.5,1014.0
565652,2026-10-03 07:35:49,AIR,1.4,28.0,102.9,1007.0
565653,2026-10-03 07:35:49,ICE,37.6,483.0,102.9,1346.0
565654,2026-10-03 07:35:49,WAT,0.0,0.0,101.8,974.0
565655,2026-10-03 07:35:49,MAC,7.4,90.0,102.5,1014.0
565656,2026-10-03 07:38:50,AIR,1.4,28.0,102.9,1007.0
565657,2026-10-03 07:38:50,ICE,37.6,483.0,102.9,1346.0
565658,2026-10-03 07:38:50,WAT,0.0,0.0,101.8,974.0
565659,2026-10-03 07:38:50,MAC,7.4,90.0,102.5,1014.0
565660,2026-10-03 07:41:51,AIR,1.4,28.0,102.9,1007.0
565661,2026-10-03 07:41:51,ICE,37.6,483.0,102.9,1346.0
565662,2026-10-03 07:41:51,WAT,0.0,0.0,101.8,974.0
565663,2026-10-03 07:41:51,MAC,7.4,90.0,102.5,1014.0
565664,2026-10-03 07:44:53,AIR,1.4,28.0,102.9,1007.0
565665,2026-10-03 07:44:53,ICE,37.6,483.0,102.9,1346.0
565666,2026-10-03 07:44:53,WAT,0.0,0.0,101.8,974.0
565667,2026-10-03 07:44:53,MAC,7.4,90.0,102.5,1014.0
565668,2026-10-03 07:47:54,AIR,1.4,28.0,102.9,1007.0
565669,2026-10-03 07:47:54,ICE,37.6,483.0,102.9,1346.0
565670,2026-10-03 07:47:54,WAT,0.0,0.0,101.8,974.0
565671,2026-10-03 07:47:54,MAC,7.4,90.0,102.5,1014.0
565672,2026-10-03 07:50:55,AIR,1.4,28.0,102.9,1007.0
565673,2026-10-03 07:50:55,ICE,37.6,483.0,102.9,1346.0
565674,2026-10-03 07:50:55,WAT,0.0,0.0,101.8,974.0
565675,2026-10-03 07:50:55,MAC,7.4,90.0,102.5,1014.0
565676,2026-10-03 07:53:57,AIR,1.4,28.0,102.9,1007.0
565677,2026-10-03 07:53:57,ICE,37.6,483.0,102.9,1346.0
565678,2026-10-03 07:53:57,WAT,0.0,0.0,101.8,974.0
565679,2026-10-03 07:53:57,MAC,7.4,90.0,102.5,1014.0
565680,2026-10-03 07:56:58,AIR,1.4,28.0,102.9,1007.0
565681,2026-10-03 07:56:58,ICE,37.6,483.0,102.9,1346.0
565682,2026-10-03 07:56:58,WAT,0.0,0.0,101.8,974.0
565683,2026-10-03 07:56:58,MAC,7.4,90.0,102.5,1014.0
565684,2026-10-03 07:59:59,AIR,1.4,28.0,102.9,1007.0
565685,2026-10-03 07:59:59,ICE,37.6,483.0,102.9,1346.0
565686,2026-10-03 07:59:59,WAT,0.0,0.0,101.8,974.0
565687,2026-10-03 07:59:59,MAC,7.4,90.0,102.5,1014.0
565688,2026-10-03 08:03:29,AIR,1.4,28.0,102.9,1007.0
565689,2026-10-03 08:03:29,ICE,37.6,483.0,102.9,1346.0
565690,2026-10-03 08:03:29,WAT,0.0,0.0,101.8,974.0
565691,2026-10-03 08:03:29,MAC,7.4,90.0,102.5,1014.0
565692,2026-10-03 08:06:30,AIR,1.4,28.0,102.9,1007.0
565693,2026-10-03 08:06:30,ICE,37.6,483.0,102.9,1346.0
565694,2026-10-03 08:06:30,WAT,0.0,0.0,101.8,974.0
565695,2026-10-03 08:06:30,MAC,7.4,90.0,102.5,1014.0
565696,2026-10-03 08:09:31,AIR,1.4,28.0,102.9,1007.0
565697,2026-10-03 08:09:31,ICE,37.6,483.0,102.9,1346.0
565698,2026-10-03 08:09:31,WAT,0.0,0.0,101.8,974.0
565699,2026-10-03 08:09:31,MAC,7.4,90.0,102.5,1014.0
565700,2026-10-03 08:12:33,AIR,1.4,28.0,102.9,1007.0
565701,2026-10-03 08:12:33,ICE,37.6,483.0,102.9,1346.0
565702,2026-10-03 08:12:33,WAT,0.0,0.0,101.8,974.0
565703,2026-10-03 08:12:33,MAC,7.4,90.0,102.5,1014.0
565704,2026-10-03 08:15:34,AIR,1.4,28.0,102.9,1007.0
565705,2026-10-03 08:15:34,ICE,37.6,483.0,102.9,1346.0
565706,2026-10-03 08:15:34,WAT,0.0,0.0,101.8,974.0
565707,2026-10-03 08:15:34,MAC,7.4,90.0,102.5,1014.0
565708,2026-10-03 08:18:36,AIR,1.4,28.0,102.9,1007.0
565709,2026-10-03 08:18:36,ICE,37.6,483.0,102.9,1346.0
565710,2026-10-03 08:18:36,WAT,0.0,0.0,101.8,974.0
565711,2026-10-03 08:18:36,MAC,7.4,90.0,102.5,1014.0
565712,2026-10-03 08:21:38,AIR,1.4,28.0,102.9,1007.0
565713,2026-10-03 08:21:38,ICE,37.6,483.0,102.9,1346.0
565714,2026-10-03 08:21:38,WAT,0.0,0.0,101.8,974.0
565715,2026-10-03 08:21:38,MAC,7.4,90.0,102.5,1014.0
565716,2026-10-03 08:24:39,AIR,1.4,28.0,102.9,1007.0
565717,2026-10-03 08:24:39,ICE,37.6,483.0,102.9,1346.0
565718,2026-10-03 08:24:39,WAT,0.0,0.0,101.8,974.0
565719,2026-10-03 08:24:39,MAC,7.4,90.0,102.5,1014.0
565720,2026-10-03 08:27:40,AIR,1.4,28.0,102.9,1007.0
565721,2026-10-03 08:27:40,ICE,37.6,483.0,102.9,1346.0
565722,2026-10-03 08:27:40,WAT,0.0,0.0,101.8,974.0
565723,2026-10-03 08:27:40,MAC,7.4,90.0,102.5,1014.0
565724,2026-10-03 08:30:42,AIR,1.4,28.0,102.9,1007.0
565725,2026-10-03 08:30:42,ICE,37.6,483.0,102.9,1346.0
565726,2026-10-03 08:30:42,WAT,0.0,0.0,101.8,974.0
565727,2026-10-03 08:30:42,MAC,7.4,90.0,102.5,1014.0
565728,2026-10-03 08:33:43,AIR,1.4,28.0,102.9,1007.0
565729,2026-10-03 08:33:43,ICE,37.6,483.0,102.9,1346.0
565730,2026-10-03 08:33:43,WAT,0.0,0.0,101.8,974.0
565731,2026-10-03 08:33:43,MAC,7.4,90.0,102.5,1014.0
565732,2026-10-03 08:36:45,AIR,1.4,28.0,102.9,1007.0
565733,2026-10-03 08:36:45,ICE,37.6,483.0,102.9,1346.0
565734,2026-10-03 08:36:45,WAT,0.0,0.0,101.8,974.0
565735,2026-10-03 08:36:45,MAC,7.4,90.0,102.5,1014.0
565736,2026-10-03 08:39:46,AIR,1.4,28.0,102.9,1007.0
565737,2026-10-03 08:39:46,ICE,37.6,483.0,102.9,1346.0
565738,2026-10-03 08:39:46,WAT,0.0,0.0,101.8,974.0
565739,2026-10-03 08:39:46,MAC,7.4,90.0,102.5,1014.0
565740,2026-10-03 08:42:48,AIR,1.4,28.0,102.9,1007.0
565741,2026-10-03 08:42:48,ICE,37.6,483.0,102.9,1346.0
565742,2026-10-03 08:42:48,WAT,0.0,0.0,101.8,974.0
565743,2026-10-03 08:42:48,MAC,7.4,90.0,102.5,1014.0
565744,2026-10-03 08:45:49,AIR,1.4,28.0,102.9,1007.0
565745,2026-10-03 08:45:49,ICE,37.6,483.0,102.9,1346.0
565746,2026-10-03 08:45:49,WAT,0.0,0.0,101.8,974.0
565747,2026-10-03 08:45:49,MAC,7.4,90.0,102.5,1014.0
565748,2026-10-03 08:48:51,AIR,1.4,28.0,102.9,1007.0
565749,2026-10-03 08:48:51,ICE,37.6,483.0,102.9,1346.0
565750,2026-10-03 08:48:51,WAT,0.0,0.0,101.8,974.0
565751,2026-10-03 08:48:51,MAC,7.4,90.0,102.5,1014.0
565752,2026-10-03 08:51:53,AIR,1.4,28.0,102.9,1007.0
565753,2026-10-03 08:51:53,ICE,37.6,483.0,102.9,1346.0
565754,2026-10-03 08:51:53,WAT,0.0,0.0,101.8,974.0
565755,2026-10-03 08:51:53,MAC,7.4,90.0,102.5,1014.0
565756,2026-10-03 08:54:55,AIR,1.4,28.0,102.9,1007.0
565757,2026-10-03 08:54:55,ICE,37.6,483.0,102.9,1346.0
565758,2026-10-03 08:54:55,WAT,0.0,0.0,101.8,974.0
565759,2026-10-03 08:54:55,MAC,7.4,90.0,102.5,1014.0
565760,2026-10-03 08:57:56,AIR,1.4,28.0,102.9,1007.0
565761,2026-10-03 08:57:56,ICE,60.2,756.0,104.1,1435.0
565762,2026-10-03 08:57:56,WAT,0.0,0.0,101.8,974.0
565763,2026-10-03 08:57:56,MAC,7.4,90.0,102.5,1014.0
565764,2026-10-03 09:00:58,AIR,1.4,28.0,102.9,1007.0
565765,2026-10-03 09:00:58,ICE,60.2,756.0,104.1,1435.0
565766,2026-10-03 09:00:58,WAT,0.0,0.0,101.8,974.0
565767,2026-10-03 09:00:58,MAC,7.4,90.0,102.5,1014.0
565768,2026-10-03 09:03:59,AIR,1.4,28.0,102.9,1007.0
565769,2026-10-03 09:03:59,ICE,60.2,756.0,104.1,1435.0
565770,2026-10-03 09:03:59,WAT,0.0,0.0,101.8,974.0
565771,2026-10-03 09:03:59,MAC,7.4,90.0,102.5,1014.0
565772,2026-10-03 09:07:01,AIR,1.4,28.0,102.9,1007.0
565773,2026-10-03 09:07:01,ICE,60.2,756.0,104.1,1435.0
565774,2026-10-03 09:07:01,WAT,0.0,0.0,101.8,974.0
565775,2026-10-03 09:07:01,MAC,7.4,90.0,102.5,1014.0
565776,2026-10-03 09:10:03,AIR,1.4,28.0,102.9,1007.0
565777,2026-10-03 09:10:03,ICE,60.2,756.0,104.1,1435.0
565778,2026-10-03 09:10:03,WAT,0.0,0.0,101.8,974.0
565779,2026-10-03 09:10:03,MAC,7.4,90.0,102.5,1014.0
565780,2026-10-03 09:13:05,AIR,1.4,28.0,102.9,1007.0
565781,2026-10-03 09:13:05,ICE,60.2,756.0,104.1,1435.0
565782,2026-10-03 09:13:05,WAT,0.0,0.0,101.8,974.0
565783,2026-10-03 09:13:05,MAC,7.4,90.0,102.5,1014.0
565784,2026-10-03 09:16:07,AIR,1.4,28.0,102.9,1007.0
565785,2026-10-03 09:16:07,ICE,60.2,756.0,104.1,1435.0
565786,2026-10-03 09:16:07,WAT,0.0,0.0,101.8,974.0
565787,2026-10-03 09:16:07,MAC,7.4,90.0,102.5,1014.0
565788,2026-10-03 09:19:08,AIR,1.4,28.0,102.9,1007.0
565789,2026-10-03 09:19:08,ICE,60.2,756.0,104.1,1435.0
565790,2026-10-03 09:19:08,WAT,0.0,0.0,101.8,974.0
565791,2026-10-03 09:19:08,MAC,7.4,90.0,102.5,1014.0
565792,2026-10-03 09:22:09,AIR,1.4,28.0,102.9,1007.0
565793,2026-10-03 09:22:09,ICE,60.2,756.0,104.1,1435.0
565794,2026-10-03 09:22:09,WAT,0.0,0.0,101.8,974.0
565795,2026-10-03 09:22:09,MAC,7.4,90.0,102.5,1014.0
565796,2026-10-03 09:25:11,AIR,1.4,28.0,102.9,1007.0
565797,2026-10-03 09:25:11,ICE,1.4,29.0,104.1,25.0
565798,2026-10-03 09:25:11,WAT,0.0,0.0,101.8,974.0
565799,2026-10-03 09:25:11,MAC,7.4,90.0,102.5,1014.0
565800,2026-10-03 09:28:12,AIR,1.4,28.0,102.9,1007.0
565801,2026-10-03 09:28:12,ICE,1.4,29.0,104.1,25.0
565802,2026-10-03 09:28:12,WAT,0.0,0.0,101.8,974.0
565803,2026-10-03 09:28:12,MAC,7.4,90.0,102.5,1014.0
565804,2026-10-03 09:31:14,AIR,1.4,28.0,102.9,1007.0
565805,2026-10-03 09:31:14,ICE,1.4,29.0,104.1,25.0
565806,2026-10-03 09:31:14,WAT,0.0,0.0,101.8,974.0
565807,2026-10-03 09:31:14,MAC,7.4,90.0,102.5,1014.0
565808,2026-10-03 09:34:15,AIR,1.4,28.0,102.9,1007.0
565809,2026-10-03 09:34:15,ICE,1.4,29.0,104.1,25.0
565810,2026-10-03 09:34:15,WAT,0.0,0.0,101.8,974.0
565811,2026-10-03 09:34:15,MAC,7.4,90.0,102.5,1014.0
565812,2026-10-03 09:37:16,AIR,1.4,28.0,102.9,1007.0
565813,2026-10-03 09:37:16,ICE,1.4,29.0,104.1,25.0
565814,2026-10-03 09:37:16,WAT,0.0,0.0,101.8,974.0
565815,2026-10-03 09:37:16,MAC,7.4,90.0,102.5,1014.0
565816,2026-10-03 09:40:18,AIR,1.4,28.0,102.9,1007.0
565817,2026-10-03 09:40:18,ICE,47.8,609.0,104.1,40.0
565818,2026-10-03 09:40:18,WAT,0.0,0.0,101.8,974.0
565819,2026-10-03 09:40:18,MAC,7.4,90.0,102.5,1014.0
565820,2026-10-03 09:43:19,AIR,1.4,28.0,102.9,1007.0
565821,2026-10-03 09:43:19,ICE,37.3,469.0,104.4,40.0
565822,2026-10-03 09:43:19,WAT,0.0,0.0,101.8,974.0
565823,2026-10-03 09:43:19,MAC,7.4,90.0,102.5,1014.0
565824,2026-10-03 09:46:20,AIR,1.4,28.0,102.9,1007.0
565825,2026-10-03 09:46:20,ICE,37.3,469.0,104.4,40.0
565826,2026-10-03 09:46:20,WAT,0.0,0.0,101.8,974.0
565827,2026-10-03 09:46:20,MAC,7.4,90.0,102.5,1014.0
565828,2026-10-03 09:49:22,AIR,1.4,28.0,102.9,1007.0
565829,2026-10-03 09:49:22,ICE,37.3,469.0,104.4,40.0
565830,2026-10-03 09:49:22,WAT,0.0,0.0,101.8,974.0
565831,2026-10-03 09:49:22,MAC,7.4,90.0,102.5,1014.0
565832,2026-10-03 09:52:23,AIR,1.4,28.0,102.9,1007.0
565833,2026-10-03 09:52:23,ICE,37.3,469.0,104.4,40.0
565834,2026-10-03 09:52:23,WAT,0.0,0.0,101.8,974.0
565835,2026-10-03 09:52:23,MAC,7.4,90.0,102.5,1014.0
565836,2026-10-03 09:55:25,AIR,1.4,28.0,102.9,1007.0
565837,2026-10-03 09:55:25,ICE,37.3,469.0,104.4,40.0
565838,2026-10-03 09:55:25,WAT,0.0,0.0,101.8,974.0
565839,2026-10-03 09:55:25,MAC,7.4,90.0,102.5,1014.0
565840,2026-10-03 09:58:26,AIR,1.4,28.0,102.9,1007.0
565841,2026-10-03 09:58:26,ICE,37.3,469.0,104.4,40.0
565842,2026-10-03 09:58:26,WAT,0.0,0.0,101.8,974.0
565843,2026-10-03 09:58:26,MAC,7.4,90.0,102.5,1014.0
565844,2026-10-03 10:01:28,AIR,1.4,28.0,102.9,1007.0
565845,2026-10-03 10:01:28,ICE,37.3,469.0,104.4,40.0
565846,2026-10-03 10:01:28,WAT,0.0,0.0,101.8,974.0
565847,2026-10-03 10:01:28,MAC,7.4,90.0,102.5,1014.0
565848,2026-10-03 10:04:30,AIR,1.4,28.0,102.9,1007.0
565849,2026-10-03 10:04:30,ICE,37.3,469.0,104.4,40.0
565850,2026-10-03 10:04:30,WAT,0.0,0.0,101.8,974.0
565851,2026-10-03 10:04:30,MAC,7.4,90.0,102.5,1014.0
565852,2026-10-03 10:07:31,AIR,1.4,28.0,102.9,1007.0
565853,2026-10-03 10:07:31,ICE,37.3,469.0,104.4,40.0
565854,2026-10-03 10:07:31,WAT,0.0,0.0,101.8,974.0
565855,2026-10-03 10:07:31,MAC,7.4,90.0,102.5,1014.0
565856,2026-10-03 10:10:33,AIR,1.4,28.0,102.9,1007.0
565857,2026-10-03 10:10:33,ICE,37.3,469.0,104.4,40.0
565858,2026-10-03 10:10:33,WAT,0.0,0.0,101.8,974.0
565859,2026-10-03 10:10:33,MAC,7.4,90.0,102.5,1014.0
565860,2026-10-03 10:13:34,AIR,1.4,28.0,102.9,1007.0
565861,2026-10-03 10:13:34,ICE,37.3,469.0,104.4,40.0
565862,2026-10-03 10:13:34,WAT,0.0,0.0,101.8,974.0
565863,2026-10-03 10:13:34,MAC,7.4,90.0,102.5,1014.0
565864,2026-10-03 10:16:36,AIR,1.4,28.0,102.9,1007.0
565865,2026-10-03 10:16:36,ICE,37.3,469.0,104.4,40.0
565866,2026-10-03 10:16:36,WAT,0.0,0.0,101.8,974.0
565867,2026-10-03 10:16:36,MAC,7.4,90.0,102.5,1014.0
565868,2026-10-03 10:19:38,AIR,1.4,28.0,102.9,1007.0
565869,2026-10-03 10:19:38,ICE,37.3,469.0,104.4,40.0
565870,2026-10-03 10:19:38,WAT,0.0,0.0,101.8,974.0
565871,2026-10-03 10:19:38,MAC,7.4,90.0,102.5,1014.0
565872,2026-10-03 10:22:39,AIR,1.4,28.0,102.9,1007.0
565873,2026-10-03 10:22:39,ICE,37.3,469.0,104.4,40.0
565874,2026-10-03 10:22:39,WAT,0.0,0.0,101.8,974.0
565875,2026-10-03 10:22:39,MAC,7.4,90.0,102.5,1014.0
565876,2026-10-03 10:25:40,AIR,1.4,28.0,102.9,1007.0
565877,2026-10-03 10:25:40,ICE,37.3,469.0,104.4,40.0
565878,2026-10-03 10:25:40,WAT,0.0,0.0,101.8,974.0
565879,2026-10-03 10:25:40,MAC,7.4,90.0,102.5,1014.0
565880,2026-10-03 10:28:42,AIR,1.4,28.0,102.9,1007.0
565881,2026-10-03 10:28:42,ICE,37.3,469.0,104.4,40.0
565882,2026-10-03 10:28:42,WAT,0.0,0.0,101.8,974.0
565883,2026-10-03 10:28:42,MAC,7.4,90.0,102.5,1014.0
565884,2026-10-03 10:31:44,AIR,1.4,28.0,102.9,1007.0
565885,2026-10-03 10:31:44,ICE,37.3,469.0,104.4,40.0
565886,2026-10-03 10:31:44,WAT,0.0,0.0,101.8,974.0
565887,2026-10-03 10:31:44,MAC,7.4,90.0,102.5,1014.0
565888,2026-10-03 10:34:45,AIR,1.4,28.0,102.9,1007.0
565889,2026-10-03 10:34:45,ICE,37.3,469.0,104.4,40.0
565890,2026-10-03 10:34:45,WAT,0.0,0.0,101.8,974.0
565891,2026-10-03 10:34:45,MAC,7.4,90.0,102.5,1014.0
565892,2026-10-03 10:37:47,AIR,1.4,28.0,102.9,1007.0
565893,2026-10-03 10:37:47,ICE,37.3,469.0,104.4,40.0
565894,2026-10-03 10:37:47,WAT,0.0,0.0,101.8,974.0
565895,2026-10-03 10:37:47,MAC,7.4,90.0,102.5,1014.0
565896,2026-10-03 10:40:48,AIR,1.4,28.0,102.9,1007.0
565897,2026-10-03 10:40:48,ICE,37.3,469.0,104.4,40.0
565898,2026-10-03 10:40:48,WAT,0.0,0.0,101.8,974.0
565899,2026-10-03 10:40:48,MAC,7.4,90.0,102.5,1014.0
565900,2026-10-03 10:43:49,AIR,1.4,28.0,102.9,1007.0
565901,2026-10-03 10:43:49,ICE,37.3,469.0,104.4,40.0
565902,2026-10-03 10:43:49,WAT,0.0,0.0,101.8,974.0
565903,2026-10-03 10:43:49,MAC,7.4,90.0,102.5,1014.0
565904,2026-10-03 10:46:51,AIR,1.4,28.0,102.9,1007.0
565905,2026-10-03 10:46:51,ICE,37.3,469.0,104.4,40.0
565906,2026-10-03 10:46:51,WAT,0.0,0.0,101.8,974.0
565907,2026-10-03 10:46:51,MAC,7.4,90.0,102.5,1014.0
565908,2026-10-03 10:49:52,AIR,1.4,28.0,102.9,1007.0
565909,2026-10-03 10:49:52,ICE,37.3,469.0,104.4,40.0
565910,2026-10-03 10:49:52,WAT,0.0,0.0,101.8,974.0
565911,2026-10-03 10:49:52,MAC,7.4,90.0,102.5,1014.0
565912,2026-10-03 10:52:54,AIR,1.4,28.0,102.9,1007.0
565913,2026-10-03 10:52:54,ICE,37.3,469.0,104.4,40.0
565914,2026-10-03 10:52:54,WAT,0.0,0.0,101.8,974.0
565915,2026-10-03 10:52:54,MAC,7.4,90.0,102.5,1014.0
565916,2026-10-03 10:55:55,AIR,1.4,28.0,102.9,1007.0
565917,2026-10-03 10:55:55,ICE,37.3,469.0,104.4,40.0
565918,2026-10-03 10:55:55,WAT,0.0,0.0,101.8,974.0
565919,2026-10-03 10:55:55,MAC,7.4,90.0,102.5,1014.0
565920,2026-10-03 10:58:56,AIR,1.4,28.0,102.9,1007.0
565921,2026-10-03 10:58:56,ICE,37.3,469.0,104.4,40.0
565922,2026-10-03 10:58:56,WAT,0.0,0.0,101.8,974.0
565923,2026-10-03 10:58:56,MAC,7.4,90.0,102.5,1014.0
565924,2026-10-03 11:01:58,AIR,1.4,28.0,102.9,1007.0
565925,2026-10-03 11:01:58,ICE,37.3,469.0,104.4,40.0
565926,2026-10-03 11:01:58,WAT,0.0,0.0,101.8,974.0
565927,2026-10-03 11:01:58,MAC,7.4,90.0,102.5,1014.0
565928,2026-10-03 11:04:59,AIR,1.4,28.0,102.9,1007.0
565929,2026-10-03 11:04:59,ICE,37.3,469.0,104.4,40.0
565930,2026-10-03 11:04:59,WAT,0.0,0.0,101.8,974.0
565931,2026-10-03 11:04:59,MAC,7.4,90.0,102.5,1014.0
565932,2026-10-03 11:08:00,AIR,1.4,28.0,102.9,1007.0
565933,2026-10-03 11:08:00,ICE,37.3,469.0,104.4,40.0
565934,2026-10-03 11:08:00,WAT,0.0,0.0,101.8,974.0
565935,2026-10-03 11:08:00,MAC,7.4,90.0,102.5,1014.0
565936,2026-10-03 11:11:02,AIR,1.4,28.0,102.9,1007.0
565937,2026-10-03 11:11:02,ICE,59.5,744.0,104.1,130.0
565938,2026-10-03 11:11:02,WAT,0.0,0.0,101.8,974.0
565939,2026-10-03 11:11:02,MAC,7.4,90.0,102.5,1014.0
565940,2026-10-03 11:14:03,AIR,1.4,28.0,102.9,1007.0
565941,2026-10-03 11:14:03,ICE,59.5,744.0,104.1,130.0
565942,2026-10-03 11:14:03,WAT,0.0,0.0,101.8,974.0
565943,2026-10-03 11:14:03,MAC,7.4,90.0,102.5,1014.0
565944,2026-10-03 11:17:05,AIR,1.4,28.0,102.9,1007.0
565945,2026-10-03 11:17:05,ICE,59.5,744.0,104.1,130.0
565946,2026-10-03 11:17:05,WAT,0.0,0.0,101.8,974.0
565947,2026-10-03 11:17:05,MAC,7.4,90.0,102.5,1014.0
565948,2026-10-03 11:20:06,AIR,1.4,28.0,102.9,1007.0
565949,2026-10-03 11:20:06,ICE,59.5,744.0,104.1,130.0
565950,2026-10-03 11:20:06,WAT,0.0,0.0,101.8,974.0
565951,2026-10-03 11:20:06,MAC,7.4,90.0,102.5,1014.0
565952,2026-10-03 11:23:08,AIR,1.4,28.0,102.9,1007.0
565953,2026-10-03 11:23:08,ICE,59.5,744.0,104.1,130.0
565954,2026-10-03 11:23:08,WAT,0.0,0.0,101.8,974.0
565955,2026-10-03 11:23:08,MAC,7.4,90.0,102.5,1014.0
565956,2026-10-03 11:26:09,AIR,1.4,28.0,102.9,1007.0
565957,2026-10-03 11:26:09,ICE,59.5,744.0,104.1,130.0
565958,2026-10-03 11:26:09,WAT,0.0,0.0,101.8,974.0
565959,2026-10-03 11:26:09,MAC,7.4,90.0,102.5,1014.0
565960,2026-10-03 11:29:11,AIR,1.4,28.0,102.9,1007.0
565961,2026-10-03 11:29:11,ICE,59.5,744.0,104.1,130.0
565962,2026-10-03 11:29:11,WAT,0.0,0.0,101.8,974.0
565963,2026-10-03 11:29:11,MAC,7.4,90.0,102.5,1014.0
565964,2026-10-03 11:32:12,AIR,1.4,28.0,102.9,1007.0
565965,2026-10-03 11:32:12,ICE,59.5,744.0,104.1,130.0
565966,2026-10-03 11:32:12,WAT,0.0,0.0,101.8,974.0
565967,2026-10-03 11:32:12,MAC,7.4,90.0,102.5,1014.0
565968,2026-10-03 11:35:14,AIR,1.4,28.0,102.9,1007.0
565969,2026-10-03 11:35:14,ICE,59.5,744.0,104.1,130.0
565970,2026-10-03 11:35:14,WAT,7.5,73.0,102.4,695.0
565971,2026-10-03 11:35:14,MAC,7.4,90.0,102.5,1014.0
565972,2026-10-03 11:38:15,AIR,1.4,28.0,102.9,1007.0
565973,2026-10-03 11:38:15,ICE,59.5,744.0,104.1,130.0
565974,2026-10-03 11:38:15,WAT,93.2,1256.0,102.3,699.0
565975,2026-10-03 11:38:15,MAC,7.4,90.0,102.5,1014.0
565976,2026-10-03 11:41:16,AIR,1.4,28.0,102.9,1007.0
565977,2026-10-03 11:41:16,ICE,59.5,744.0,104.1,130.0
565978,2026-10-03 11:41:16,WAT,92.7,1373.0,102.3,702.0
565979,2026-10-03 11:41:16,MAC,7.4,90.0,102.5,1014.0
565980,2026-10-03 11:44:18,AIR,1.4,28.0,102.9,1007.0
565981,2026-10-03 11:44:18,ICE,59.5,744.0,104.1,130.0
565982,2026-10-03 11:44:18,WAT,143.1,1868.0,102.3,705.0
565983,2026-10-03 11:44:18,MAC,7.4,90.0,102.5,1014.0
565984,2026-10-03 11:47:19,AIR,1.4,28.0,102.9,1007.0
565985,2026-10-03 11:47:19,ICE,1.4,29.0,102.9,166.0
565986,2026-10-03 11:47:19,WAT,112.4,1423.0,101.8,708.0
565987,2026-10-03 11:47:19,MAC,7.4,90.0,102.5,1014.0
565988,2026-10-03 11:50:21,AIR,1.4,28.0,102.9,1007.0
565989,2026-10-03 11:50:21,ICE,1.4,29.0,102.9,166.0
565990,2026-10-03 11:50:21,WAT,122.9,1611.0,102.2,711.0
565991,2026-10-03 11:50:21,MAC,7.4,90.0,102.5,1014.0
565992,2026-10-03 11:53:22,AIR,1.4,28.0,102.9,1007.0
565993,2026-10-03 11:53:22,ICE,1.4,29.0,102.9,166.0
565994,2026-10-03 11:53:22,WAT,144.5,1992.0,101.9,714.0
565995,2026-10-03 11:53:22,MAC,7.4,90.0,102.5,1014.0
565996,2026-10-03 11:56:23,AIR,1.4,28.0,102.9,1007.0
565997,2026-10-03 11:56:23,ICE,39.9,516.0,102.5,176.0
565998,2026-10-03 11:56:23,WAT,87.2,1174.0,101.9,717.0
565999,2026-10-03 11:56:23,MAC,7.4,90.0,102.5,1014.0
566000,2026-10-03 11:59:25,AIR,1.4,28.0,102.9,1007.0
566001,2026-10-03 11:59:25,ICE,39.9,516.0,102.5,176.0
566002,2026-10-03 11:59:25,WAT,45.8,578.0,102.0,720.0
566003,2026-10-03 11:59:25,MAC,7.4,90.0,102.5,1014.0
566004,2026-10-03 12:02:26,AIR,1.4,28.0,102.9,1007.0
566005,2026-10-03 12:02:26,ICE,39.9,516.0,102.5,176.0
566006,2026-10-03 12:02:26,WAT,269.8,3346.0,101.8,722.0
566007,2026-10-03 12:02:26,MAC,7.4,90.0,102.5,1014.0
566008,2026-10-03 12:05:28,AIR,1.4,28.0,102.9,1007.0
566009,2026-10-03 12:05:28,ICE,39.9,516.0,102.5,176.0
566010,2026-10-03 12:05:28,WAT,143.5,1902.0,101.2,726.0
566011,2026-10-03 12:05:28,MAC,7.4,90.0,102.5,1014.0
566012,2026-10-03 12:08:29,AIR,1.4,28.0,102.9,1007.0
566013,2026-10-03 12:08:29,ICE,39.9,516.0,102.5,176.0
566014,2026-10-03 12:08:29,WAT,223.7,2746.0,101.5,728.0
566015,2026-10-03 12:08:29,MAC,7.4,90.0,102.5,1014.0
566016,2026-10-03 12:11:31,AIR,1.4,28.0,102.9,1007.0
566017,2026-10-03 12:11:31,ICE,39.9,516.0,102.5,176.0
566018,2026-10-03 12:11:31,WAT,223.7,2746.0,101.5,728.0
566019,2026-10-03 12:11:31,MAC,7.4,90.0,102.5,1014.0
566020,2026-10-03 12:14:32,AIR,1.4,28.0,102.9,1007.0
566021,2026-10-03 12:14:32,ICE,39.9,516.0,102.5,176.0
566022,2026-10-03 12:14:32,WAT,193.6,2460.0,101.9,732.0
566023,2026-10-03 12:14:32,MAC,7.4,90.0,102.5,1014.0
566024,2026-10-03 12:17:34,AIR,1.4,28.0,102.9,1007.0
566025,2026-10-03 12:17:34,ICE,39.9,516.0,102.5,176.0
566026,2026-10-03 12:17:34,WAT,4.2,65.0,101.5,738.0
566027,2026-10-03 12:17:34,MAC,7.4,90.0,102.5,1014.0
566028,2026-10-03 12:20:35,AIR,1.4,28.0,102.9,1007.0
566029,2026-10-03 12:20:35,ICE,39.9,516.0,102.5,176.0
566030,2026-10-03 12:20:35,WAT,134.6,1877.0,101.6,740.0
566031,2026-10-03 12:20:35,MAC,7.4,90.0,102.5,1014.0
566032,2026-10-03 12:23:37,AIR,1.4,28.0,102.9,1007.0
566033,2026-10-03 12:23:37,ICE,39.9,516.0,102.5,176.0
566034,2026-10-03 12:23:37,WAT,134.6,1877.0,101.6,740.0
566035,2026-10-03 12:23:37,MAC,7.4,90.0,102.5,1014.0
566036,2026-10-03 12:26:38,AIR,1.4,28.0,102.9,1007.0
566037,2026-10-03 12:26:38,ICE,39.9,516.0,102.5,176.0
566038,2026-10-03 12:26:38,WAT,134.6,1877.0,101.6,740.0
566039,2026-10-03 12:26:38,MAC,7.4,90.0,102.5,1014.0
566040,2026-10-03 12:29:40,AIR,1.4,28.0,102.9,1007.0
566041,2026-10-03 12:29:40,ICE,39.9,516.0,102.5,176.0
566042,2026-10-03 12:29:40,WAT,26.0,478.0,101.9,750.0
566043,2026-10-03 12:29:40,MAC,7.4,90.0,102.5,1014.0
566044,2026-10-03 12:32:41,AIR,1.4,28.0,102.9,1007.0
566045,2026-10-03 12:32:41,ICE,39.9,516.0,102.5,176.0
566046,2026-10-03 12:32:41,WAT,70.6,927.0,101.8,753.0
566047,2026-10-03 12:32:41,MAC,7.4,90.0,102.5,1014.0
566048,2026-10-03 12:35:42,AIR,1.4,28.0,102.9,1007.0
566049,2026-10-03 12:35:42,ICE,39.9,516.0,102.5,176.0
566050,2026-10-03 12:35:42,WAT,325.2,3994.0,101.6,756.0
566051,2026-10-03 12:35:42,MAC,7.4,90.0,102.5,1014.0
566052,2026-10-03 12:38:44,AIR,1.4,28.0,102.9,1007.0
566053,2026-10-03 12:38:44,ICE,39.9,516.0,102.5,176.0
566054,2026-10-03 12:38:44,WAT,426.0,5155.0,101.6,758.0
566055,2026-10-03 12:38:44,MAC,7.4,90.0,102.5,1014.0
566056,2026-10-03 12:41:46,AIR,1.4,28.0,102.9,1007.0
566057,2026-10-03 12:41:46,ICE,39.9,516.0,102.5,176.0
566058,2026-10-03 12:41:46,WAT,426.0,5155.0,101.6,758.0
566059,2026-10-03 12:41:46,MAC,7.4,90.0,102.5,1014.0
566060,2026-10-03 12:44:47,AIR,1.4,28.0,102.9,1007.0
566061,2026-10-03 12:44:47,ICE,39.9,516.0,102.5,176.0
566062,2026-10-03 12:44:47,WAT,426.0,5155.0,101.6,758.0
566063,2026-10-03 12:44:47,MAC,7.4,90.0,102.5,1014.0
566064,2026-10-03 12:47:48,AIR,1.4,28.0,102.9,1007.0
566065,2026-10-03 12:47:48,ICE,39.9,516.0,102.5,176.0
566066,2026-10-03 12:47:48,WAT,477.0,5724.0,101.8,765.0
566067,2026-10-03 12:47:48,MAC,7.4,90.0,102.5,1014.0
566068,2026-10-03 12:50:49,AIR,1.4,28.0,102.9,1007.0
566069,2026-10-03 12:50:49,ICE,39.9,516.0,102.5,176.0
566070,2026-10-03 12:50:49,WAT,477.0,5724.0,101.8,765.0
566071,2026-10-03 12:50:49,MAC,7.4,90.0,102.5,1014.0
566072,2026-10-03 12:53:51,AIR,1.4,28.0,102.9,1007.0
566073,2026-10-03 12:53:51,ICE,39.9,516.0,102.5,176.0
566074,2026-10-03 12:53:51,WAT,527.2,6320.0,101.1,773.0
566075,2026-10-03 12:53:51,MAC,7.4,90.0,102.5,1014.0
566076,2026-10-03 12:56:52,AIR,1.4,28.0,102.9,1007.0
566077,2026-10-03 12:56:52,ICE,39.9,516.0,102.5,176.0
566078,2026-10-03 12:56:52,WAT,527.2,6320.0,101.1,773.0
566079,2026-10-03 12:56:52,MAC,7.4,90.0,102.5,1014.0
566080,2026-10-03 12:59:54,AIR,1.4,28.0,102.9,1007.0
566081,2026-10-03 12:59:54,ICE,39.9,516.0,102.5,176.0
566082,2026-10-03 12:59:54,WAT,5.6,55.0,101.9,779.0
566083,2026-10-03 12:59:54,MAC,7.4,90.0,102.5,1014.0
566084,2026-10-03 13:02:55,AIR,1.4,28.0,102.9,1007.0
566085,2026-10-03 13:02:55,ICE,39.9,516.0,102.5,176.0
566086,2026-10-03 13:02:55,WAT,0.0,0.0,101.9,783.0
566087,2026-10-03 13:02:55,MAC,7.4,90.0,102.5,1014.0
566088,2026-10-03 13:05:56,AIR,1.4,28.0,102.9,1007.0
566089,2026-10-03 13:05:56,ICE,39.9,516.0,102.5,176.0
566090,2026-10-03 13:05:56,WAT,0.0,0.0,101.9,783.0
566091,2026-10-03 13:05:56,MAC,7.4,90.0,102.5,1014.0
566092,2026-10-03 13:08:58,AIR,1.4,28.0,102.9,1007.0
566093,2026-10-03 13:08:58,ICE,39.9,516.0,102.5,176.0
566094,2026-10-03 13:08:58,WAT,0.0,0.0,101.9,783.0
566095,2026-10-03 13:08:58,MAC,7.4,90.0,102.5,1014.0
566096,2026-10-03 13:11:59,AIR,1.4,28.0,102.9,1007.0
566097,2026-10-03 13:11:59,ICE,39.9,516.0,102.5,176.0
566098,2026-10-03 13:11:59,WAT,0.0,0.0,101.9,783.0
566099,2026-10-03 13:11:59,MAC,7.4,90.0,102.5,1014.0
566100,2026-10-03 13:15:01,AIR,1.4,28.0,102.9,1007.0
566101,2026-10-03 13:15:01,ICE,39.9,516.0,102.5,176.0
566102,2026-10-03 13:15:01,WAT,0.0,0.0,101.9,783.0
566103,2026-10-03 13:15:01,MAC,7.4,90.0,102.5,1014.0
566104,2026-10-03 13:18:03,AIR,1.4,28.0,102.9,1007.0
566105,2026-10-03 13:18:03,ICE,39.9,516.0,102.5,176.0
566106,2026-10-03 13:18:03,WAT,0.0,0.0,101.9,783.0
566107,2026-10-03 13:18:03,MAC,7.4,90.0,102.5,1014.0
566108,2026-10-03 13:21:05,AIR,1.4,28.0,102.9,1007.0
566109,2026-10-03 13:21:05,ICE,61.6,783.0,102.9,261.0
566110,2026-10-03 13:21:05,WAT,0.0,0.0,101.9,783.0
566111,2026-10-03 13:21:05,MAC,7.4,90.0,102.5,1014.0
566112,2026-10-03 13:24:07,AIR,1.4,28.0,102.9,1007.0
566113,2026-10-03 13:24:07,ICE,61.6,783.0,102.9,261.0
566114,2026-10-03 13:24:07,WAT,0.0,0.0,101.9,783.0
566115,2026-10-03 13:24:07,MAC,7.4,90.0,102.5,1014.0
566116,2026-10-03 13:27:08,AIR,1.4,28.0,102.9,1007.0
566117,2026-10-03 13:27:08,ICE,61.6,783.0,102.9,261.0
566118,2026-10-03 13:27:08,WAT,0.0,0.0,101.9,783.0
566119,2026-10-03 13:27:08,MAC,7.4,90.0,102.5,1014.0
566120,2026-10-03 13:30:10,AIR,1.4,28.0,102.9,1007.0
566121,2026-10-03 13:30:10,ICE,61.6,783.0,102.9,261.0
566122,2026-10-03 13:30:10,WAT,0.0,0.0,101.9,783.0
566123,2026-10-03 13:30:10,MAC,7.4,90.0,102.5,1014.0
566124,2026-10-03 13:33:12,AIR,1.4,28.0,102.9,1007.0
566125,2026-10-03 13:33:12,ICE,61.6,783.0,102.9,261.0
566126,2026-10-03 13:33:12,WAT,0.0,0.0,101.9,783.0
566127,2026-10-03 13:33:12,MAC,7.4,90.0,102.5,1014.0
566128,2026-10-03 13:36:13,AIR,1.4,28.0,102.9,1007.0
566129,2026-10-03 13:36:13,ICE,61.6,783.0,102.9,261.0
566130,2026-10-03 13:36:13,WAT,0.0,0.0,101.9,783.0
566131,2026-10-03 13:36:13,MAC,7.4,90.0,102.5,1014.0
566132,2026-10-03 13:39:15,AIR,1.4,28.0,102.9,1007.0
566133,2026-10-03 13:39:15,ICE,61.6,783.0,102.9,261.0
566134,2026-10-03 13:39:15,WAT,0.0,0.0,101.9,783.0
566135,2026-10-03 13:39:15,MAC,7.4,90.0,102.5,1014.0
566136,2026-10-03 13:42:16,AIR,1.4,28.0,102.9,1007.0
566137,2026-10-03 13:42:16,ICE,61.6,783.0,102.9,261.0
566138,2026-10-03 13:42:16,WAT,0.0,0.0,101.9,783.0
566139,2026-10-03 13:42:16,MAC,7.4,90.0,102.5,1014.0
566140,2026-10-03 13:45:18,AIR,1.4,28.0,102.9,1007.0
566141,2026-10-03 13:45:18,ICE,61.6,783.0,102.9,261.0
566142,2026-10-03 13:45:18,WAT,0.0,0.0,101.9,783.0
566143,2026-10-03 13:45:18,MAC,7.4,90.0,102.5,1014.0
566144,2026-10-03 13:48:19,AIR,1.4,28.0,102.9,1007.0
566145,2026-10-03 13:48:19,ICE,61.6,783.0,102.9,261.0
566146,2026-10-03 13:48:19,WAT,0.0,0.0,101.9,783.0
566147,2026-10-03 13:48:19,MAC,7.4,90.0,102.5,1014.0
566148,2026-10-03 13:51:21,AIR,1.4,28.0,102.9,1007.0
566149,2026-10-03 13:51:21,ICE,61.6,783.0,102.9,261.0
566150,2026-10-03 13:51:21,WAT,0.0,0.0,101.9,783.0
566151,2026-10-03 13:51:21,MAC,7.4,90.0,102.5,1014.0
566152,2026-10-03 13:54:22,AIR,1.4,28.0,102.9,1007.0
566153,2026-10-03 13:54:22,ICE,61.6,783.0,102.9,261.0
566154,2026-10-03 13:54:22,WAT,0.0,0.0,101.9,783.0
566155,2026-10-03 13:54:22,MAC,7.4,90.0,102.5,1014.0
566156,2026-10-03 13:57:24,AIR,1.4,28.0,102.9,1007.0
566157,2026-10-03 13:57:24,ICE,61.6,783.0,102.9,261.0
566158,2026-10-03 13:57:24,WAT,0.0,0.0,101.9,783.0
566159,2026-10-03 13:57:24,MAC,7.4,90.0,102.5,1014.0
566160,2026-10-03 14:00:25,AIR,1.4,28.0,102.9,1007.0
566161,2026-10-03 14:00:25,ICE,61.6,783.0,102.9,261.0
566162,2026-10-03 14:00:25,WAT,0.0,0.0,101.9,783.0
566163,2026-10-03 14:00:25,MAC,7.4,90.0,102.5,1014.0
566164,2026-10-03 14:03:27,AIR,1.4,28.0,102.9,1007.0
566165,2026-10-03 14:03:27,ICE,61.6,783.0,102.9,261.0
566166,2026-10-03 14:03:27,WAT,0.0,0.0,101.9,783.0
566167,2026-10-03 14:03:27,MAC,7.4,90.0,102.5,1014.0
566168,2026-10-03 14:06:29,AIR,1.4,28.0,102.9,1007.0
566169,2026-10-03 14:06:29,ICE,61.6,783.0,102.9,261.0
566170,2026-10-03 14:06:29,WAT,0.0,0.0,101.9,783.0
566171,2026-10-03 14:06:29,MAC,7.4,90.0,102.5,1014.0
566172,2026-10-03 14:09:30,AIR,1.4,28.0,102.9,1007.0
566173,2026-10-03 14:09:30,ICE,61.6,783.0,102.9,261.0
566174,2026-10-03 14:09:30,WAT,0.0,0.0,101.9,783.0
566175,2026-10-03 14:09:30,MAC,7.4,90.0,102.5,1014.0
566176,2026-10-03 14:12:31,AIR,1.4,28.0,102.9,1007.0
566177,2026-10-03 14:12:31,ICE,61.6,783.0,102.9,261.0
566178,2026-10-03 14:12:31,WAT,0.0,0.0,101.9,783.0
566179,2026-10-03 14:12:31,MAC,7.4,90.0,102.5,1014.0
566180,2026-10-03 14:15:33,AIR,1.4,28.0,102.9,1007.0
566181,2026-10-03 14:15:33,ICE,61.6,783.0,102.9,261.0
566182,2026-10-03 14:15:33,WAT,0.0,0.0,101.9,783.0
566183,2026-10-03 14:15:33,MAC,7.4,90.0,102.5,1014.0
566184,2026-10-03 14:18:35,AIR,1.4,28.0,102.9,1007.0
566185,2026-10-03 14:18:35,ICE,61.6,783.0,102.9,261.0
566186,2026-10-03 14:18:35,WAT,0.0,0.0,101.9,783.0
566187,2026-10-03 14:18:35,MAC,7.4,90.0,102.5,1014.0
566188,2026-10-03 14:21:36,AIR,1.4,28.0,102.9,1007.0
566189,2026-10-03 14:21:36,ICE,72.0,900.0,103.1,321.0
566190,2026-10-03 14:21:36,WAT,0.0,0.0,101.9,783.0
566191,2026-10-03 14:21:36,MAC,7.4,90.0,102.5,1014.0
566192,2026-10-03 14:24:37,AIR,1.4,28.0,102.9,1007.0
566193,2026-10-03 14:24:37,ICE,91.5,2094.0,102.5,324.0
566194,2026-10-03 14:24:37,WAT,0.0,0.0,101.9,783.0
566195,2026-10-03 14:24:37,MAC,7.4,90.0,102.5,1014.0
566196,2026-10-03 14:27:38,AIR,1.4,28.0,102.9,1007.0
566197,2026-10-03 14:27:38,ICE,153.7,1500.0,102.4,324.0
566198,2026-10-03 14:27:38,WAT,0.0,0.0,101.9,783.0
566199,2026-10-03 14:27:38,MAC,7.4,90.0,102.5,1014.0
566200,2026-10-03 14:30:40,AIR,1.4,28.0,102.9,1007.0
566201,2026-10-03 14:30:40,ICE,153.7,1500.0,102.4,324.0
566202,2026-10-03 14:30:40,WAT,0.0,0.0,101.9,783.0
566203,2026-10-03 14:30:40,MAC,7.4,90.0,102.5,1014.0
566204,2026-10-03 14:33:41,AIR,1.4,28.0,102.9,1007.0
566205,2026-10-03 14:33:41,ICE,153.7,1500.0,102.4,324.0
566206,2026-10-03 14:33:41,WAT,0.0,0.0,101.9,783.0
566207,2026-10-03 14:33:41,MAC,7.4,90.0,102.5,1014.0
566208,2026-10-03 14:36:43,AIR,1.4,28.0,102.9,1007.0
566209,2026-10-03 14:36:43,ICE,153.7,1500.0,102.4,324.0
566210,2026-10-03 14:36:43,WAT,0.0,0.0,101.9,783.0
566211,2026-10-03 14:36:43,MAC,7.4,90.0,102.5,1014.0
566212,2026-10-03 14:39:44,AIR,1.4,28.0,102.9,1007.0
566213,2026-10-03 14:39:44,ICE,153.7,1500.0,102.4,324.0
566214,2026-10-03 14:39:44,WAT,0.0,0.0,101.9,783.0
566215,2026-10-03 14:39:44,MAC,7.4,90.0,102.5,1014.0
566216,2026-10-03 14:42:45,AIR,1.4,28.0,102.9,1007.0
566217,2026-10-03 14:42:45,ICE,153.7,1500.0,102.4,324.0
566218,2026-10-03 14:42:45,WAT,0.0,0.0,101.9,783.0
566219,2026-10-03 14:42:45,MAC,7.4,90.0,102.5,1014.0
566220,2026-10-03 14:45:49,AIR,1.4,28.0,102.9,1007.0
566221,2026-10-03 14:45:49,ICE,153.7,1500.0,102.4,324.0
566222,2026-10-03 14:45:49,WAT,0.0,0.0,101.9,783.0
566223,2026-10-03 14:45:49,MAC,7.4,90.0,102.5,1014.0
566224,2026-10-03 14:48:50,AIR,1.4,28.0,102.9,1007.0
566225,2026-10-03 14:48:50,ICE,153.7,1500.0,102.4,324.0
566226,2026-10-03 14:48:50,WAT,0.0,0.0,101.9,783.0
566227,2026-10-03 14:48:50,MAC,7.4,90.0,102.5,1014.0
566228,2026-10-03 14:51:51,AIR,1.4,28.0,102.9,1007.0
566229,2026-10-03 14:51:51,ICE,153.7,1500.0,102.4,324.0
566230,2026-10-03 14:51:51,WAT,0.0,0.0,101.9,783.0
566231,2026-10-03 14:51:51,MAC,7.4,90.0,102.5,1014.0
566232,2026-10-03 14:54:53,AIR,1.4,28.0,102.9,1007.0
566233,2026-10-03 14:54:53,ICE,153.7,1500.0,102.4,324.0
566234,2026-10-03 14:54:53,WAT,0.0,0.0,101.9,783.0
566235,2026-10-03 14:54:53,MAC,7.4,90.0,102.5,1014.0
566236,2026-10-03 14:57:55,AIR,1.4,28.0,102.9,1007.0
566237,2026-10-03 14:57:55,ICE,153.7,1500.0,102.4,324.0
566238,2026-10-03 14:57:55,WAT,0.0,0.0,101.9,783.0
566239,2026-10-03 14:57:55,MAC,7.4,90.0,102.5,1014.0
566240,2026-10-03 15:00:56,AIR,1.4,28.0,102.9,1007.0
566241,2026-10-03 15:00:56,ICE,3.0,29.0,103.3,360.0
566242,2026-10-03 15:00:56,WAT,0.0,0.0,101.9,783.0
566243,2026-10-03 15:00:56,MAC,7.4,90.0,102.5,1014.0
566244,2026-10-03 15:03:57,AIR,1.4,28.0,102.9,1007.0
566245,2026-10-03 15:03:57,ICE,61.6,773.0,102.5,362.0
566246,2026-10-03 15:03:57,WAT,0.0,0.0,101.9,783.0
566247,2026-10-03 15:03:57,MAC,7.4,90.0,102.5,1014.0
566248,2026-10-03 15:06:59,AIR,1.4,28.0,102.9,1007.0
566249,2026-10-03 15:06:59,ICE,61.6,773.0,102.5,362.0
566250,2026-10-03 15:06:59,WAT,0.0,0.0,101.9,783.0
566251,2026-10-03 15:06:59,MAC,7.4,90.0,102.5,1014.0
566252,2026-10-03 15:10:00,AIR,1.4,28.0,102.9,1007.0
566253,2026-10-03 15:10:00,ICE,61.6,773.0,102.5,362.0
566254,2026-10-03 15:10:00,WAT,0.0,0.0,101.9,783.0
566255,2026-10-03 15:10:00,MAC,7.4,90.0,102.5,1014.0
566256,2026-10-03 15:13:05,AIR,1.4,28.0,102.9,1007.0
566257,2026-10-03 15:13:05,ICE,61.6,773.0,102.5,362.0
566258,2026-10-03 15:13:05,WAT,0.0,0.0,101.9,783.0
566259,2026-10-03 15:13:05,MAC,7.4,90.0,102.5,1014.0
566260,2026-10-03 15:16:06,AIR,1.4,28.0,102.9,1007.0
566261,2026-10-03 15:16:06,ICE,61.6,773.0,102.5,362.0
566262,2026-10-03 15:16:06,WAT,0.0,0.0,101.9,783.0
566263,2026-10-03 15:16:06,MAC,7.4,90.0,102.5,1014.0
566264,2026-10-03 15:19:08,AIR,1.4,28.0,102.9,1007.0
566265,2026-10-03 15:19:08,ICE,51.5,650.0,103.3,379.0
566266,2026-10-03 15:19:08,WAT,0.0,0.0,101.9,783.0
566267,2026-10-03 15:19:08,MAC,7.4,90.0,102.5,1014.0
566268,2026-10-03 15:22:09,AIR,1.4,28.0,102.9,1007.0
566269,2026-10-03 15:22:09,ICE,51.5,650.0,103.3,379.0
566270,2026-10-03 15:22:09,WAT,0.0,0.0,101.9,783.0
566271,2026-10-03 15:22:09,MAC,7.4,90.0,102.5,1014.0
566272,2026-10-03 15:25:11,AIR,1.4,28.0,102.9,1007.0
566273,2026-10-03 15:25:11,ICE,51.5,650.0,103.3,379.0
566274,2026-10-03 15:25:11,WAT,0.0,0.0,101.9,783.0
566275,2026-10-03 15:25:11,MAC,7.4,90.0,102.5,1014.0
566276,2026-10-03 15:28:12,AIR,1.4,28.0,102.9,1007.0
566277,2026-10-03 15:28:12,ICE,51.5,650.0,103.3,379.0
566278,2026-10-03 15:28:12,WAT,0.0,0.0,101.9,783.0
566279,2026-10-03 15:28:12,MAC,7.4,90.0,102.5,1014.0
566280,2026-10-03 15:31:14,AIR,1.4,28.0,102.9,1007.0
566281,2026-10-03 15:31:14,ICE,51.5,650.0,103.3,379.0
566282,2026-10-03 15:31:14,WAT,0.0,0.0,101.9,783.0
566283,2026-10-03 15:31:14,MAC,7.4,90.0,102.5,1014.0
566284,2026-10-03 15:34:15,AIR,1.4,28.0,102.9,1007.0
566285,2026-10-03 15:34:15,ICE,51.5,650.0,103.3,379.0
566286,2026-10-03 15:34:15,WAT,0.0,0.0,101.9,783.0
566287,2026-10-03 15:34:15,MAC,7.4,90.0,102.5,1014.0
566288,2026-10-03 15:37:17,AIR,1.4,28.0,102.9,1007.0
566289,2026-10-03 15:37:17,ICE,51.5,650.0,103.3,379.0
566290,2026-10-03 15:37:17,WAT,0.0,0.0,101.9,783.0
566291,2026-10-03 15:37:17,MAC,7.4,90.0,102.5,1014.0
566292,2026-10-03 15:40:18,AIR,1.4,28.0,102.9,1007.0
566293,2026-10-03 15:40:18,ICE,51.5,650.0,103.3,379.0
566294,2026-10-03 15:40:18,WAT,0.0,0.0,101.9,783.0
566295,2026-10-03 15:40:18,MAC,7.4,90.0,102.5,1014.0
566296,2026-10-03 15:43:19,AIR,1.4,28.0,102.9,1007.0
566297,2026-10-03 15:43:19,ICE,51.5,650.0,103.3,379.0
566298,2026-10-03 15:43:19,WAT,0.0,0.0,101.9,783.0
566299,2026-10-03 15:43:19,MAC,4.1,65.0,102.9,402.0
566300,2026-10-03 15:46:21,AIR,1.4,28.0,102.9,1007.0
566301,2026-10-03 15:46:21,ICE,51.5,650.0,103.3,379.0
566302,2026-10-03 15:46:21,WAT,0.0,0.0,101.9,783.0
566303,2026-10-03 15:46:21,MAC,4.1,65.0,102.9,402.0
566304,2026-10-03 15:49:22,AIR,1.4,28.0,102.9,1007.0
566305,2026-10-03 15:49:22,ICE,51.5,650.0,103.3,379.0
566306,2026-10-03 15:49:22,WAT,0.0,0.0,101.9,783.0
566307,2026-10-03 15:49:22,MAC,4.1,65.0,102.9,402.0
566308,2026-10-03 15:52:24,AIR,1.4,28.0,102.9,1007.0
566309,2026-10-03 15:52:24,ICE,51.5,650.0,103.3,379.0
566310,2026-10-03 15:52:24,WAT,0.0,0.0,101.9,783.0
566311,2026-10-03 15:52:24,MAC,4.1,65.0,102.9,402.0
566312,2026-10-03 15:55:25,AIR,1.4,28.0,102.9,1007.0
566313,2026-10-03 15:55:25,ICE,51.5,650.0,103.3,379.0
566314,2026-10-03 15:55:25,WAT,0.0,0.0,101.9,783.0
566315,2026-10-03 15:55:25,MAC,4.1,65.0,102.9,402.0
566316,2026-10-03 15:58:26,AIR,1.4,28.0,102.9,1007.0
566317,2026-10-03 15:58:26,ICE,51.5,650.0,103.3,379.0
566318,2026-10-03 15:58:26,WAT,0.0,0.0,101.9,783.0
566319,2026-10-03 15:58:26,MAC,4.1,65.0,102.9,402.0
566320,2026-10-03 16:01:28,AIR,1.4,28.0,102.9,1007.0
566321,2026-10-03 16:01:28,ICE,51.5,650.0,103.3,379.0
566322,2026-10-03 16:01:28,WAT,0.0,0.0,101.9,783.0
566323,2026-10-03 16:01:28,MAC,4.1,65.0,102.9,402.0
566324,2026-10-03 16:04:29,AIR,1.4,28.0,102.9,1007.0
566325,2026-10-03 16:04:29,ICE,51.5,650.0,103.3,379.0
566326,2026-10-03 16:04:29,WAT,0.0,0.0,101.9,783.0
566327,2026-10-03 16:04:29,MAC,4.1,65.0,102.9,402.0
566328,2026-10-03 16:07:31,AIR,1.4,28.0,102.9,1007.0
566329,2026-10-03 16:07:31,ICE,51.5,650.0,103.3,379.0
566330,2026-10-03 16:07:31,WAT,0.0,0.0,101.9,783.0
566331,2026-10-03 16:07:31,MAC,4.1,65.0,102.9,402.0
566332,2026-10-03 16:10:32,AIR,1.4,28.0,102.9,1007.0
566333,2026-10-03 16:10:32,ICE,51.5,650.0,103.3,379.0
566334,2026-10-03 16:10:32,WAT,0.0,0.0,101.9,783.0
566335,2026-10-03 16:10:32,MAC,4.1,65.0,102.9,402.0
566336,2026-10-03 16:13:33,AIR,1.4,28.0,102.9,1007.0
566337,2026-10-03 16:13:33,ICE,51.5,650.0,103.3,379.0
566338,2026-10-03 16:13:33,WAT,0.0,0.0,101.9,783.0
566339,2026-10-03 16:13:33,MAC,4.1,65.0,102.9,402.0
566340,2026-10-03 16:16:35,AIR,1.4,28.0,102.9,1007.0
566341,2026-10-03 16:16:35,ICE,51.5,650.0,103.3,379.0
566342,2026-10-03 16:16:35,WAT,0.0,0.0,101.9,783.0
566343,2026-10-03 16:16:35,MAC,4.1,65.0,102.9,402.0
566344,2026-10-03 16:19:37,AIR,1.4,28.0,102.9,1007.0
566345,2026-10-03 16:19:37,ICE,51.5,650.0,103.3,379.0
566346,2026-10-03 16:19:37,WAT,0.0,0.0,101.9,783.0
566347,2026-10-03 16:19:37,MAC,4.1,65.0,102.9,402.0
566348,2026-10-03 16:22:38,AIR,1.4,28.0,102.9,1007.0
566349,2026-10-03 16:22:38,ICE,51.5,650.0,103.3,379.0
566350,2026-10-03 16:22:38,WAT,0.0,0.0,101.9,783.0
566351,2026-10-03 16:22:38,MAC,4.1,65.0,102.9,402.0
566352,2026-10-03 16:25:40,AIR,1.4,28.0,102.9,1007.0
566353,2026-10-03 16:25:40,ICE,51.5,650.0,103.3,379.0
566354,2026-10-03 16:25:40,WAT,0.0,0.0,101.9,783.0
566355,2026-10-03 16:25:40,MAC,4.1,65.0,102.9,402.0
566356,2026-10-03 16:28:41,AIR,1.4,28.0,102.9,1007.0
566357,2026-10-03 16:28:41,ICE,51.5,650.0,103.3,379.0
566358,2026-10-03 16:28:41,WAT,0.0,0.0,101.9,783.0
566359,2026-10-03 16:28:41,MAC,4.1,65.0,102.9,402.0
566360,2026-10-03 16:31:42,AIR,1.4,28.0,102.9,1007.0
566361,2026-10-03 16:31:42,ICE,51.5,650.0,103.3,379.0
566362,2026-10-03 16:31:42,WAT,0.0,0.0,101.9,783.0
566363,2026-10-03 16:31:42,MAC,4.1,65.0,102.9,402.0
566364,2026-10-03 16:34:44,AIR,1.4,28.0,102.9,1007.0
566365,2026-10-03 16:34:44,ICE,62.5,789.0,103.2,451.0
566366,2026-10-03 16:34:44,WAT,0.0,0.0,101.9,783.0
566367,2026-10-03 16:34:44,MAC,4.1,65.0,102.9,402.0
566368,2026-10-03 16:37:45,AIR,1.4,28.0,102.9,1007.0
566369,2026-10-03 16:37:45,ICE,62.5,789.0,103.2,451.0
566370,2026-10-03 16:37:45,WAT,0.0,0.0,101.9,783.0
566371,2026-10-03 16:37:45,MAC,4.1,65.0,102.9,402.0
566372,2026-10-03 16:40:47,AIR,1.4,28.0,102.9,1007.0
566373,2026-10-03 16:40:47,ICE,62.5,789.0,103.2,451.0
566374,2026-10-03 16:40:47,WAT,0.0,0.0,101.9,783.0
566375,2026-10-03 16:40:47,MAC,4.1,65.0,102.9,402.0
566376,2026-10-03 16:43:48,AIR,1.4,28.0,102.9,1007.0
566377,2026-10-03 16:43:48,ICE,62.5,789.0,103.2,451.0
566378,2026-10-03 16:43:48,WAT,0.0,0.0,101.9,783.0
566379,2026-10-03 16:43:48,MAC,4.1,65.0,102.9,402.0
566380,2026-10-03 16:46:49,AIR,1.4,28.0,102.9,1007.0
566381,2026-10-03 16:46:49,ICE,62.5,789.0,103.2,451.0
566382,2026-10-03 16:46:49,WAT,0.0,0.0,101.9,783.0
566383,2026-10-03 16:46:49,MAC,4.1,65.0,102.9,402.0
566384,2026-10-03 16:49:51,AIR,1.4,28.0,102.9,1007.0
566385,2026-10-03 16:49:51,ICE,62.5,789.0,103.2,451.0
566386,2026-10-03 16:49:51,WAT,0.0,0.0,101.9,783.0
566387,2026-10-03 16:49:51,MAC,4.1,65.0,102.9,402.0
566388,2026-10-03 16:52:52,AIR,1.4,28.0,102.9,1007.0
566389,2026-10-03 16:52:52,ICE,1.5,29.0,103.5,472.0
566390,2026-10-03 16:52:52,WAT,0.0,0.0,101.9,783.0
566391,2026-10-03 16:52:52,MAC,4.1,65.0,102.9,402.0
566392,2026-10-03 16:55:54,AIR,1.4,28.0,102.9,1007.0
566393,2026-10-03 16:55:54,ICE,1.5,29.0,103.5,472.0
566394,2026-10-03 16:55:54,WAT,0.0,0.0,101.9,783.0
566395,2026-10-03 16:55:54,MAC,4.1,65.0,102.9,402.0
566396,2026-10-03 16:58:55,AIR,1.4,28.0,102.9,1007.0
566397,2026-10-03 16:58:55,ICE,39.1,495.0,103.3,479.0
566398,2026-10-03 16:58:55,WAT,0.0,0.0,101.9,783.0
566399,2026-10-03 16:58:55,MAC,4.1,65.0,102.9,402.0
566400,2026-10-03 17:01:56,AIR,1.4,28.0,102.9,1007.0
566401,2026-10-03 17:01:56,ICE,39.1,495.0,103.3,479.0
566402,2026-10-03 17:01:56,WAT,0.0,0.0,101.9,783.0
566403,2026-10-03 17:01:56,MAC,4.1,65.0,102.9,402.0
566404,2026-10-03 17:04:58,AIR,1.4,28.0,102.9,1007.0
566405,2026-10-03 17:04:58,ICE,39.1,495.0,103.3,479.0
566406,2026-10-03 17:04:58,WAT,0.0,0.0,101.9,783.0
566407,2026-10-03 17:04:58,MAC,4.1,65.0,102.9,402.0
566408,2026-10-03 17:07:59,AIR,1.4,28.0,102.9,1007.0
566409,2026-10-03 17:07:59,ICE,39.1,495.0,103.3,479.0
566410,2026-10-03 17:07:59,WAT,0.0,0.0,101.9,783.0
566411,2026-10-03 17:07:59,MAC,4.1,65.0,102.9,402.0
566412,2026-10-03 17:11:01,AIR,1.4,28.0,102.9,1007.0
566413,2026-10-03 17:11:01,ICE,39.1,495.0,103.3,479.0
566414,2026-10-03 17:11:01,WAT,0.0,0.0,101.9,783.0
566415,2026-10-03 17:11:01,MAC,4.1,65.0,102.9,402.0
566416,2026-10-03 17:14:02,AIR,1.4,28.0,102.9,1007.0
566417,2026-10-03 17:14:02,ICE,39.1,495.0,103.3,479.0
566418,2026-10-03 17:14:02,WAT,0.0,0.0,101.9,783.0
566419,2026-10-03 17:14:02,MAC,4.1,65.0,102.9,402.0
566420,2026-10-03 17:17:04,AIR,1.4,28.0,102.9,1007.0
566421,2026-10-03 17:17:04,ICE,39.1,495.0,103.3,479.0
566422,2026-10-03 17:17:04,WAT,0.0,0.0,101.9,783.0
566423,2026-10-03 17:17:04,MAC,4.1,65.0,102.9,402.0
566424,2026-10-03 17:20:06,AIR,1.4,28.0,102.9,1007.0
566425,2026-10-03 17:20:06,ICE,39.1,495.0,103.3,479.0
566426,2026-10-03 17:20:06,WAT,0.0,0.0,101.9,783.0
566427,2026-10-03 17:20:06,MAC,4.1,65.0,102.9,402.0
566428,2026-10-03 17:23:07,AIR,1.4,28.0,102.9,1007.0
566429,2026-10-03 17:23:07,ICE,39.1,495.0,103.3,479.0
566430,2026-10-03 17:23:07,WAT,0.0,0.0,101.9,783.0
566431,2026-10-03 17:23:07,MAC,4.1,65.0,102.9,402.0
566432,2026-10-03 17:26:09,AIR,1.4,28.0,102.9,1007.0
566433,2026-10-03 17:26:09,ICE,39.1,495.0,103.3,479.0
566434,2026-10-03 17:26:09,WAT,0.0,0.0,101.9,783.0
566435,2026-10-03 17:26:09,MAC,4.1,65.0,102.9,402.0
566436,2026-10-03 17:29:12,AIR,1.4,28.0,102.9,1007.0
566437,2026-10-03 17:29:12,ICE,39.1,495.0,103.3,479.0
566438,2026-10-03 17:29:12,WAT,0.0,0.0,101.9,783.0
566439,2026-10-03 17:29:12,MAC,4.1,65.0,102.9,402.0
566440,2026-10-03 17:32:13,AIR,1.4,28.0,102.9,1007.0
566441,2026-10-03 17:32:13,ICE,39.1,495.0,103.3,479.0
566442,2026-10-03 17:32:13,WAT,0.0,0.0,101.9,783.0
566443,2026-10-03 17:32:13,MAC,4.1,65.0,102.9,402.0
566444,2026-10-03 17:35:15,AIR,1.4,28.0,102.9,1007.0
566445,2026-10-03 17:35:15,ICE,39.1,495.0,103.3,479.0
566446,2026-10-03 17:35:15,WAT,0.0,0.0,101.9,783.0
566447,2026-10-03 17:35:15,MAC,4.1,65.0,102.9,402.0
566448,2026-10-03 17:38:16,AIR,1.4,28.0,102.9,1007.0
566449,2026-10-03 17:38:16,ICE,39.1,495.0,103.3,479.0
566450,2026-10-03 17:38:16,WAT,0.0,0.0,101.9,783.0
566451,2026-10-03 17:38:16,MAC,4.1,65.0,102.9,402.0
566452,2026-10-03 17:41:18,AIR,1.4,28.0,102.9,1007.0
566453,2026-10-03 17:41:18,ICE,39.1,495.0,103.3,479.0
566454,2026-10-03 17:41:18,WAT,0.0,0.0,101.9,783.0
566455,2026-10-03 17:41:18,MAC,4.1,65.0,102.9,402.0
566456,2026-10-03 17:44:19,AIR,1.4,28.0,102.9,1007.0
566457,2026-10-03 17:44:19,ICE,39.1,495.0,103.3,479.0
566458,2026-10-03 17:44:19,WAT,0.0,0.0,101.9,783.0
566459,2026-10-03 17:44:19,MAC,4.1,65.0,102.9,402.0
566460,2026-10-03 17:47:20,AIR,1.4,28.0,102.9,1007.0
566461,2026-10-03 17:47:20,ICE,39.1,495.0,103.3,479.0
566462,2026-10-03 17:47:20,WAT,0.0,0.0,101.9,783.0
566463,2026-10-03 17:47:20,MAC,4.1,65.0,102.9,402.0
566464,2026-10-03 17:50:19,AIR,1.4,28.0,102.9,1007.0
566465,2026-10-03 17:50:19,ICE,39.1,495.0,103.3,479.0
566466,2026-10-03 17:50:19,WAT,0.0,0.0,101.9,783.0
566467,2026-10-03 17:50:19,MAC,4.1,65.0,102.9,402.0
566468,2026-10-03 17:53:21,AIR,1.4,28.0,102.9,1007.0
566469,2026-10-03 17:53:21,ICE,39.1,495.0,103.3,479.0
566470,2026-10-03 17:53:21,WAT,0.0,0.0,101.9,783.0
566471,2026-10-03 17:53:21,MAC,4.1,65.0,102.9,402.0
566472,2026-10-03 17:56:22,AIR,1.4,28.0,102.9,1007.0
566473,2026-10-03 17:56:22,ICE,39.1,495.0,103.3,479.0
566474,2026-10-03 17:56:22,WAT,0.0,0.0,101.9,783.0
566475,2026-10-03 17:56:22,MAC,4.1,65.0,102.9,402.0
566476,2026-10-03 17:59:24,AIR,1.4,28.0,102.9,1007.0
566477,2026-10-03 17:59:24,ICE,39.1,495.0,103.3,479.0
566478,2026-10-03 17:59:24,WAT,0.0,0.0,101.9,783.0
566479,2026-10-03 17:59:24,MAC,4.1,65.0,102.9,402.0
566480,2026-10-03 18:02:25,AIR,1.4,28.0,102.9,1007.0
566481,2026-10-03 18:02:25,ICE,39.1,495.0,103.3,479.0
566482,2026-10-03 18:02:25,WAT,0.0,0.0,101.9,783.0
566483,2026-10-03 18:02:25,MAC,4.1,65.0,102.9,402.0
566484,2026-10-03 18:05:29,AIR,1.4,28.0,102.9,1007.0
566485,2026-10-03 18:05:29,ICE,39.1,495.0,103.3,479.0
566486,2026-10-03 18:05:29,WAT,0.0,0.0,101.9,783.0
566487,2026-10-03 18:05:29,MAC,4.1,65.0,102.9,402.0
566488,2026-10-03 18:08:30,AIR,1.4,28.0,102.9,1007.0
566489,2026-10-03 18:08:30,ICE,62.4,784.0,103.3,548.0
566490,2026-10-03 18:08:30,WAT,0.0,0.0,101.9,783.0
566491,2026-10-03 18:08:30,MAC,4.1,65.0,102.9,402.0
566492,2026-10-03 18:11:31,AIR,1.4,28.0,102.9,1007.0
566493,2026-10-03 18:11:31,ICE,62.4,784.0,103.3,548.0
566494,2026-10-03 18:11:31,WAT,0.0,0.0,101.9,783.0
566495,2026-10-03 18:11:31,MAC,4.1,65.0,102.9,402.0
566496,2026-10-03 18:14:33,AIR,1.4,28.0,102.9,1007.0
566497,2026-10-03 18:14:33,ICE,62.4,784.0,103.3,548.0
566498,2026-10-03 18:14:33,WAT,0.0,0.0,101.9,783.0
566499,2026-10-03 18:14:33,MAC,4.1,65.0,102.9,402.0
566500,2026-10-03 18:17:34,AIR,1.4,28.0,102.9,1007.0
566501,2026-10-03 18:17:34,ICE,62.4,784.0,103.3,548.0
566502,2026-10-03 18:17:34,WAT,0.0,0.0,101.9,783.0
566503,2026-10-03 18:17:34,MAC,4.1,65.0,102.9,402.0
566504,2026-10-03 18:20:36,AIR,1.4,28.0,102.9,1007.0
566505,2026-10-03 18:20:36,ICE,62.4,784.0,103.3,548.0
566506,2026-10-03 18:20:36,WAT,0.0,0.0,101.9,783.0
566507,2026-10-03 18:20:36,MAC,4.1,65.0,102.9,402.0
566508,2026-10-03 18:23:37,AIR,1.4,28.0,102.9,1007.0
566509,2026-10-03 18:23:37,ICE,62.4,784.0,103.3,548.0
566510,2026-10-03 18:23:37,WAT,0.0,0.0,101.9,783.0
566511,2026-10-03 18:23:37,MAC,4.1,65.0,102.9,402.0
566512,2026-10-03 18:26:39,AIR,1.4,28.0,102.9,1007.0
566513,2026-10-03 18:26:39,ICE,62.4,784.0,103.3,548.0
566514,2026-10-03 18:26:39,WAT,0.0,0.0,101.9,783.0
566515,2026-10-03 18:26:39,MAC,4.1,65.0,102.9,402.0
566516,2026-10-03 18:29:40,AIR,1.4,28.0,102.9,1007.0
566517,2026-10-03 18:29:40,ICE,62.4,784.0,103.3,548.0
566518,2026-10-03 18:29:40,WAT,0.0,0.0,101.9,783.0
566519,2026-10-03 18:29:40,MAC,4.1,65.0,102.9,402.0
566520,2026-10-03 18:32:42,AIR,1.4,28.0,102.9,1007.0
566521,2026-10-03 18:32:42,ICE,62.4,784.0,103.3,548.0
566522,2026-10-03 18:32:42,WAT,0.0,0.0,101.9,783.0
566523,2026-10-03 18:32:42,MAC,4.1,65.0,102.9,402.0
566524,2026-10-03 18:35:43,AIR,1.4,28.0,102.9,1007.0
566525,2026-10-03 18:35:43,ICE,62.4,784.0,103.3,548.0
566526,2026-10-03 18:35:43,WAT,0.0,0.0,101.9,783.0
566527,2026-10-03 18:35:43,MAC,4.1,65.0,102.9,402.0
566528,2026-10-03 18:38:45,AIR,1.4,28.0,102.9,1007.0
566529,2026-10-03 18:38:45,ICE,62.4,784.0,103.3,548.0
566530,2026-10-03 18:38:45,WAT,0.0,0.0,101.9,783.0
566531,2026-10-03 18:38:45,MAC,4.1,65.0,102.9,402.0
566532,2026-10-03 18:41:46,AIR,1.4,28.0,102.9,1007.0
566533,2026-10-03 18:41:46,ICE,62.4,784.0,103.3,548.0
566534,2026-10-03 18:41:46,WAT,0.0,0.0,101.9,783.0
566535,2026-10-03 18:41:46,MAC,4.1,65.0,102.9,402.0
566536,2026-10-03 18:44:48,AIR,1.4,28.0,102.9,1007.0
566537,2026-10-03 18:44:48,ICE,62.4,784.0,103.3,548.0
566538,2026-10-03 18:44:48,WAT,0.0,0.0,101.9,783.0
566539,2026-10-03 18:44:48,MAC,4.1,65.0,102.9,402.0
566540,2026-10-03 18:47:49,AIR,1.4,28.0,102.9,1007.0
566541,2026-10-03 18:47:49,ICE,62.4,784.0,103.3,548.0
566542,2026-10-03 18:47:49,WAT,0.0,0.0,101.9,783.0
566543,2026-10-03 18:47:49,MAC,4.1,65.0,102.9,402.0
566544,2026-10-03 18:50:51,AIR,1.4,28.0,102.9,1007.0
566545,2026-10-03 18:50:51,ICE,62.4,784.0,103.3,548.0
566546,2026-10-03 18:50:51,WAT,0.0,0.0,101.9,783.0
566547,2026-10-03 18:50:51,MAC,4.1,65.0,102.9,402.0
566548,2026-10-03 18:53:52,AIR,1.4,28.0,102.9,1007.0
566549,2026-10-03 18:53:52,ICE,62.4,784.0,103.3,548.0
566550,2026-10-03 18:53:52,WAT,0.0,0.0,101.9,783.0
566551,2026-10-03 18:53:52,MAC,4.1,65.0,102.9,402.0
566552,2026-10-03 18:56:53,AIR,1.4,28.0,102.9,1007.0
566553,2026-10-03 18:56:53,ICE,62.4,784.0,103.3,548.0
566554,2026-10-03 18:56:53,WAT,0.0,0.0,101.9,783.0
566555,2026-10-03 18:56:53,MAC,4.1,65.0,102.9,402.0
566556,2026-10-03 18:59:55,AIR,1.4,28.0,102.9,1007.0
566557,2026-10-03 18:59:55,ICE,62.4,784.0,103.3,548.0
566558,2026-10-03 18:59:55,WAT,0.0,0.0,101.9,783.0
566559,2026-10-03 18:59:55,MAC,4.1,65.0,102.9,402.0
566560,2026-10-03 19:02:56,AIR,1.4,28.0,102.9,1007.0
566561,2026-10-03 19:02:56,ICE,62.4,784.0,103.3,548.0
566562,2026-10-03 19:02:56,WAT,0.0,0.0,101.9,783.0
566563,2026-10-03 19:02:56,MAC,4.1,65.0,102.9,402.0
566564,2026-10-03 19:05:58,AIR,1.4,28.0,102.9,1007.0
566565,2026-10-03 19:05:58,ICE,62.4,784.0,103.3,548.0
566566,2026-10-03 19:05:58,WAT,0.0,0.0,101.9,783.0
566567,2026-10-03 19:05:58,MAC,4.1,65.0,102.9,402.0
566568,2026-10-03 19:08:59,AIR,1.4,28.0,102.9,1007.0
566569,2026-10-03 19:08:59,ICE,84.1,1028.0,103.8,608.0
566570,2026-10-03 19:08:59,WAT,0.0,0.0,101.9,783.0
566571,2026-10-03 19:08:59,MAC,4.1,65.0,102.9,402.0
566572,2026-10-03 19:12:00,AIR,1.4,28.0,102.9,1007.0
566573,2026-10-03 19:12:00,ICE,84.1,1028.0,103.8,608.0
566574,2026-10-03 19:12:00,WAT,0.0,0.0,101.9,783.0
566575,2026-10-03 19:12:00,MAC,4.1,65.0,102.9,402.0
566576,2026-10-03 19:15:03,AIR,1.4,28.0,102.9,1007.0
566577,2026-10-03 19:15:03,ICE,84.1,1028.0,103.8,608.0
566578,2026-10-03 19:15:03,WAT,0.0,0.0,101.9,783.0
566579,2026-10-03 19:15:03,MAC,4.1,65.0,102.9,402.0
566580,2026-10-03 19:18:04,AIR,1.4,28.0,102.9,1007.0
566581,2026-10-03 19:18:04,ICE,73.4,898.0,103.8,618.0
566582,2026-10-03 19:18:04,WAT,0.0,0.0,101.9,783.0
566583,2026-10-03 19:18:04,MAC,4.1,65.0,102.9,402.0
566584,2026-10-03 19:21:06,AIR,1.4,28.0,102.9,1007.0
566585,2026-10-03 19:21:06,ICE,73.4,898.0,103.8,618.0
566586,2026-10-03 19:21:06,WAT,0.0,0.0,101.9,783.0
566587,2026-10-03 19:21:06,MAC,4.1,65.0,102.9,402.0
566588,2026-10-03 19:24:07,AIR,1.4,28.0,102.9,1007.0
566589,2026-10-03 19:24:07,ICE,73.4,898.0,103.8,618.0
566590,2026-10-03 19:24:07,WAT,0.0,0.0,101.9,783.0
566591,2026-10-03 19:24:07,MAC,4.1,65.0,102.9,402.0
566592,2026-10-03 19:27:09,AIR,1.4,28.0,102.9,1007.0
566593,2026-10-03 19:27:09,ICE,73.4,898.0,103.8,618.0
566594,2026-10-03 19:27:09,WAT,0.0,0.0,101.9,783.0
566595,2026-10-03 19:27:09,MAC,4.1,65.0,102.9,402.0
566596,2026-10-03 19:30:10,AIR,1.4,28.0,102.9,1007.0
566597,2026-10-03 19:30:10,ICE,73.4,898.0,103.8,618.0
566598,2026-10-03 19:30:10,WAT,0.0,0.0,101.9,783.0
566599,2026-10-03 19:30:10,MAC,4.1,65.0,102.9,402.0
566600,2026-10-03 19:33:12,AIR,1.4,28.0,102.9,1007.0
566601,2026-10-03 19:33:12,ICE,73.4,898.0,103.8,618.0
566602,2026-10-03 19:33:12,WAT,0.0,0.0,101.9,783.0
566603,2026-10-03 19:33:12,MAC,4.1,65.0,102.9,402.0
566604,2026-10-03 19:36:13,AIR,1.4,28.0,102.9,1007.0
566605,2026-10-03 19:36:13,ICE,3.0,29.0,103.8,634.0
566606,2026-10-03 19:36:13,WAT,0.0,0.0,101.9,783.0
566607,2026-10-03 19:36:13,MAC,4.1,65.0,102.9,402.0
566608,2026-10-03 19:39:15,AIR,1.4,28.0,102.9,1007.0
566609,2026-10-03 19:39:15,ICE,3.0,29.0,103.8,634.0
566610,2026-10-03 19:39:15,WAT,0.0,0.0,101.9,783.0
566611,2026-10-03 19:39:15,MAC,4.1,65.0,102.9,402.0
566612,2026-10-03 19:42:16,AIR,1.4,28.0,102.9,1007.0
566613,2026-10-03 19:42:16,ICE,3.0,29.0,103.8,634.0
566614,2026-10-03 19:42:16,WAT,0.0,0.0,101.9,783.0
566615,2026-10-03 19:42:16,MAC,4.1,65.0,102.9,402.0
566616,2026-10-03 19:45:18,AIR,1.4,28.0,102.9,1007.0
566617,2026-10-03 19:45:18,ICE,3.0,29.0,103.8,634.0
566618,2026-10-03 19:45:18,WAT,0.0,0.0,101.9,783.0
566619,2026-10-03 19:45:18,MAC,4.1,65.0,102.9,402.0
566620,2026-10-03 19:48:19,AIR,1.4,28.0,102.9,1007.0
566621,2026-10-03 19:48:19,ICE,51.6,660.0,103.7,648.0
566622,2026-10-03 19:48:19,WAT,0.0,0.0,101.9,783.0
566623,2026-10-03 19:48:19,MAC,4.1,65.0,102.9,402.0
566624,2026-10-03 19:51:21,AIR,1.4,28.0,102.9,1007.0
566625,2026-10-03 19:51:21,ICE,61.9,780.0,103.7,649.0
566626,2026-10-03 19:51:21,WAT,0.0,0.0,101.9,783.0
566627,2026-10-03 19:51:21,MAC,4.1,65.0,102.9,402.0
566628,2026-10-03 19:54:22,AIR,1.4,28.0,102.9,1007.0
566629,2026-10-03 19:54:22,ICE,61.9,780.0,103.7,649.0
566630,2026-10-03 19:54:22,WAT,0.0,0.0,101.9,783.0
566631,2026-10-03 19:54:22,MAC,4.1,65.0,102.9,402.0
566632,2026-10-03 19:57:23,AIR,1.4,28.0,102.9,1007.0
566633,2026-10-03 19:57:23,ICE,61.9,780.0,103.7,649.0
566634,2026-10-03 19:57:23,WAT,0.0,0.0,101.9,783.0
566635,2026-10-03 19:57:23,MAC,4.1,65.0,102.9,402.0
566636,2026-10-03 20:00:25,AIR,1.4,28.0,102.9,1007.0
566637,2026-10-03 20:00:25,ICE,61.9,780.0,103.7,649.0
566638,2026-10-03 20:00:25,WAT,0.0,0.0,101.9,783.0
566639,2026-10-03 20:00:25,MAC,4.1,65.0,102.9,402.0
566640,2026-10-03 20:03:26,AIR,1.4,28.0,102.9,1007.0
566641,2026-10-03 20:03:26,ICE,61.9,780.0,103.7,649.0
566642,2026-10-03 20:03:26,WAT,0.0,0.0,101.9,783.0
566643,2026-10-03 20:03:26,MAC,4.1,65.0,102.9,402.0
566644,2026-10-03 20:06:28,AIR,1.4,28.0,102.9,1007.0
566645,2026-10-03 20:06:28,ICE,61.9,780.0,103.7,649.0
566646,2026-10-03 20:06:28,WAT,0.0,0.0,101.9,783.0
566647,2026-10-03 20:06:28,MAC,4.1,65.0,102.9,402.0
566648,2026-10-03 20:09:29,AIR,1.4,28.0,102.9,1007.0
566649,2026-10-03 20:09:29,ICE,61.9,780.0,103.7,649.0
566650,2026-10-03 20:09:29,WAT,0.0,0.0,101.9,783.0
566651,2026-10-03 20:09:29,MAC,4.1,65.0,102.9,402.0
566652,2026-10-03 20:12:31,AIR,1.4,28.0,102.9,1007.0
566653,2026-10-03 20:12:31,ICE,61.9,780.0,103.7,649.0
566654,2026-10-03 20:12:31,WAT,0.0,0.0,101.9,783.0
566655,2026-10-03 20:12:31,MAC,4.1,65.0,102.9,402.0
566656,2026-10-03 20:15:32,AIR,1.4,28.0,102.9,1007.0
566657,2026-10-03 20:15:32,ICE,61.9,780.0,103.7,649.0
566658,2026-10-03 20:15:32,WAT,0.0,0.0,101.9,783.0
566659,2026-10-03 20:15:32,MAC,4.1,65.0,102.9,402.0
566660,2026-10-03 20:18:33,AIR,1.4,28.0,102.9,1007.0
566661,2026-10-03 20:18:33,ICE,61.9,780.0,103.7,649.0
566662,2026-10-03 20:18:33,WAT,0.0,0.0,101.9,783.0
566663,2026-10-03 20:18:33,MAC,4.1,65.0,102.9,402.0
566664,2026-10-03 20:21:35,AIR,1.4,28.0,102.9,1007.0
566665,2026-10-03 20:21:35,ICE,61.9,780.0,103.7,649.0
566666,2026-10-03 20:21:35,WAT,0.0,0.0,101.9,783.0
566667,2026-10-03 20:21:35,MAC,4.1,65.0,102.9,402.0
566668,2026-10-03 20:24:36,AIR,1.4,28.0,102.9,1007.0
566669,2026-10-03 20:24:36,ICE,61.9,780.0,103.7,649.0
566670,2026-10-03 20:24:36,WAT,0.0,0.0,101.9,783.0
566671,2026-10-03 20:24:36,MAC,4.1,65.0,102.9,402.0
566672,2026-10-03 20:27:37,AIR,1.4,28.0,102.9,1007.0
566673,2026-10-03 20:27:37,ICE,61.9,780.0,103.7,649.0
566674,2026-10-03 20:27:37,WAT,0.0,0.0,101.9,783.0
566675,2026-10-03 20:27:37,MAC,4.1,65.0,102.9,402.0
566676,2026-10-03 20:30:39,AIR,1.4,28.0,102.9,1007.0
566677,2026-10-03 20:30:39,ICE,61.9,780.0,103.7,649.0
566678,2026-10-03 20:30:39,WAT,0.0,0.0,101.9,783.0
566679,2026-10-03 20:30:39,MAC,4.1,65.0,102.9,402.0
566680,2026-10-03 20:33:41,AIR,1.4,28.0,102.9,1007.0
566681,2026-10-03 20:33:41,ICE,61.9,780.0,103.7,649.0
566682,2026-10-03 20:33:41,WAT,0.0,0.0,101.9,783.0
566683,2026-10-03 20:33:41,MAC,4.1,65.0,102.9,402.0
566684,2026-10-03 20:36:42,AIR,1.4,28.0,102.9,1007.0
566685,2026-10-03 20:36:42,ICE,61.9,780.0,103.7,649.0
566686,2026-10-03 20:36:42,WAT,0.0,0.0,101.9,783.0
566687,2026-10-03 20:36:42,MAC,4.1,65.0,102.9,402.0
566688,2026-10-03 20:39:43,AIR,1.4,28.0,102.9,1007.0
566689,2026-10-03 20:39:43,ICE,61.9,780.0,103.7,649.0
566690,2026-10-03 20:39:43,WAT,0.0,0.0,101.9,783.0
566691,2026-10-03 20:39:43,MAC,4.1,65.0,102.9,402.0
566692,2026-10-03 20:42:44,AIR,1.4,28.0,102.9,1007.0
566693,2026-10-03 20:42:44,ICE,61.9,780.0,103.7,649.0
566694,2026-10-03 20:42:44,WAT,0.0,0.0,101.9,783.0
566695,2026-10-03 20:42:44,MAC,4.1,65.0,102.9,402.0
566696,2026-10-03 20:45:46,AIR,1.4,28.0,102.9,1007.0
566697,2026-10-03 20:45:46,ICE,61.9,780.0,103.7,649.0
566698,2026-10-03 20:45:46,WAT,0.0,0.0,101.9,783.0
566699,2026-10-03 20:45:46,MAC,4.1,65.0,102.9,402.0
566700,2026-10-03 20:48:47,AIR,1.4,28.0,102.9,1007.0
566701,2026-10-03 20:48:47,ICE,73.3,908.0,103.2,708.0
566702,2026-10-03 20:48:47,WAT,0.0,0.0,101.9,783.0
566703,2026-10-03 20:48:47,MAC,4.1,65.0,102.9,402.0
566704,2026-10-03 20:51:48,AIR,1.4,28.0,102.9,1007.0
566705,2026-10-03 20:51:48,ICE,73.3,908.0,103.2,708.0
566706,2026-10-03 20:51:48,WAT,0.0,0.0,101.9,783.0
566707,2026-10-03 20:51:48,MAC,4.1,65.0,102.9,402.0
566708,2026-10-03 20:54:50,AIR,1.4,28.0,102.9,1007.0
566709,2026-10-03 20:54:50,ICE,73.3,908.0,103.2,708.0
566710,2026-10-03 20:54:50,WAT,0.0,0.0,101.9,783.0
566711,2026-10-03 20:54:50,MAC,4.1,65.0,102.9,402.0
566712,2026-10-03 20:57:51,AIR,1.4,28.0,102.9,1007.0
566713,2026-10-03 20:57:51,ICE,73.3,908.0,103.2,708.0
566714,2026-10-03 20:57:51,WAT,0.0,0.0,101.9,783.0
566715,2026-10-03 20:57:51,MAC,4.1,65.0,102.9,402.0
566716,2026-10-03 21:00:53,AIR,1.4,28.0,102.9,1007.0
566717,2026-10-03 21:00:53,ICE,73.3,908.0,103.2,708.0
566718,2026-10-03 21:00:53,WAT,0.0,0.0,101.9,783.0
566719,2026-10-03 21:00:53,MAC,4.1,65.0,102.9,402.0
566720,2026-10-03 21:03:54,AIR,1.4,28.0,102.9,1007.0
566721,2026-10-03 21:03:54,ICE,73.3,908.0,103.2,708.0
566722,2026-10-03 21:03:54,WAT,0.0,0.0,101.9,783.0
566723,2026-10-03 21:03:54,MAC,4.1,65.0,102.9,402.0
566724,2026-10-03 21:06:56,AIR,1.4,28.0,102.9,1007.0
566725,2026-10-03 21:06:56,ICE,73.3,908.0,103.2,708.0
566726,2026-10-03 21:06:56,WAT,0.0,0.0,101.9,783.0
566727,2026-10-03 21:06:56,MAC,4.1,65.0,102.9,402.0
566728,2026-10-03 21:09:57,AIR,1.4,28.0,102.9,1007.0
566729,2026-10-03 21:09:57,ICE,73.3,908.0,103.2,708.0
566730,2026-10-03 21:09:57,WAT,0.0,0.0,101.9,783.0
566731,2026-10-03 21:09:57,MAC,4.1,65.0,102.9,402.0
566732,2026-10-03 21:12:59,AIR,1.4,28.0,102.9,1007.0
566733,2026-10-03 21:12:59,ICE,73.3,908.0,103.2,708.0
566734,2026-10-03 21:12:59,WAT,0.0,0.0,101.9,783.0
566735,2026-10-03 21:12:59,MAC,4.1,65.0,102.9,402.0
566736,2026-10-03 21:16:00,AIR,1.4,28.0,102.9,1007.0
566737,2026-10-03 21:16:00,ICE,73.3,908.0,103.2,708.0
566738,2026-10-03 21:16:00,WAT,0.0,0.0,101.9,783.0
566739,2026-10-03 21:16:00,MAC,4.1,65.0,102.9,402.0
566740,2026-10-03 21:19:02,AIR,1.4,28.0,102.9,1007.0
566741,2026-10-03 21:19:02,ICE,73.3,908.0,103.2,708.0
566742,2026-10-03 21:19:02,WAT,0.0,0.0,101.9,783.0
566743,2026-10-03 21:19:02,MAC,36.1,542.0,102.5,737.0
566744,2026-10-03 21:22:03,AIR,1.4,28.0,102.9,1007.0
566745,2026-10-03 21:22:03,ICE,73.3,908.0,103.2,708.0
566746,2026-10-03 21:22:03,WAT,0.0,0.0,101.9,783.0
566747,2026-10-03 21:22:03,MAC,36.1,542.0,102.5,737.0
566748,2026-10-03 21:25:05,AIR,1.4,28.0,102.9,1007.0
566749,2026-10-03 21:25:05,ICE,73.3,908.0,103.2,708.0
566750,2026-10-03 21:25:05,WAT,0.0,0.0,101.9,783.0
566751,2026-10-03 21:25:05,MAC,36.1,542.0,102.5,737.0
566752,2026-10-03 21:28:06,AIR,1.4,28.0,102.9,1007.0
566753,2026-10-03 21:28:06,ICE,3.0,29.0,103.3,745.0
566754,2026-10-03 21:28:06,WAT,0.0,0.0,101.9,783.0
566755,2026-10-03 21:28:06,MAC,36.1,542.0,102.5,737.0
566756,2026-10-03 21:31:08,AIR,1.4,28.0,102.9,1007.0
566757,2026-10-03 21:31:08,ICE,3.0,29.0,103.3,745.0
566758,2026-10-03 21:31:08,WAT,0.0,0.0,101.9,783.0
566759,2026-10-03 21:31:08,MAC,36.1,542.0,102.5,737.0
566760,2026-10-03 21:34:10,AIR,1.4,28.0,102.9,1007.0
566761,2026-10-03 21:34:10,ICE,3.0,29.0,103.3,745.0
566762,2026-10-03 21:34:10,WAT,0.0,0.0,101.9,783.0
566763,2026-10-03 21:34:10,MAC,36.1,542.0,102.5,737.0
566764,2026-10-03 21:37:11,AIR,1.4,28.0,102.9,1007.0
566765,2026-10-03 21:37:11,ICE,3.0,29.0,103.3,745.0
566766,2026-10-03 21:37:11,WAT,0.0,0.0,101.9,783.0
566767,2026-10-03 21:37:11,MAC,36.1,542.0,102.5,737.0
566768,2026-10-03 21:40:12,AIR,1.4,28.0,102.9,1007.0
566769,2026-10-03 21:40:12,ICE,46.8,601.0,103.5,759.0
566770,2026-10-03 21:40:12,WAT,0.0,0.0,101.9,783.0
566771,2026-10-03 21:40:12,MAC,36.1,542.0,102.5,737.0
566772,2026-10-03 21:43:14,AIR,1.4,28.0,102.9,1007.0
566773,2026-10-03 21:43:14,ICE,59.6,756.0,103.3,760.0
566774,2026-10-03 21:43:14,WAT,0.0,0.0,101.9,783.0
566775,2026-10-03 21:43:14,MAC,36.1,542.0,102.5,737.0
566776,2026-10-03 21:46:15,AIR,1.4,28.0,102.9,1007.0
566777,2026-10-03 21:46:15,ICE,59.6,756.0,103.3,760.0
566778,2026-10-03 21:46:15,WAT,0.0,0.0,101.9,783.0
566779,2026-10-03 21:46:15,MAC,36.1,542.0,102.5,737.0
566780,2026-10-03 21:49:17,AIR,1.4,28.0,102.9,1007.0
566781,2026-10-03 21:49:17,ICE,59.6,756.0,103.3,760.0
566782,2026-10-03 21:49:17,WAT,0.0,0.0,101.9,783.0
566783,2026-10-03 21:49:17,MAC,36.1,542.0,102.5,737.0
566784,2026-10-03 21:52:18,AIR,1.4,28.0,102.9,1007.0
566785,2026-10-03 21:52:18,ICE,59.6,756.0,103.3,760.0
566786,2026-10-03 21:52:18,WAT,0.0,0.0,101.9,783.0
566787,2026-10-03 21:52:18,MAC,36.1,542.0,102.5,737.0
566788,2026-10-03 21:55:19,AIR,1.4,28.0,102.9,1007.0
566789,2026-10-03 21:55:19,ICE,59.6,756.0,103.3,760.0
566790,2026-10-03 21:55:19,WAT,0.0,0.0,101.9,783.0
566791,2026-10-03 21:55:19,MAC,36.1,542.0,102.5,737.0
566792,2026-10-03 21:58:21,AIR,1.4,28.0,102.9,1007.0
566793,2026-10-03 21:58:21,ICE,59.6,756.0,103.3,760.0
566794,2026-10-03 21:58:21,WAT,0.0,0.0,101.9,783.0
566795,2026-10-03 21:58:21,MAC,36.1,542.0,102.5,737.0
566796,2026-10-03 22:01:22,AIR,1.4,28.0,102.9,1007.0
566797,2026-10-03 22:01:22,ICE,59.6,756.0,103.3,760.0
566798,2026-10-03 22:01:22,WAT,0.0,0.0,101.9,783.0
566799,2026-10-03 22:01:22,MAC,36.1,542.0,102.5,737.0
566800,2026-10-03 22:04:24,AIR,1.4,28.0,102.9,1007.0
566801,2026-10-03 22:04:24,ICE,59.6,756.0,103.3,760.0
566802,2026-10-03 22:04:24,WAT,0.0,0.0,101.9,783.0
566803,2026-10-03 22:04:24,MAC,36.1,542.0,102.5,737.0
566804,2026-10-03 22:07:25,AIR,1.4,28.0,102.9,1007.0
566805,2026-10-03 22:07:25,ICE,59.6,756.0,103.3,760.0
566806,2026-10-03 22:07:25,WAT,0.0,0.0,101.9,783.0
566807,2026-10-03 22:07:25,MAC,36.1,542.0,102.5,737.0
566808,2026-10-03 22:10:26,AIR,1.4,28.0,102.9,1007.0
566809,2026-10-03 22:10:26,ICE,59.6,756.0,103.3,760.0
566810,2026-10-03 22:10:26,WAT,0.0,0.0,101.9,783.0
566811,2026-10-03 22:10:26,MAC,36.1,542.0,102.5,737.0
566812,2026-10-03 22:13:28,AIR,1.4,28.0,102.9,1007.0
566813,2026-10-03 22:13:28,ICE,59.6,756.0,103.3,760.0
566814,2026-10-03 22:13:28,WAT,0.0,0.0,101.9,783.0
566815,2026-10-03 22:13:28,MAC,36.1,542.0,102.5,737.0
566816,2026-10-03 22:16:29,AIR,1.4,28.0,102.9,1007.0
566817,2026-10-03 22:16:29,ICE,59.6,756.0,103.3,760.0
566818,2026-10-03 22:16:29,WAT,0.0,0.0,101.9,783.0
566819,2026-10-03 22:16:29,MAC,36.1,542.0,102.5,737.0
566820,2026-10-03 22:19:30,AIR,1.4,28.0,102.9,1007.0
566821,2026-10-03 22:19:30,ICE,59.6,756.0,103.3,760.0
566822,2026-10-03 22:19:30,WAT,0.0,0.0,101.9,783.0
566823,2026-10-03 22:19:30,MAC,36.1,542.0,102.5,737.0
566824,2026-10-03 22:22:32,AIR,1.4,28.0,102.9,1007.0
566825,2026-10-03 22:22:32,ICE,59.6,756.0,103.3,760.0
566826,2026-10-03 22:22:32,WAT,0.0,0.0,101.9,783.0
566827,2026-10-03 22:22:32,MAC,36.1,542.0,102.5,737.0
566828,2026-10-03 22:25:34,AIR,1.4,28.0,102.9,1007.0
566829,2026-10-03 22:25:34,ICE,59.6,756.0,103.3,760.0
566830,2026-10-03 22:25:34,WAT,0.0,0.0,101.9,783.0
566831,2026-10-03 22:25:34,MAC,36.1,542.0,102.5,737.0
566832,2026-10-03 22:28:36,AIR,1.4,28.0,102.9,1007.0
566833,2026-10-03 22:28:36,ICE,59.6,756.0,103.3,760.0
566834,2026-10-03 22:28:36,WAT,0.0,0.0,101.9,783.0
566835,2026-10-03 22:28:36,MAC,36.1,542.0,102.5,737.0
566836,2026-10-03 22:31:37,AIR,1.4,28.0,102.9,1007.0
566837,2026-10-03 22:31:37,ICE,59.6,756.0,103.3,760.0
566838,2026-10-03 22:31:37,WAT,0.0,0.0,101.9,783.0
566839,2026-10-03 22:31:37,MAC,36.1,542.0,102.5,737.0
566840,2026-10-03 22:34:38,AIR,1.4,28.0,102.9,1007.0
566841,2026-10-03 22:34:38,ICE,3.0,29.0,102.5,812.0
566842,2026-10-03 22:34:38,WAT,0.0,0.0,101.9,783.0
566843,2026-10-03 22:34:38,MAC,36.1,542.0,102.5,737.0
566844,2026-10-03 22:37:39,AIR,1.4,28.0,102.9,1007.0
566845,2026-10-03 22:37:39,ICE,3.0,29.0,102.5,812.0
566846,2026-10-03 22:37:39,WAT,0.0,0.0,101.9,783.0
566847,2026-10-03 22:37:39,MAC,36.1,542.0,102.5,737.0
566848,2026-10-03 22:40:41,AIR,1.4,28.0,102.9,1007.0
566849,2026-10-03 22:40:41,ICE,3.0,29.0,102.5,812.0
566850,2026-10-03 22:40:41,WAT,0.0,0.0,101.9,783.0
566851,2026-10-03 22:40:41,MAC,36.1,542.0,102.5,737.0
566852,2026-10-03 22:43:42,AIR,1.4,28.0,102.9,1007.0
566853,2026-10-03 22:43:42,ICE,3.0,29.0,102.5,812.0
566854,2026-10-03 22:43:42,WAT,0.0,0.0,101.9,783.0
566855,2026-10-03 22:43:42,MAC,36.1,542.0,102.5,737.0
566856,2026-10-03 22:46:43,AIR,1.4,28.0,102.9,1007.0
566857,2026-10-03 22:46:43,ICE,3.0,29.0,102.5,812.0
566858,2026-10-03 22:46:43,WAT,0.0,0.0,101.9,783.0
566859,2026-10-03 22:46:43,MAC,36.1,542.0,102.5,737.0
566860,2026-10-03 22:49:45,AIR,1.4,28.0,102.9,1007.0
566861,2026-10-03 22:49:45,ICE,39.7,505.0,102.8,828.0
566862,2026-10-03 22:49:45,WAT,0.0,0.0,101.9,783.0
566863,2026-10-03 22:49:45,MAC,36.1,542.0,102.5,737.0
566864,2026-10-03 22:52:46,AIR,1.4,28.0,102.9,1007.0
566865,2026-10-03 22:52:46,ICE,39.7,505.0,102.8,828.0
566866,2026-10-03 22:52:46,WAT,0.0,0.0,101.9,783.0
566867,2026-10-03 22:52:46,MAC,36.1,542.0,102.5,737.0
566868,2026-10-03 22:55:48,AIR,1.4,28.0,102.9,1007.0
566869,2026-10-03 22:55:48,ICE,39.7,505.0,102.8,828.0
566870,2026-10-03 22:55:48,WAT,0.0,0.0,101.9,783.0
566871,2026-10-03 22:55:48,MAC,36.1,542.0,102.5,737.0
566872,2026-10-03 22:58:49,AIR,1.4,28.0,102.9,1007.0
566873,2026-10-03 22:58:49,ICE,39.7,505.0,102.8,828.0
566874,2026-10-03 22:58:49,WAT,0.0,0.0,101.9,783.0
566875,2026-10-03 22:58:49,MAC,36.1,542.0,102.5,737.0
566876,2026-10-03 23:01:50,AIR,1.4,28.0,102.9,1007.0
566877,2026-10-03 23:01:50,ICE,39.7,505.0,102.8,828.0
566878,2026-10-03 23:01:50,WAT,0.0,0.0,101.9,783.0
566879,2026-10-03 23:01:50,MAC,36.1,542.0,102.5,737.0
566880,2026-10-03 23:04:52,AIR,1.4,28.0,102.9,1007.0
566881,2026-10-03 23:04:52,ICE,39.7,505.0,102.8,828.0
566882,2026-10-03 23:04:52,WAT,0.0,0.0,101.9,783.0
566883,2026-10-03 23:04:52,MAC,36.1,542.0,102.5,737.0
566884,2026-10-03 23:07:53,AIR,1.4,28.0,102.9,1007.0
566885,2026-10-03 23:07:53,ICE,39.7,505.0,102.8,828.0
566886,2026-10-03 23:07:53,WAT,0.0,0.0,101.9,783.0
566887,2026-10-03 23:07:53,MAC,36.1,542.0,102.5,737.0
566888,2026-10-03 23:10:55,AIR,1.4,28.0,102.9,1007.0
566889,2026-10-03 23:10:55,ICE,39.7,505.0,102.8,828.0
566890,2026-10-03 23:10:55,WAT,0.0,0.0,101.9,783.0
566891,2026-10-03 23:10:55,MAC,36.1,542.0,102.5,737.0
566892,2026-10-03 23:13:56,AIR,1.4,28.0,102.9,1007.0
566893,2026-10-03 23:13:56,ICE,39.7,505.0,102.8,828.0
566894,2026-10-03 23:13:56,WAT,0.0,0.0,101.9,783.0
566895,2026-10-03 23:13:56,MAC,36.1,542.0,102.5,737.0
566896,2026-10-03 23:16:57,AIR,1.4,28.0,102.9,1007.0
566897,2026-10-03 23:16:57,ICE,39.7,505.0,102.8,828.0
566898,2026-10-03 23:16:57,WAT,0.0,0.0,101.9,783.0
566899,2026-10-03 23:16:57,MAC,36.1,542.0,102.5,737.0
566900,2026-10-03 23:19:58,AIR,1.4,28.0,102.9,1007.0
566901,2026-10-03 23:19:58,ICE,39.7,505.0,102.8,828.0
566902,2026-10-03 23:19:58,WAT,0.0,0.0,101.9,783.0
566903,2026-10-03 23:19:58,MAC,36.1,542.0,102.5,737.0
566904,2026-10-03 23:23:00,AIR,1.4,28.0,102.9,1007.0
566905,2026-10-03 23:23:00,ICE,39.7,505.0,102.8,828.0
566906,2026-10-03 23:23:00,WAT,0.0,0.0,101.9,783.0
566907,2026-10-03 23:23:00,MAC,36.1,542.0,102.5,737.0
566908,2026-10-03 23:26:02,AIR,1.4,28.0,102.9,1007.0
566909,2026-10-03 23:26:02,ICE,39.7,505.0,102.8,828.0
566910,2026-10-03 23:26:02,WAT,0.0,0.0,101.9,783.0
566911,2026-10-03 23:26:02,MAC,36.1,542.0,102.5,737.0
566912,2026-10-03 23:29:04,AIR,1.4,28.0,102.9,1007.0
566913,2026-10-03 23:29:04,ICE,39.7,505.0,102.8,828.0
566914,2026-10-03 23:29:04,WAT,0.0,0.0,101.9,783.0
566915,2026-10-03 23:29:04,MAC,36.1,542.0,102.5,737.0
566916,2026-10-03 23:32:05,AIR,1.4,28.0,102.9,1007.0
566917,2026-10-03 23:32:05,ICE,39.7,505.0,102.8,828.0
566918,2026-10-03 23:32:05,WAT,0.0,0.0,101.9,783.0
566919,2026-10-03 23:32:05,MAC,36.1,542.0,102.5,737.0
566920,2026-10-03 23:35:06,AIR,1.4,28.0,102.9,1007.0
566921,2026-10-03 23:35:06,ICE,51.6,674.0,102.3,875.0
566922,2026-10-03 23:35:06,WAT,0.0,0.0,101.9,783.0
566923,2026-10-03 23:35:06,MAC,36.1,542.0,102.5,737.0
566924,2026-10-03 23:38:07,AIR,1.4,28.0,102.9,1007.0
566925,2026-10-03 23:38:07,ICE,61.8,774.0,102.2,875.0
566926,2026-10-03 23:38:07,WAT,0.0,0.0,101.9,783.0
566927,2026-10-03 23:38:07,MAC,36.1,542.0,102.5,737.0
566928,2026-10-03 23:41:09,AIR,1.4,28.0,102.9,1007.0
566929,2026-10-03 23:41:09,ICE,61.8,774.0,102.2,875.0
566930,2026-10-03 23:41:09,WAT,0.0,0.0,101.9,783.0
566931,2026-10-03 23:41:09,MAC,36.1,542.0,102.5,737.0
566932,2026-10-03 23:44:10,AIR,1.4,28.0,102.9,1007.0
566933,2026-10-03 23:44:10,ICE,61.8,774.0,102.2,875.0
566934,2026-10-03 23:44:10,WAT,0.0,0.0,101.9,783.0
566935,2026-10-03 23:44:10,MAC,36.1,542.0,102.5,737.0
566936,2026-10-03 23:47:11,AIR,1.4,28.0,102.9,1007.0
566937,2026-10-03 23:47:11,ICE,61.8,774.0,102.2,875.0
566938,2026-10-03 23:47:11,WAT,0.0,0.0,101.9,783.0
566939,2026-10-03 23:47:11,MAC,36.1,542.0,102.5,737.0
566940,2026-10-03 23:50:12,AIR,1.4,28.0,102.9,1007.0
566941,2026-10-03 23:50:12,ICE,61.8,774.0,102.2,875.0
566942,2026-10-03 23:50:12,WAT,0.0,0.0,101.9,783.0
566943,2026-10-03 23:50:12,MAC,36.1,542.0,102.5,737.0
566944,2026-10-03 23:53:13,AIR,1.4,28.0,102.9,1007.0
566945,2026-10-03 23:53:13,ICE,61.8,774.0,102.2,875.0
566946,2026-10-03 23:53:13,WAT,0.0,0.0,101.9,783.0
566947,2026-10-03 23:53:13,MAC,36.1,542.0,102.5,737.0
566948,2026-10-03 23:56:15,AIR,1.4,28.0,102.9,1007.0
566949,2026-10-03 23:56:15,ICE,61.8,774.0,102.2,875.0
566950,2026-10-03 23:56:15,WAT,0.0,0.0,101.9,783.0
566951,2026-10-03 23:56:15,MAC,36.1,542.0,102.5,737.0
566952,2026-10-03 23:59:16,AIR,1.4,28.0,102.9,1007.0
566953,2026-10-03 23:59:16,ICE,61.8,774.0,102.2,875.0
566954,2026-10-03 23:59:16,WAT,0.0,0.0,101.9,783.0
566955,2026-10-03 23:59:16,MAC,36.1,542.0,102.5,737.0
566956,2026-10-04 00:02:17,AIR,1.4,28.0,102.9,1007.0
566957,2026-10-04 00:02:17,ICE,61.8,774.0,102.2,875.0
566958,2026-10-04 00:02:17,WAT,0.0,0.0,101.9,783.0
566959,2026-10-04 00:02:17,MAC,36.1,542.0,102.5,737.0
566960,2026-10-04 00:05:19,AIR,1.4,28.0,102.9,1007.0
566961,2026-10-04 00:05:19,ICE,61.8,774.0,102.2,875.0
566962,2026-10-04 00:05:19,WAT,0.0,0.0,101.9,783.0
566963,2026-10-04 00:05:19,MAC,36.1,542.0,102.5,737.0
566964,2026-10-04 00:08:20,AIR,1.4,28.0,102.9,1007.0
566965,2026-10-04 00:08:20,ICE,61.8,774.0,102.2,875.0
566966,2026-10-04 00:08:20,WAT,0.0,0.0,101.9,783.0
566967,2026-10-04 00:08:20,MAC,36.1,542.0,102.5,737.0
566968,2026-10-04 00:11:21,AIR,1.4,28.0,102.9,1007.0
566969,2026-10-04 00:11:21,ICE,61.8,774.0,102.2,875.0
566970,2026-10-04 00:11:21,WAT,0.0,0.0,101.9,783.0
566971,2026-10-04 00:11:21,MAC,36.1,542.0,102.5,737.0
566972,2026-10-04 00:14:22,AIR,1.4,28.0,102.9,1007.0
566973,2026-10-04 00:14:22,ICE,61.8,774.0,102.2,875.0
566974,2026-10-04 00:14:22,WAT,0.0,0.0,101.9,783.0
566975,2026-10-04 00:14:22,MAC,36.1,542.0,102.5,737.0
566976,2026-10-04 00:17:23,AIR,1.4,28.0,102.9,1007.0
566977,2026-10-04 00:17:23,ICE,61.8,774.0,102.2,875.0
566978,2026-10-04 00:17:23,WAT,0.0,0.0,101.9,783.0
566979,2026-10-04 00:17:23,MAC,36.1,542.0,102.5,737.0
566980,2026-10-04 00:20:25,AIR,1.4,28.0,102.9,1007.0
566981,2026-10-04 00:20:25,ICE,61.8,774.0,102.2,875.0
566982,2026-10-04 00:20:25,WAT,0.0,0.0,101.9,783.0
566983,2026-10-04 00:20:25,MAC,36.1,542.0,102.5,737.0
566984,2026-10-04 00:23:27,AIR,1.4,28.0,102.9,1007.0
566985,2026-10-04 00:23:27,ICE,61.8,774.0,102.2,875.0
566986,2026-10-04 00:23:27,WAT,0.0,0.0,101.9,783.0
566987,2026-10-04 00:23:27,MAC,36.1,542.0,102.5,737.0
566988,2026-10-04 00:26:28,AIR,1.4,28.0,102.9,1007.0
566989,2026-10-04 00:26:28,ICE,61.8,774.0,102.2,875.0
566990,2026-10-04 00:26:28,WAT,0.0,0.0,101.9,783.0
566991,2026-10-04 00:26:28,MAC,36.1,542.0,102.5,737.0
566992,2026-10-04 00:29:29,AIR,1.4,28.0,102.9,1007.0
566993,2026-10-04 00:29:29,ICE,61.8,774.0,102.2,875.0
566994,2026-10-04 00:29:29,WAT,0.0,0.0,101.9,783.0
566995,2026-10-04 00:29:29,MAC,36.1,542.0,102.5,737.0
566996,2026-10-04 00:32:31,AIR,1.4,28.0,102.9,1007.0
566997,2026-10-04 00:32:31,ICE,61.8,774.0,102.2,875.0
566998,2026-10-04 00:32:31,WAT,0.0,0.0,101.9,783.0
566999,2026-10-04 00:32:31,MAC,36.1,542.0,102.5,737.0
567000,2026-10-04 00:35:32,AIR,1.4,28.0,102.9,1007.0
567001,2026-10-04 00:35:32,ICE,72.1,898.0,102.7,935.0
567002,2026-10-04 00:35:32,WAT,0.0,0.0,101.9,783.0
567003,2026-10-04 00:35:32,MAC,36.1,542.0,102.5,737.0
567004,2026-10-04 00:38:33,AIR,1.4,28.0,102.9,1007.0
567005,2026-10-04 00:38:33,ICE,72.1,898.0,102.7,935.0
567006,2026-10-04 00:38:33,WAT,0.0,0.0,101.9,783.0
567007,2026-10-04 00:38:33,MAC,36.1,542.0,102.5,737.0
567008,2026-10-04 00:41:35,AIR,1.4,28.0,102.9,1007.0
567009,2026-10-04 00:41:35,ICE,72.1,898.0,102.7,935.0
567010,2026-10-04 00:41:35,WAT,0.0,0.0,101.9,783.0
567011,2026-10-04 00:41:35,MAC,36.1,542.0,102.5,737.0
567012,2026-10-04 00:44:36,AIR,1.4,28.0,102.9,1007.0
567013,2026-10-04 00:44:36,ICE,72.1,898.0,102.7,935.0
567014,2026-10-04 00:44:36,WAT,0.0,0.0,101.9,783.0
567015,2026-10-04 00:44:36,MAC,36.1,542.0,102.5,737.0
567016,2026-10-04 00:47:37,AIR,1.4,28.0,102.9,1007.0
567017,2026-10-04 00:47:37,ICE,72.1,898.0,102.7,935.0
567018,2026-10-04 00:47:37,WAT,0.0,0.0,101.9,783.0
567019,2026-10-04 00:47:37,MAC,36.1,542.0,102.5,737.0
567020,2026-10-04 00:50:39,AIR,1.4,28.0,102.9,1007.0
567021,2026-10-04 00:50:39,ICE,72.1,898.0,102.7,935.0
567022,2026-10-04 00:50:39,WAT,0.0,0.0,101.9,783.0
567023,2026-10-04 00:50:39,MAC,36.1,542.0,102.5,737.0
567024,2026-10-04 00:53:40,AIR,1.4,28.0,102.9,1007.0
567025,2026-10-04 00:53:40,ICE,72.1,898.0,102.7,935.0
567026,2026-10-04 00:53:40,WAT,0.0,0.0,101.9,783.0
567027,2026-10-04 00:53:40,MAC,36.1,542.0,102.5,737.0
567028,2026-10-04 00:56:42,AIR,1.4,28.0,102.9,1007.0
567029,2026-10-04 00:56:42,ICE,139.0,1355.0,102.5,955.0
567030,2026-10-04 00:56:42,WAT,0.0,0.0,101.9,783.0
567031,2026-10-04 00:56:42,MAC,36.4,483.0,102.5,954.0
567032,2026-10-04 00:59:43,AIR,1.4,28.0,102.9,1007.0
567033,2026-10-04 00:59:43,ICE,139.0,1355.0,102.5,955.0
567034,2026-10-04 00:59:43,WAT,0.0,0.0,101.9,783.0
567035,2026-10-04 00:59:43,MAC,36.4,483.0,102.5,954.0
567036,2026-10-04 01:02:43,AIR,1.4,28.0,102.9,1007.0
567037,2026-10-04 01:02:43,ICE,139.0,1355.0,102.5,955.0
567038,2026-10-04 01:02:43,WAT,0.0,0.0,101.9,783.0
567039,2026-10-04 01:02:43,MAC,36.4,483.0,102.5,954.0
567040,2026-10-04 01:05:44,AIR,1.4,28.0,102.9,1007.0
567041,2026-10-04 01:05:44,ICE,139.0,1355.0,102.5,955.0
567042,2026-10-04 01:05:44,WAT,0.0,0.0,101.9,783.0
567043,2026-10-04 01:05:44,MAC,36.4,483.0,102.5,954.0
567044,2026-10-04 01:08:45,AIR,1.4,28.0,102.9,1007.0
567045,2026-10-04 01:08:45,ICE,139.0,1355.0,102.5,955.0
567046,2026-10-04 01:08:45,WAT,0.0,0.0,101.9,783.0
567047,2026-10-04 01:08:45,MAC,36.4,483.0,102.5,954.0
567048,2026-10-04 01:11:47,AIR,1.4,28.0,102.9,1007.0
567049,2026-10-04 01:11:47,ICE,139.0,1355.0,102.5,955.0
567050,2026-10-04 01:11:47,WAT,0.0,0.0,101.9,783.0
567051,2026-10-04 01:11:47,MAC,36.4,483.0,102.5,954.0
567052,2026-10-04 01:14:48,AIR,1.4,28.0,102.9,1007.0
567053,2026-10-04 01:14:48,ICE,139.0,1355.0,102.5,955.0
567054,2026-10-04 01:14:48,WAT,0.0,0.0,101.9,783.0
567055,2026-10-04 01:14:48,MAC,36.4,483.0,102.5,954.0
567056,2026-10-04 01:17:53,AIR,1.4,28.0,102.9,1007.0
567057,2026-10-04 01:17:53,ICE,139.0,1355.0,102.5,955.0
567058,2026-10-04 01:17:53,WAT,0.0,0.0,101.9,783.0
567059,2026-10-04 01:17:53,MAC,36.4,483.0,102.5,954.0
567060,2026-10-04 01:20:54,AIR,1.4,28.0,102.9,1007.0
567061,2026-10-04 01:20:54,ICE,139.0,1355.0,102.5,955.0
567062,2026-10-04 01:20:54,WAT,0.0,0.0,101.9,783.0
567063,2026-10-04 01:20:54,MAC,36.4,483.0,102.5,954.0
567064,2026-10-04 01:23:56,AIR,1.4,28.0,102.9,1007.0
567065,2026-10-04 01:23:56,ICE,139.0,1355.0,102.5,955.0
567066,2026-10-04 01:23:56,WAT,0.0,0.0,101.9,783.0
567067,2026-10-04 01:23:56,MAC,36.4,483.0,102.5,954.0
567068,2026-10-04 01:26:57,AIR,1.4,28.0,102.9,1007.0
567069,2026-10-04 01:26:57,ICE,139.0,1355.0,102.5,955.0
567070,2026-10-04 01:26:57,WAT,0.0,0.0,101.9,783.0
567071,2026-10-04 01:26:57,MAC,36.4,483.0,102.5,954.0
567072,2026-10-04 01:29:58,AIR,1.4,28.0,102.9,1007.0
567073,2026-10-04 01:29:58,ICE,139.0,1355.0,102.5,955.0
567074,2026-10-04 01:29:58,WAT,0.0,0.0,101.9,783.0
567075,2026-10-04 01:29:58,MAC,36.4,483.0,102.5,954.0
567076,2026-10-04 01:33:00,AIR,1.4,28.0,102.9,1007.0
567077,2026-10-04 01:33:00,ICE,3.0,29.0,102.8,992.0
567078,2026-10-04 01:33:00,WAT,0.0,0.0,101.9,783.0
567079,2026-10-04 01:33:00,MAC,36.4,483.0,102.5,954.0
567080,2026-10-04 01:36:01,AIR,1.4,28.0,102.9,1007.0
567081,2026-10-04 01:36:01,ICE,70.5,855.0,102.9,994.0
567082,2026-10-04 01:36:01,WAT,0.0,0.0,101.9,783.0
567083,2026-10-04 01:36:01,MAC,36.4,483.0,102.5,954.0
567084,2026-10-04 01:39:03,AIR,1.4,28.0,102.9,1007.0
567085,2026-10-04 01:39:03,ICE,60.4,756.0,102.6,998.0
567086,2026-10-04 01:39:03,WAT,0.0,0.0,101.9,783.0
567087,2026-10-04 01:39:03,MAC,36.4,483.0,102.5,954.0
567088,2026-10-04 01:42:04,AIR,1.4,28.0,102.9,1007.0
567089,2026-10-04 01:42:04,ICE,60.4,756.0,102.6,998.0
567090,2026-10-04 01:42:04,WAT,0.0,0.0,101.9,783.0
567091,2026-10-04 01:42:04,MAC,43.3,540.0,102.4,1002.0
567092,2026-10-04 01:45:07,AIR,1.4,28.0,102.9,1007.0
567093,2026-10-04 01:45:07,ICE,60.4,756.0,102.6,998.0
567094,2026-10-04 01:45:07,WAT,0.0,0.0,101.9,783.0
567095,2026-10-04 01:45:07,MAC,43.3,540.0,102.4,1002.0
567096,2026-10-04 01:48:09,AIR,1.4,28.0,102.9,1007.0
567097,2026-10-04 01:48:09,ICE,50.3,637.0,102.8,1006.0
567098,2026-10-04 01:48:09,WAT,0.0,0.0,101.9,783.0
567099,2026-10-04 01:48:09,MAC,43.3,540.0,102.4,1002.0
567100,2026-10-04 01:51:10,AIR,1.4,28.0,102.9,1007.0
567101,2026-10-04 01:51:10,ICE,50.3,637.0,102.8,1006.0
567102,2026-10-04 01:51:10,WAT,0.0,0.0,101.9,783.0
567103,2026-10-04 01:51:10,MAC,43.3,540.0,102.4,1002.0
567104,2026-10-04 01:54:12,AIR,1.4,28.0,102.9,1007.0
567105,2026-10-04 01:54:12,ICE,50.3,637.0,102.8,1006.0
567106,2026-10-04 01:54:12,WAT,0.0,0.0,101.9,783.0
567107,2026-10-04 01:54:12,MAC,43.3,540.0,102.4,1002.0
567108,2026-10-04 01:57:13,AIR,1.4,28.0,102.9,1007.0
567109,2026-10-04 01:57:13,ICE,50.3,637.0,102.8,1006.0
567110,2026-10-04 01:57:13,WAT,0.0,0.0,101.9,783.0
567111,2026-10-04 01:57:13,MAC,45.4,555.0,102.5,1017.0
567112,2026-10-04 02:00:14,AIR,1.4,28.0,102.9,1007.0
567113,2026-10-04 02:00:14,ICE,50.3,637.0,102.8,1006.0
567114,2026-10-04 02:00:14,WAT,0.0,0.0,101.9,783.0
567115,2026-10-04 02:00:14,MAC,45.4,555.0,102.5,1017.0
567116,2026-10-04 02:03:32,AIR,1.4,28.0,102.9,1007.0
567117,2026-10-04 02:03:32,ICE,50.3,637.0,102.8,1006.0
567118,2026-10-04 02:03:32,WAT,0.0,0.0,101.9,783.0
567119,2026-10-04 02:03:32,MAC,45.4,555.0,102.5,1017.0
567120,2026-10-04 02:06:33,AIR,1.4,28.0,102.9,1007.0
567121,2026-10-04 02:06:33,ICE,50.3,637.0,102.8,1006.0
567122,2026-10-04 02:06:33,WAT,0.0,0.0,101.9,783.0
567123,2026-10-04 02:06:33,MAC,45.4,555.0,102.5,1017.0
567124,2026-10-04 02:09:34,AIR,1.4,28.0,102.9,1007.0
567125,2026-10-04 02:09:34,ICE,50.3,637.0,102.8,1006.0
567126,2026-10-04 02:09:34,WAT,0.0,0.0,101.9,783.0
567127,2026-10-04 02:09:34,MAC,45.4,555.0,102.5,1017.0
567128,2026-10-04 02:12:35,AIR,1.4,28.0,102.9,1007.0
567129,2026-10-04 02:12:35,ICE,50.3,637.0,102.8,1006.0
567130,2026-10-04 02:12:35,WAT,0.0,0.0,101.9,783.0
567131,2026-10-04 02:12:35,MAC,45.4,555.0,102.5,1017.0
567132,2026-10-04 02:15:37,AIR,1.4,28.0,102.9,1007.0
567133,2026-10-04 02:15:37,ICE,50.3,637.0,102.8,1006.0
567134,2026-10-04 02:15:37,WAT,0.0,0.0,101.9,783.0
567135,2026-10-04 02:15:37,MAC,45.4,555.0,102.5,1017.0
567136,2026-10-04 02:18:38,AIR,1.4,28.0,102.9,1007.0
567137,2026-10-04 02:18:38,ICE,50.3,637.0,102.8,1006.0
567138,2026-10-04 02:18:38,WAT,0.0,0.0,101.9,783.0
567139,2026-10-04 02:18:38,MAC,43.5,548.0,102.3,1038.0
567140,2026-10-04 02:21:40,AIR,1.4,28.0,102.9,1007.0
567141,2026-10-04 02:21:40,ICE,50.3,637.0,102.8,1006.0
567142,2026-10-04 02:21:40,WAT,0.0,0.0,101.9,783.0
567143,2026-10-04 02:21:40,MAC,43.5,548.0,102.3,1038.0
567144,2026-10-04 02:24:41,AIR,1.4,28.0,102.9,1007.0
567145,2026-10-04 02:24:41,ICE,50.3,637.0,102.8,1006.0
567146,2026-10-04 02:24:41,WAT,0.0,0.0,101.9,783.0
567147,2026-10-04 02:24:41,MAC,43.5,548.0,102.3,1038.0
567148,2026-10-04 02:27:42,AIR,1.4,28.0,102.9,1007.0
567149,2026-10-04 02:27:42,ICE,50.3,637.0,102.8,1006.0
567150,2026-10-04 02:27:42,WAT,0.0,0.0,101.9,783.0
567151,2026-10-04 02:27:42,MAC,43.5,548.0,102.3,1038.0
567152,2026-10-04 02:30:44,AIR,1.4,28.0,102.9,1007.0
567153,2026-10-04 02:30:44,ICE,50.3,637.0,102.8,1006.0
567154,2026-10-04 02:30:44,WAT,0.0,0.0,101.9,783.0
567155,2026-10-04 02:30:44,MAC,43.5,548.0,102.3,1038.0
567156,2026-10-04 02:33:45,AIR,1.4,28.0,102.9,1007.0
567157,2026-10-04 02:33:45,ICE,50.3,637.0,102.8,1006.0
567158,2026-10-04 02:33:45,WAT,0.0,0.0,101.9,783.0
567159,2026-10-04 02:33:45,MAC,43.5,548.0,102.3,1038.0
567160,2026-10-04 02:36:47,AIR,1.4,28.0,102.9,1007.0
567161,2026-10-04 02:36:47,ICE,50.3,637.0,102.8,1006.0
567162,2026-10-04 02:36:47,WAT,0.0,0.0,101.9,783.0
567163,2026-10-04 02:36:47,MAC,43.5,548.0,102.3,1038.0
567164,2026-10-04 02:39:48,AIR,1.4,28.0,102.9,1007.0
567165,2026-10-04 02:39:48,ICE,50.3,637.0,102.8,1006.0
567166,2026-10-04 02:39:48,WAT,0.0,0.0,101.9,783.0
567167,2026-10-04 02:39:48,MAC,43.5,548.0,102.3,1038.0
567168,2026-10-04 02:42:49,AIR,1.4,28.0,102.9,1007.0
567169,2026-10-04 02:42:49,ICE,50.3,637.0,102.8,1006.0
567170,2026-10-04 02:42:49,WAT,0.0,0.0,101.9,783.0
567171,2026-10-04 02:42:49,MAC,43.5,548.0,102.3,1038.0
567172,2026-10-04 02:45:50,AIR,1.4,28.0,102.9,1007.0
567173,2026-10-04 02:45:50,ICE,50.3,637.0,102.8,1006.0
567174,2026-10-04 02:45:50,WAT,0.0,0.0,101.9,783.0
567175,2026-10-04 02:45:50,MAC,43.5,548.0,102.3,1038.0
567176,2026-10-04 02:48:51,AIR,1.4,28.0,102.9,1007.0
567177,2026-10-04 02:48:51,ICE,50.3,637.0,102.8,1006.0
567178,2026-10-04 02:48:51,WAT,0.0,0.0,101.9,783.0
567179,2026-10-04 02:48:51,MAC,43.5,548.0,102.3,1038.0
567180,2026-10-04 02:51:52,AIR,1.4,28.0,102.9,1007.0
567181,2026-10-04 02:51:52,ICE,50.3,637.0,102.8,1006.0
567182,2026-10-04 02:51:52,WAT,0.0,0.0,101.9,783.0
567183,2026-10-04 02:51:52,MAC,43.5,548.0,102.3,1038.0
567184,2026-10-04 02:54:54,AIR,1.4,28.0,102.9,1007.0
567185,2026-10-04 02:54:54,ICE,50.3,637.0,102.8,1006.0
567186,2026-10-04 02:54:54,WAT,0.0,0.0,101.9,783.0
567187,2026-10-04 02:54:54,MAC,43.5,548.0,102.3,1038.0
567188,2026-10-04 02:57:55,AIR,1.4,28.0,102.9,1007.0
567189,2026-10-04 02:57:55,ICE,50.3,637.0,102.8,1006.0
567190,2026-10-04 02:57:55,WAT,0.0,0.0,101.9,783.0
567191,2026-10-04 02:57:55,MAC,43.5,548.0,102.3,1038.0
567192,2026-10-04 03:00:55,AIR,1.4,28.0,102.9,1007.0
567193,2026-10-04 03:00:55,ICE,50.3,637.0,102.8,1006.0
567194,2026-10-04 03:00:55,WAT,0.0,0.0,101.9,783.0
567195,2026-10-04 03:00:55,MAC,43.5,548.0,102.3,1038.0
567196,2026-10-04 03:03:56,AIR,1.4,28.0,102.9,1007.0
567197,2026-10-04 03:03:56,ICE,63.3,801.0,102.5,1083.0
567198,2026-10-04 03:03:56,WAT,0.0,0.0,101.9,783.0
567199,2026-10-04 03:03:56,MAC,43.5,548.0,102.3,1038.0
567200,2026-10-04 03:06:57,AIR,1.4,28.0,102.9,1007.0
567201,2026-10-04 03:06:57,ICE,63.3,801.0,102.5,1083.0
567202,2026-10-04 03:06:57,WAT,0.0,0.0,101.9,783.0
567203,2026-10-04 03:06:57,MAC,43.5,548.0,102.3,1038.0
567204,2026-10-04 03:09:59,AIR,1.4,28.0,102.9,1007.0
567205,2026-10-04 03:09:59,ICE,1.5,29.0,102.8,1088.0
567206,2026-10-04 03:09:59,WAT,0.0,0.0,101.9,783.0
567207,2026-10-04 03:09:59,MAC,43.5,548.0,102.3,1038.0
567208,2026-10-04 03:13:04,AIR,1.4,28.0,102.9,1007.0
567209,2026-10-04 03:13:04,ICE,1.5,29.0,102.8,1088.0
567210,2026-10-04 03:13:04,WAT,0.0,0.0,101.9,783.0
567211,2026-10-04 03:13:04,MAC,43.5,548.0,102.3,1038.0
567212,2026-10-04 03:16:07,AIR,1.4,28.0,102.9,1007.0
567213,2026-10-04 03:16:07,ICE,43.3,545.0,102.8,1094.0
567214,2026-10-04 03:16:07,WAT,0.0,0.0,101.9,783.0
567215,2026-10-04 03:16:07,MAC,43.5,548.0,102.3,1038.0
567216,2026-10-04 03:19:08,AIR,1.4,28.0,102.9,1007.0
567217,2026-10-04 03:19:08,ICE,43.3,545.0,102.8,1094.0
567218,2026-10-04 03:19:08,WAT,0.0,0.0,101.9,783.0
567219,2026-10-04 03:19:08,MAC,43.5,548.0,102.3,1038.0
567220,2026-10-04 03:22:10,AIR,1.4,28.0,102.9,1007.0
567221,2026-10-04 03:22:10,ICE,43.3,545.0,102.8,1094.0
567222,2026-10-04 03:22:10,WAT,0.0,0.0,101.9,783.0
567223,2026-10-04 03:22:10,MAC,31.6,446.0,102.3,1102.0
567224,2026-10-04 03:25:11,AIR,1.4,28.0,102.9,1007.0
567225,2026-10-04 03:25:11,ICE,43.3,545.0,102.8,1094.0
567226,2026-10-04 03:25:11,WAT,0.0,0.0,101.9,783.0
567227,2026-10-04 03:25:11,MAC,31.6,446.0,102.3,1102.0
567228,2026-10-04 03:28:13,AIR,1.4,28.0,102.9,1007.0
567229,2026-10-04 03:28:13,ICE,43.3,545.0,102.8,1094.0
567230,2026-10-04 03:28:13,WAT,0.0,0.0,101.9,783.0
567231,2026-10-04 03:28:13,MAC,31.6,446.0,102.3,1102.0
567232,2026-10-04 03:31:14,AIR,1.4,28.0,102.9,1007.0
567233,2026-10-04 03:31:14,ICE,43.3,545.0,102.8,1094.0
567234,2026-10-04 03:31:14,WAT,0.0,0.0,101.9,783.0
567235,2026-10-04 03:31:14,MAC,31.6,446.0,102.3,1102.0
567236,2026-10-04 03:34:16,AIR,1.4,28.0,102.9,1007.0
567237,2026-10-04 03:34:16,ICE,43.3,545.0,102.8,1094.0
567238,2026-10-04 03:34:16,WAT,0.0,0.0,101.9,783.0
567239,2026-10-04 03:34:16,MAC,5.0,67.0,102.5,1114.0
567240,2026-10-04 03:37:17,AIR,1.4,28.0,102.9,1007.0
567241,2026-10-04 03:37:17,ICE,43.3,545.0,102.8,1094.0
567242,2026-10-04 03:37:17,WAT,0.0,0.0,101.9,783.0
567243,2026-10-04 03:37:17,MAC,5.0,67.0,102.5,1114.0
567244,2026-10-04 03:40:18,AIR,1.4,28.0,102.9,1007.0
567245,2026-10-04 03:40:18,ICE,43.3,545.0,102.8,1094.0
567246,2026-10-04 03:40:18,WAT,0.0,0.0,101.9,783.0
567247,2026-10-04 03:40:18,MAC,5.0,67.0,102.5,1114.0
567248,2026-10-04 03:43:20,AIR,1.4,28.0,102.9,1007.0
567249,2026-10-04 03:43:20,ICE,43.3,545.0,102.8,1094.0
567250,2026-10-04 03:43:20,WAT,0.0,0.0,101.9,783.0
567251,2026-10-04 03:43:20,MAC,5.0,67.0,102.5,1114.0
567252,2026-10-04 03:46:21,AIR,1.4,28.0,102.9,1007.0
567253,2026-10-04 03:46:21,ICE,43.3,545.0,102.8,1094.0
567254,2026-10-04 03:46:21,WAT,0.0,0.0,101.9,783.0
567255,2026-10-04 03:46:21,MAC,5.0,67.0,102.5,1114.0
567256,2026-10-04 03:49:22,AIR,1.4,28.0,102.9,1007.0
567257,2026-10-04 03:49:22,ICE,43.3,545.0,102.8,1094.0
567258,2026-10-04 03:49:22,WAT,0.0,0.0,101.9,783.0
567259,2026-10-04 03:49:22,MAC,5.0,67.0,102.5,1114.0
567260,2026-10-04 03:52:23,AIR,1.4,28.0,102.9,1007.0
567261,2026-10-04 03:52:23,ICE,43.3,545.0,102.8,1094.0
567262,2026-10-04 03:52:23,WAT,0.0,0.0,101.9,783.0
567263,2026-10-04 03:52:23,MAC,5.0,67.0,102.5,1114.0
567264,2026-10-04 03:55:24,AIR,1.4,28.0,102.9,1007.0
567265,2026-10-04 03:55:24,ICE,43.3,545.0,102.8,1094.0
567266,2026-10-04 03:55:24,WAT,0.0,0.0,101.9,783.0
567267,2026-10-04 03:55:24,MAC,5.0,67.0,102.5,1114.0
567268,2026-10-04 03:58:26,AIR,1.4,28.0,102.9,1007.0
567269,2026-10-04 03:58:26,ICE,43.3,545.0,102.8,1094.0
567270,2026-10-04 03:58:26,WAT,0.0,0.0,101.9,783.0
567271,2026-10-04 03:58:26,MAC,5.0,67.0,102.5,1114.0
567272,2026-10-04 04:01:27,AIR,1.4,28.0,102.9,1007.0
567273,2026-10-04 04:01:27,ICE,43.3,545.0,102.8,1094.0
567274,2026-10-04 04:01:27,WAT,0.0,0.0,101.9,783.0
567275,2026-10-04 04:01:27,MAC,5.0,67.0,102.5,1114.0
567276,2026-10-04 04:04:29,AIR,1.4,28.0,102.9,1007.0
567277,2026-10-04 04:04:29,ICE,43.3,545.0,102.8,1094.0
567278,2026-10-04 04:04:29,WAT,0.0,0.0,101.9,783.0
567279,2026-10-04 04:04:29,MAC,5.0,67.0,102.5,1114.0
567280,2026-10-04 04:07:30,AIR,1.4,28.0,102.9,1007.0
567281,2026-10-04 04:07:30,ICE,43.3,545.0,102.8,1094.0
567282,2026-10-04 04:07:30,WAT,0.0,0.0,101.9,783.0
567283,2026-10-04 04:07:30,MAC,5.0,67.0,102.5,1114.0
567284,2026-10-04 04:10:31,AIR,1.4,28.0,102.9,1007.0
567285,2026-10-04 04:10:31,ICE,43.3,545.0,102.8,1094.0
567286,2026-10-04 04:10:31,WAT,0.0,0.0,101.9,783.0
567287,2026-10-04 04:10:31,MAC,5.0,67.0,102.5,1114.0
567288,2026-10-04 04:13:32,AIR,1.4,28.0,102.9,1007.0
567289,2026-10-04 04:13:32,ICE,43.3,545.0,102.8,1094.0
567290,2026-10-04 04:13:32,WAT,0.0,0.0,101.9,783.0
567291,2026-10-04 04:13:32,MAC,5.0,67.0,102.5,1114.0
567292,2026-10-04 04:16:33,AIR,1.4,28.0,102.9,1007.0
567293,2026-10-04 04:16:33,ICE,43.3,545.0,102.8,1094.0
567294,2026-10-04 04:16:33,WAT,0.0,0.0,101.9,783.0
567295,2026-10-04 04:16:33,MAC,5.0,67.0,102.5,1114.0
567296,2026-10-04 04:19:35,AIR,1.4,28.0,102.9,1007.0
567297,2026-10-04 04:19:35,ICE,43.3,545.0,102.8,1094.0
567298,2026-10-04 04:19:35,WAT,0.0,0.0,101.9,783.0
567299,2026-10-04 04:19:35,MAC,5.0,67.0,102.5,1114.0
567300,2026-10-04 04:22:36,AIR,1.4,28.0,102.9,1007.0
567301,2026-10-04 04:22:36,ICE,43.3,545.0,102.8,1094.0
567302,2026-10-04 04:22:36,WAT,0.0,0.0,101.9,783.0
567303,2026-10-04 04:22:36,MAC,5.0,67.0,102.5,1114.0
567304,2026-10-04 04:25:38,AIR,1.4,28.0,102.9,1007.0
567305,2026-10-04 04:25:38,ICE,43.3,545.0,102.8,1094.0
567306,2026-10-04 04:25:38,WAT,0.0,0.0,101.9,783.0
567307,2026-10-04 04:25:38,MAC,5.0,67.0,102.5,1114.0
567308,2026-10-04 04:28:39,AIR,1.4,28.0,102.9,1007.0
567309,2026-10-04 04:28:39,ICE,43.3,545.0,102.8,1094.0
567310,2026-10-04 04:28:39,WAT,0.0,0.0,101.9,783.0
567311,2026-10-04 04:28:39,MAC,5.0,67.0,102.5,1114.0
567312,2026-10-04 04:31:40,AIR,1.4,28.0,102.9,1007.0
567313,2026-10-04 04:31:40,ICE,43.3,545.0,102.8,1094.0
567314,2026-10-04 04:31:40,WAT,0.0,0.0,101.9,783.0
567315,2026-10-04 04:31:40,MAC,5.0,67.0,102.5,1114.0
567316,2026-10-04 04:34:42,AIR,1.4,28.0,102.9,1007.0
567317,2026-10-04 04:34:42,ICE,43.3,545.0,102.8,1094.0
567318,2026-10-04 04:34:42,WAT,0.0,0.0,101.9,783.0
567319,2026-10-04 04:34:42,MAC,5.0,67.0,102.5,1114.0
567320,2026-10-04 04:37:43,AIR,1.4,28.0,102.9,1007.0
567321,2026-10-04 04:37:43,ICE,43.3,545.0,102.8,1094.0
567322,2026-10-04 04:37:43,WAT,0.0,0.0,101.9,783.0
567323,2026-10-04 04:37:43,MAC,5.0,67.0,102.5,1114.0
567324,2026-10-04 04:40:45,AIR,1.4,28.0,102.9,1007.0
567325,2026-10-04 04:40:45,ICE,43.3,545.0,102.8,1094.0
567326,2026-10-04 04:40:45,WAT,0.0,0.0,101.9,783.0
567327,2026-10-04 04:40:45,MAC,5.0,67.0,102.5,1114.0
567328,2026-10-04 04:43:46,AIR,1.4,28.0,102.9,1007.0
567329,2026-10-04 04:43:46,ICE,67.5,846.0,102.9,1183.0
567330,2026-10-04 04:43:46,WAT,0.0,0.0,101.9,783.0
567331,2026-10-04 04:43:46,MAC,5.0,67.0,102.5,1114.0
567332,2026-10-04 04:46:48,AIR,1.4,28.0,102.9,1007.0
567333,2026-10-04 04:46:48,ICE,67.5,846.0,102.9,1183.0
567334,2026-10-04 04:46:48,WAT,0.0,0.0,101.9,783.0
567335,2026-10-04 04:46:48,MAC,5.0,67.0,102.5,1114.0
567336,2026-10-04 04:49:49,AIR,1.4,28.0,102.9,1007.0
567337,2026-10-04 04:49:49,ICE,67.5,846.0,102.9,1183.0
567338,2026-10-04 04:49:49,WAT,0.0,0.0,101.9,783.0
567339,2026-10-04 04:49:49,MAC,5.0,67.0,102.5,1114.0
567340,2026-10-04 04:52:51,AIR,1.4,28.0,102.9,1007.0
567341,2026-10-04 04:52:51,ICE,67.5,846.0,102.9,1183.0
567342,2026-10-04 04:52:51,WAT,0.0,0.0,101.9,783.0
567343,2026-10-04 04:52:51,MAC,5.0,67.0,102.5,1114.0
567344,2026-10-04 04:55:52,AIR,1.4,28.0,102.9,1007.0
567345,2026-10-04 04:55:52,ICE,67.5,846.0,102.9,1183.0
567346,2026-10-04 04:55:52,WAT,0.0,0.0,101.9,783.0
567347,2026-10-04 04:55:52,MAC,5.0,67.0,102.5,1114.0
567348,2026-10-04 04:58:54,AIR,1.4,28.0,102.9,1007.0
567349,2026-10-04 04:58:54,ICE,67.5,846.0,102.9,1183.0
567350,2026-10-04 04:58:54,WAT,0.0,0.0,101.9,783.0
567351,2026-10-04 04:58:54,MAC,5.0,67.0,102.5,1114.0
567352,2026-10-04 05:01:55,AIR,1.4,28.0,102.9,1007.0
567353,2026-10-04 05:01:55,ICE,67.5,846.0,102.9,1183.0
567354,2026-10-04 05:01:55,WAT,0.0,0.0,101.9,783.0
567355,2026-10-04 05:01:55,MAC,5.0,67.0,102.5,1114.0
567356,2026-10-04 05:04:56,AIR,1.4,28.0,102.9,1007.0
567357,2026-10-04 05:04:56,ICE,67.5,846.0,102.9,1183.0
567358,2026-10-04 05:04:56,WAT,0.0,0.0,101.9,783.0
567359,2026-10-04 05:04:56,MAC,5.0,67.0,102.5,1114.0
567360,2026-10-04 05:07:57,AIR,1.4,28.0,102.9,1007.0
567361,2026-10-04 05:07:57,ICE,67.5,846.0,102.9,1183.0
567362,2026-10-04 05:07:57,WAT,0.0,0.0,101.9,783.0
567363,2026-10-04 05:07:57,MAC,5.0,67.0,102.5,1114.0
567364,2026-10-04 05:10:58,AIR,1.4,28.0,102.9,1007.0
567365,2026-10-04 05:10:58,ICE,67.5,846.0,102.9,1183.0
567366,2026-10-04 05:10:58,WAT,0.0,0.0,101.9,783.0
567367,2026-10-04 05:10:58,MAC,5.0,67.0,102.5,1114.0
567368,2026-10-04 05:14:00,AIR,1.4,28.0,102.9,1007.0
567369,2026-10-04 05:14:00,ICE,57.4,717.0,102.7,1212.0
567370,2026-10-04 05:14:00,WAT,0.0,0.0,101.9,783.0
567371,2026-10-04 05:14:00,MAC,5.0,67.0,102.5,1114.0
567372,2026-10-04 05:17:01,AIR,1.4,28.0,102.9,1007.0
567373,2026-10-04 05:17:01,ICE,57.4,717.0,102.7,1212.0
567374,2026-10-04 05:17:01,WAT,0.0,0.0,101.9,783.0
567375,2026-10-04 05:17:01,MAC,5.0,67.0,102.5,1114.0
567376,2026-10-04 05:20:02,AIR,1.4,28.0,102.9,1007.0
567377,2026-10-04 05:20:02,ICE,57.4,717.0,102.7,1212.0
567378,2026-10-04 05:20:02,WAT,0.0,0.0,101.9,783.0
567379,2026-10-04 05:20:02,MAC,5.0,67.0,102.5,1114.0
567380,2026-10-04 05:23:05,AIR,1.4,28.0,102.9,1007.0
567381,2026-10-04 05:23:05,ICE,57.4,717.0,102.7,1212.0
567382,2026-10-04 05:23:05,WAT,0.0,0.0,101.9,783.0
567383,2026-10-04 05:23:05,MAC,5.0,67.0,102.5,1114.0
567384,2026-10-04 05:26:07,AIR,1.4,28.0,102.9,1007.0
567385,2026-10-04 05:26:07,ICE,57.4,717.0,102.7,1212.0
567386,2026-10-04 05:26:07,WAT,0.0,0.0,101.9,783.0
567387,2026-10-04 05:26:07,MAC,5.0,67.0,102.5,1114.0
567388,2026-10-04 05:29:08,AIR,1.4,28.0,102.9,1007.0
567389,2026-10-04 05:29:08,ICE,57.4,717.0,102.7,1212.0
567390,2026-10-04 05:29:08,WAT,0.0,0.0,101.9,783.0
567391,2026-10-04 05:29:08,MAC,5.0,67.0,102.5,1114.0
567392,2026-10-04 05:32:10,AIR,1.4,28.0,102.9,1007.0
567393,2026-10-04 05:32:10,ICE,57.4,717.0,102.7,1212.0
567394,2026-10-04 05:32:10,WAT,0.0,0.0,101.9,783.0
567395,2026-10-04 05:32:10,MAC,5.0,67.0,102.5,1114.0
567396,2026-10-04 05:35:11,AIR,1.4,28.0,102.9,1007.0
567397,2026-10-04 05:35:11,ICE,3.0,29.0,102.8,1232.0
567398,2026-10-04 05:35:11,WAT,0.0,0.0,101.9,783.0
567399,2026-10-04 05:35:11,MAC,5.0,67.0,102.5,1114.0
567400,2026-10-04 05:38:12,AIR,1.4,28.0,102.9,1007.0
567401,2026-10-04 05:38:12,ICE,3.0,29.0,102.8,1232.0
567402,2026-10-04 05:38:12,WAT,0.0,0.0,101.9,783.0
567403,2026-10-04 05:38:12,MAC,5.0,67.0,102.5,1114.0
567404,2026-10-04 05:41:13,AIR,1.4,28.0,102.9,1007.0
567405,2026-10-04 05:41:13,ICE,3.0,29.0,102.8,1232.0
567406,2026-10-04 05:41:13,WAT,0.0,0.0,101.9,783.0
567407,2026-10-04 05:41:13,MAC,5.0,67.0,102.5,1114.0
567408,2026-10-04 05:44:15,AIR,1.4,28.0,102.9,1007.0
567409,2026-10-04 05:44:15,ICE,3.0,29.0,102.8,1232.0
567410,2026-10-04 05:44:15,WAT,0.0,0.0,101.9,783.0
567411,2026-10-04 05:44:15,MAC,5.0,67.0,102.5,1114.0
567412,2026-10-04 05:47:16,AIR,1.4,28.0,102.9,1007.0
567413,2026-10-04 05:47:16,ICE,51.7,658.0,102.7,1247.0
567414,2026-10-04 05:47:16,WAT,0.0,0.0,101.9,783.0
567415,2026-10-04 05:47:16,MAC,5.0,67.0,102.5,1114.0
567416,2026-10-04 05:50:17,AIR,1.4,28.0,102.9,1007.0
567417,2026-10-04 05:50:17,ICE,41.0,515.0,102.9,1248.0
567418,2026-10-04 05:50:17,WAT,0.0,0.0,101.9,783.0
567419,2026-10-04 05:50:17,MAC,5.0,67.0,102.5,1114.0
567420,2026-10-04 05:53:19,AIR,1.4,28.0,102.9,1007.0
567421,2026-10-04 05:53:19,ICE,41.0,515.0,102.9,1248.0
567422,2026-10-04 05:53:19,WAT,0.0,0.0,101.9,783.0
567423,2026-10-04 05:53:19,MAC,5.0,67.0,102.5,1114.0
567424,2026-10-04 05:56:20,AIR,1.4,28.0,102.9,1007.0
567425,2026-10-04 05:56:20,ICE,41.0,515.0,102.9,1248.0
567426,2026-10-04 05:56:20,WAT,0.0,0.0,101.9,783.0
567427,2026-10-04 05:56:20,MAC,5.0,67.0,102.5,1114.0
567428,2026-10-04 05:59:22,AIR,1.4,28.0,102.9,1007.0
567429,2026-10-04 05:59:22,ICE,41.0,515.0,102.9,1248.0
567430,2026-10-04 05:59:22,WAT,0.0,0.0,101.9,783.0
567431,2026-10-04 05:59:22,MAC,5.0,67.0,102.5,1114.0
567432,2026-10-04 06:02:23,AIR,1.4,28.0,102.9,1007.0
567433,2026-10-04 06:02:23,ICE,41.0,515.0,102.9,1248.0
567434,2026-10-04 06:02:23,WAT,0.0,0.0,101.9,783.0
567435,2026-10-04 06:02:23,MAC,5.0,67.0,102.5,1114.0
567436,2026-10-04 06:05:24,AIR,1.4,28.0,102.9,1007.0
567437,2026-10-04 06:05:24,ICE,41.0,515.0,102.9,1248.0
567438,2026-10-04 06:05:24,WAT,0.0,0.0,101.9,783.0
567439,2026-10-04 06:05:24,MAC,5.0,67.0,102.5,1114.0
567440,2026-10-04 06:08:25,AIR,1.4,28.0,102.9,1007.0
567441,2026-10-04 06:08:25,ICE,41.0,515.0,102.9,1248.0
567442,2026-10-04 06:08:25,WAT,0.0,0.0,101.9,783.0
567443,2026-10-04 06:08:25,MAC,5.0,67.0,102.5,1114.0
567444,2026-10-04 06:11:27,AIR,1.4,28.0,102.9,1007.0
567445,2026-10-04 06:11:27,ICE,41.0,515.0,102.9,1248.0
567446,2026-10-04 06:11:27,WAT,0.0,0.0,101.9,783.0
567447,2026-10-04 06:11:27,MAC,5.0,67.0,102.5,1114.0
567448,2026-10-04 06:14:28,AIR,1.4,28.0,102.9,1007.0
567449,2026-10-04 06:14:28,ICE,41.0,515.0,102.9,1248.0
567450,2026-10-04 06:14:28,WAT,0.0,0.0,101.9,783.0
567451,2026-10-04 06:14:28,MAC,5.0,67.0,102.5,1114.0
567452,2026-10-04 06:17:29,AIR,1.4,28.0,102.9,1007.0
567453,2026-10-04 06:17:29,ICE,41.0,515.0,102.9,1248.0
567454,2026-10-04 06:17:29,WAT,0.0,0.0,101.9,783.0
567455,2026-10-04 06:17:29,MAC,5.0,67.0,102.5,1114.0
567456,2026-10-04 06:20:30,AIR,1.4,28.0,102.9,1007.0
567457,2026-10-04 06:20:30,ICE,41.0,515.0,102.9,1248.0
567458,2026-10-04 06:20:30,WAT,0.0,0.0,101.9,783.0
567459,2026-10-04 06:20:30,MAC,5.0,67.0,102.5,1114.0
567460,2026-10-04 06:23:32,AIR,1.4,28.0,102.9,1007.0
567461,2026-10-04 06:23:32,ICE,41.0,515.0,102.9,1248.0
567462,2026-10-04 06:23:32,WAT,0.0,0.0,101.9,783.0
567463,2026-10-04 06:23:32,MAC,5.0,67.0,102.5,1114.0
567464,2026-10-04 06:26:33,AIR,1.4,28.0,102.9,1007.0
567465,2026-10-04 06:26:33,ICE,41.0,515.0,102.9,1248.0
567466,2026-10-04 06:26:33,WAT,0.0,0.0,101.9,783.0
567467,2026-10-04 06:26:33,MAC,5.0,67.0,102.5,1114.0
567468,2026-10-04 06:29:35,AIR,1.4,28.0,102.9,1007.0
567469,2026-10-04 06:29:35,ICE,41.0,515.0,102.9,1248.0
567470,2026-10-04 06:29:35,WAT,0.0,0.0,101.9,783.0
567471,2026-10-04 06:29:35,MAC,5.0,67.0,102.5,1114.0
567472,2026-10-04 06:32:36,AIR,1.4,28.0,102.9,1007.0
567473,2026-10-04 06:32:36,ICE,41.0,515.0,102.9,1248.0
567474,2026-10-04 06:32:36,WAT,0.0,0.0,101.9,783.0
567475,2026-10-04 06:32:36,MAC,5.0,67.0,102.5,1114.0
567476,2026-10-04 06:35:38,AIR,1.4,28.0,102.9,1007.0
567477,2026-10-04 06:35:38,ICE,41.0,515.0,102.9,1248.0
567478,2026-10-04 06:35:38,WAT,0.0,0.0,101.9,783.0
567479,2026-10-04 06:35:38,MAC,5.0,67.0,102.5,1114.0
567480,2026-10-04 06:38:39,AIR,1.4,28.0,102.9,1007.0
567481,2026-10-04 06:38:39,ICE,41.0,515.0,102.9,1248.0
567482,2026-10-04 06:38:39,WAT,0.0,0.0,101.9,783.0
567483,2026-10-04 06:38:39,MAC,5.0,67.0,102.5,1114.0
567484,2026-10-04 06:41:40,AIR,1.4,28.0,102.9,1007.0
567485,2026-10-04 06:41:40,ICE,41.0,515.0,102.9,1248.0
567486,2026-10-04 06:41:40,WAT,0.0,0.0,101.9,783.0
567487,2026-10-04 06:41:40,MAC,5.0,67.0,102.5,1114.0
567488,2026-10-04 06:44:42,AIR,1.4,28.0,102.9,1007.0
567489,2026-10-04 06:44:42,ICE,41.0,515.0,102.9,1248.0
567490,2026-10-04 06:44:42,WAT,0.0,0.0,101.9,783.0
567491,2026-10-04 06:44:42,MAC,5.0,67.0,102.5,1114.0
567492,2026-10-04 06:47:41,AIR,1.4,28.0,102.9,1007.0
567493,2026-10-04 06:47:41,ICE,41.0,515.0,102.9,1248.0
567494,2026-10-04 06:47:41,WAT,0.0,0.0,101.9,783.0
567495,2026-10-04 06:47:41,MAC,5.0,67.0,102.5,1114.0
567496,2026-10-04 06:50:42,AIR,1.4,28.0,102.9,1007.0
567497,2026-10-04 06:50:42,ICE,41.0,515.0,102.9,1248.0
567498,2026-10-04 06:50:42,WAT,0.0,0.0,101.9,783.0
567499,2026-10-04 06:50:42,MAC,5.0,67.0,102.5,1114.0
567500,2026-10-04 06:53:43,AIR,1.4,28.0,102.9,1007.0
567501,2026-10-04 06:53:43,ICE,41.0,515.0,102.9,1248.0
567502,2026-10-04 06:53:43,WAT,0.0,0.0,101.9,783.0
567503,2026-10-04 06:53:43,MAC,5.0,67.0,102.5,1114.0
567504,2026-10-04 06:56:45,AIR,1.4,28.0,102.9,1007.0
567505,2026-10-04 06:56:45,ICE,41.0,515.0,102.9,1248.0
567506,2026-10-04 06:56:45,WAT,0.0,0.0,101.9,783.0
567507,2026-10-04 06:56:45,MAC,5.0,67.0,102.5,1114.0
567508,2026-10-04 06:59:46,AIR,1.4,28.0,102.9,1007.0
567509,2026-10-04 06:59:46,ICE,41.0,515.0,102.9,1248.0
567510,2026-10-04 06:59:46,WAT,0.0,0.0,101.9,783.0
567511,2026-10-04 06:59:46,MAC,5.0,67.0,102.5,1114.0
567512,2026-10-04 07:02:47,AIR,1.4,28.0,102.9,1007.0
567513,2026-10-04 07:02:47,ICE,41.0,515.0,102.9,1248.0
567514,2026-10-04 07:02:47,WAT,0.0,0.0,101.9,783.0
567515,2026-10-04 07:02:47,MAC,5.0,67.0,102.5,1114.0
567516,2026-10-04 07:05:49,AIR,1.4,28.0,102.9,1007.0
567517,2026-10-04 07:05:49,ICE,41.0,515.0,102.9,1248.0
567518,2026-10-04 07:05:49,WAT,0.0,0.0,101.9,783.0
567519,2026-10-04 07:05:49,MAC,5.0,67.0,102.5,1114.0
567520,2026-10-04 07:08:50,AIR,1.4,28.0,102.9,1007.0
567521,2026-10-04 07:08:50,ICE,41.0,515.0,102.9,1248.0
567522,2026-10-04 07:08:50,WAT,0.0,0.0,101.9,783.0
567523,2026-10-04 07:08:50,MAC,5.0,67.0,102.5,1114.0
567524,2026-10-04 07:11:52,AIR,1.4,28.0,102.9,1007.0
567525,2026-10-04 07:11:52,ICE,41.0,515.0,102.9,1248.0
567526,2026-10-04 07:11:52,WAT,0.0,0.0,101.9,783.0
567527,2026-10-04 07:11:52,MAC,5.0,67.0,102.5,1114.0
567528,2026-10-04 07:14:53,AIR,1.4,28.0,102.9,1007.0
567529,2026-10-04 07:14:53,ICE,41.0,515.0,102.9,1248.0
567530,2026-10-04 07:14:53,WAT,0.0,0.0,101.9,783.0
567531,2026-10-04 07:14:53,MAC,5.0,67.0,102.5,1114.0
567532,2026-10-04 07:17:57,AIR,1.4,28.0,102.9,1007.0
567533,2026-10-04 07:17:57,ICE,63.2,786.0,103.3,1337.0
567534,2026-10-04 07:17:57,WAT,0.0,0.0,101.9,783.0
567535,2026-10-04 07:17:57,MAC,5.0,67.0,102.5,1114.0
567536,2026-10-04 07:20:58,AIR,1.4,28.0,102.9,1007.0
567537,2026-10-04 07:20:58,ICE,63.2,786.0,103.3,1337.0
567538,2026-10-04 07:20:58,WAT,0.0,0.0,101.9,783.0
567539,2026-10-04 07:20:58,MAC,5.0,67.0,102.5,1114.0
567540,2026-10-04 07:23:59,AIR,1.4,28.0,102.9,1007.0
567541,2026-10-04 07:23:59,ICE,63.2,786.0,103.3,1337.0
567542,2026-10-04 07:23:59,WAT,0.0,0.0,101.9,783.0
567543,2026-10-04 07:23:59,MAC,5.0,67.0,102.5,1114.0
567544,2026-10-04 07:27:01,AIR,1.4,28.0,102.9,1007.0
567545,2026-10-04 07:27:01,ICE,63.2,786.0,103.3,1337.0
567546,2026-10-04 07:27:01,WAT,0.0,0.0,101.9,783.0
567547,2026-10-04 07:27:01,MAC,5.0,67.0,102.5,1114.0
567548,2026-10-04 07:30:02,AIR,1.4,28.0,102.9,1007.0
567549,2026-10-04 07:30:02,ICE,63.2,786.0,103.3,1337.0
567550,2026-10-04 07:30:02,WAT,0.0,0.0,101.9,783.0
567551,2026-10-04 07:30:02,MAC,5.0,67.0,102.5,1114.0
567552,2026-10-04 07:33:22,AIR,1.4,28.0,102.9,1007.0
567553,2026-10-04 07:33:22,ICE,63.2,786.0,103.3,1337.0
567554,2026-10-04 07:33:22,WAT,0.0,0.0,101.9,783.0
567555,2026-10-04 07:33:22,MAC,5.0,67.0,102.5,1114.0
567556,2026-10-04 07:36:23,AIR,1.4,28.0,102.9,1007.0
567557,2026-10-04 07:36:23,ICE,63.2,786.0,103.3,1337.0
567558,2026-10-04 07:36:23,WAT,0.0,0.0,101.9,783.0
567559,2026-10-04 07:36:23,MAC,5.0,67.0,102.5,1114.0
567560,2026-10-04 07:39:25,AIR,1.4,28.0,102.9,1007.0
567561,2026-10-04 07:39:25,ICE,63.2,786.0,103.3,1337.0
567562,2026-10-04 07:39:25,WAT,0.0,0.0,101.9,783.0
567563,2026-10-04 07:39:25,MAC,5.0,67.0,102.5,1114.0
567564,2026-10-04 07:42:26,AIR,1.4,28.0,102.9,1007.0
567565,2026-10-04 07:42:26,ICE,63.2,786.0,103.3,1337.0
567566,2026-10-04 07:42:26,WAT,0.0,0.0,101.9,783.0
567567,2026-10-04 07:42:26,MAC,5.0,67.0,102.5,1114.0
567568,2026-10-04 07:45:27,AIR,1.4,28.0,102.9,1007.0
567569,2026-10-04 07:45:27,ICE,63.2,786.0,103.3,1337.0
567570,2026-10-04 07:45:27,WAT,0.0,0.0,101.9,783.0
567571,2026-10-04 07:45:27,MAC,5.0,67.0,102.5,1114.0
567572,2026-10-04 07:48:29,AIR,1.4,28.0,102.9,1007.0
567573,2026-10-04 07:48:29,ICE,1.4,29.0,102.9,1367.0
567574,2026-10-04 07:48:29,WAT,0.0,0.0,101.9,783.0
567575,2026-10-04 07:48:29,MAC,5.0,67.0,102.5,1114.0
567576,2026-10-04 07:51:30,AIR,1.4,28.0,102.9,1007.0
567577,2026-10-04 07:51:30,ICE,1.4,29.0,102.9,1367.0
567578,2026-10-04 07:51:30,WAT,0.0,0.0,101.9,783.0
567579,2026-10-04 07:51:30,MAC,5.0,67.0,102.5,1114.0
567580,2026-10-04 07:54:31,AIR,1.4,28.0,102.9,1007.0
567581,2026-10-04 07:54:31,ICE,1.4,29.0,102.9,1367.0
567582,2026-10-04 07:54:31,WAT,0.0,0.0,101.9,783.0
567583,2026-10-04 07:54:31,MAC,5.0,67.0,102.5,1114.0
567584,2026-10-04 07:57:33,AIR,1.4,28.0,102.9,1007.0
567585,2026-10-04 07:57:33,ICE,1.4,29.0,102.9,1367.0
567586,2026-10-04 07:57:33,WAT,0.0,0.0,101.9,783.0
567587,2026-10-04 07:57:33,MAC,5.0,67.0,102.5,1114.0
567588,2026-10-04 08:00:34,AIR,1.4,28.0,102.9,1007.0
567589,2026-10-04 08:00:34,ICE,1.4,29.0,102.9,1367.0
567590,2026-10-04 08:00:34,WAT,0.0,0.0,101.9,783.0
567591,2026-10-04 08:00:34,MAC,5.0,67.0,102.5,1114.0
567592,2026-10-04 08:03:46,AIR,1.4,28.0,102.9,1007.0
567593,2026-10-04 08:03:46,ICE,40.1,503.0,104.0,1383.0
567594,2026-10-04 08:03:46,WAT,0.0,0.0,101.9,783.0
567595,2026-10-04 08:03:46,MAC,5.0,67.0,102.5,1114.0
567596,2026-10-04 08:06:47,AIR,1.4,28.0,102.9,1007.0
567597,2026-10-04 08:06:47,ICE,40.1,503.0,104.0,1383.0
567598,2026-10-04 08:06:47,WAT,0.0,0.0,101.9,783.0
567599,2026-10-04 08:06:47,MAC,5.0,67.0,102.5,1114.0
567600,2026-10-04 08:09:48,AIR,1.4,28.0,102.9,1007.0
567601,2026-10-04 08:09:48,ICE,40.1,503.0,104.0,1383.0
567602,2026-10-04 08:09:48,WAT,0.0,0.0,101.9,783.0
567603,2026-10-04 08:09:48,MAC,5.0,67.0,102.5,1114.0
567604,2026-10-04 08:12:49,AIR,1.4,28.0,102.9,1007.0
567605,2026-10-04 08:12:49,ICE,40.1,503.0,104.0,1383.0
567606,2026-10-04 08:12:49,WAT,0.0,0.0,101.9,783.0
567607,2026-10-04 08:12:49,MAC,5.0,67.0,102.5,1114.0
567608,2026-10-04 08:15:51,AIR,1.4,28.0,102.9,1007.0
567609,2026-10-04 08:15:51,ICE,40.1,503.0,104.0,1383.0
567610,2026-10-04 08:15:51,WAT,0.0,0.0,101.9,783.0
567611,2026-10-04 08:15:51,MAC,5.0,67.0,102.5,1114.0
567612,2026-10-04 08:18:52,AIR,1.4,28.0,102.9,1007.0
567613,2026-10-04 08:18:52,ICE,40.1,503.0,104.0,1383.0
567614,2026-10-04 08:18:52,WAT,0.0,0.0,101.9,783.0
567615,2026-10-04 08:18:52,MAC,5.0,67.0,102.5,1114.0
567616,2026-10-04 08:21:53,AIR,1.4,28.0,102.9,1007.0
567617,2026-10-04 08:21:53,ICE,40.1,503.0,104.0,1383.0
567618,2026-10-04 08:21:53,WAT,0.0,0.0,101.9,783.0
567619,2026-10-04 08:21:53,MAC,5.0,67.0,102.5,1114.0
567620,2026-10-04 08:24:55,AIR,1.4,28.0,102.9,1007.0
567621,2026-10-04 08:24:55,ICE,40.1,503.0,104.0,1383.0
567622,2026-10-04 08:24:55,WAT,0.0,0.0,101.9,783.0
567623,2026-10-04 08:24:55,MAC,5.0,67.0,102.5,1114.0
567624,2026-10-04 08:27:56,AIR,1.4,28.0,102.9,1007.0
567625,2026-10-04 08:27:56,ICE,40.1,503.0,104.0,1383.0
567626,2026-10-04 08:27:56,WAT,0.0,0.0,101.9,783.0
567627,2026-10-04 08:27:56,MAC,5.0,67.0,102.5,1114.0
567628,2026-10-04 08:30:58,AIR,1.4,28.0,102.9,1007.0
567629,2026-10-04 08:30:58,ICE,40.1,503.0,104.0,1383.0
567630,2026-10-04 08:30:58,WAT,0.0,0.0,101.9,783.0
567631,2026-10-04 08:30:58,MAC,5.0,67.0,102.5,1114.0
567632,2026-10-04 08:33:59,AIR,1.4,28.0,102.9,1007.0
567633,2026-10-04 08:33:59,ICE,40.1,503.0,104.0,1383.0
567634,2026-10-04 08:33:59,WAT,0.0,0.0,101.9,783.0
567635,2026-10-04 08:33:59,MAC,5.0,67.0,102.5,1114.0
567636,2026-10-04 08:37:01,AIR,1.4,28.0,102.9,1007.0
567637,2026-10-04 08:37:01,ICE,40.1,503.0,104.0,1383.0
567638,2026-10-04 08:37:01,WAT,0.0,0.0,101.9,783.0
567639,2026-10-04 08:37:01,MAC,5.0,67.0,102.5,1114.0
567640,2026-10-04 08:40:03,AIR,1.4,28.0,102.9,1007.0
567641,2026-10-04 08:40:03,ICE,40.1,503.0,104.0,1383.0
567642,2026-10-04 08:40:03,WAT,0.0,0.0,101.9,783.0
567643,2026-10-04 08:40:03,MAC,5.0,67.0,102.5,1114.0
567644,2026-10-04 08:43:05,AIR,1.4,28.0,102.9,1007.0
567645,2026-10-04 08:43:05,ICE,40.1,503.0,104.0,1383.0
567646,2026-10-04 08:43:05,WAT,0.0,0.0,101.9,783.0
567647,2026-10-04 08:43:05,MAC,5.0,67.0,102.5,1114.0
567648,2026-10-04 08:46:07,AIR,1.4,28.0,102.9,1007.0
567649,2026-10-04 08:46:07,ICE,40.1,503.0,104.0,1383.0
567650,2026-10-04 08:46:07,WAT,0.0,0.0,101.9,783.0
567651,2026-10-04 08:46:07,MAC,5.0,67.0,102.5,1114.0
567652,2026-10-04 08:49:08,AIR,1.4,28.0,102.9,1007.0
567653,2026-10-04 08:49:08,ICE,40.1,503.0,104.0,1383.0
567654,2026-10-04 08:49:08,WAT,0.0,0.0,101.9,783.0
567655,2026-10-04 08:49:08,MAC,5.0,67.0,102.5,1114.0
567656,2026-10-04 08:52:10,AIR,1.4,28.0,102.9,1007.0
567657,2026-10-04 08:52:10,ICE,40.1,503.0,104.0,1383.0
567658,2026-10-04 08:52:10,WAT,0.0,0.0,101.9,783.0
567659,2026-10-04 08:52:10,MAC,5.0,67.0,102.5,1114.0
567660,2026-10-04 08:55:11,AIR,1.4,28.0,102.9,1007.0
567661,2026-10-04 08:55:11,ICE,40.1,503.0,104.0,1383.0
567662,2026-10-04 08:55:11,WAT,0.0,0.0,101.9,783.0
567663,2026-10-04 08:55:11,MAC,5.0,67.0,102.5,1114.0
567664,2026-10-04 08:58:12,AIR,1.4,28.0,102.9,1007.0
567665,2026-10-04 08:58:12,ICE,40.1,503.0,104.0,1383.0
567666,2026-10-04 08:58:12,WAT,0.0,0.0,101.9,783.0
567667,2026-10-04 08:58:12,MAC,5.0,67.0,102.5,1114.0
567668,2026-10-04 09:01:14,AIR,1.4,28.0,102.9,1007.0
567669,2026-10-04 09:01:14,ICE,40.1,503.0,104.0,1383.0
567670,2026-10-04 09:01:14,WAT,0.0,0.0,101.9,783.0
567671,2026-10-04 09:01:14,MAC,5.0,67.0,102.5,1114.0
567672,2026-10-04 09:04:16,AIR,1.4,28.0,102.9,1007.0
567673,2026-10-04 09:04:16,ICE,40.1,503.0,104.0,1383.0
567674,2026-10-04 09:04:16,WAT,0.0,0.0,101.9,783.0
567675,2026-10-04 09:04:16,MAC,5.0,67.0,102.5,1114.0
567676,2026-10-04 09:07:17,AIR,1.4,28.0,102.9,1007.0
567677,2026-10-04 09:07:17,ICE,40.1,503.0,104.0,1383.0
567678,2026-10-04 09:07:17,WAT,0.0,0.0,101.9,783.0
567679,2026-10-04 09:07:17,MAC,5.0,67.0,102.5,1114.0
567680,2026-10-04 09:10:18,AIR,1.4,28.0,102.9,1007.0
567681,2026-10-04 09:10:18,ICE,40.1,503.0,104.0,1383.0
567682,2026-10-04 09:10:18,WAT,0.0,0.0,101.9,783.0
567683,2026-10-04 09:10:18,MAC,5.0,67.0,102.5,1114.0
567684,2026-10-04 09:13:19,AIR,1.4,28.0,102.9,1007.0
567685,2026-10-04 09:13:19,ICE,40.1,503.0,104.0,1383.0
567686,2026-10-04 09:13:19,WAT,0.0,0.0,101.9,783.0
567687,2026-10-04 09:13:19,MAC,5.0,67.0,102.5,1114.0
567688,2026-10-04 09:16:21,AIR,1.4,28.0,102.9,1007.0
567689,2026-10-04 09:16:21,ICE,40.1,503.0,104.0,1383.0
567690,2026-10-04 09:16:21,WAT,0.0,0.0,101.9,783.0
567691,2026-10-04 09:16:21,MAC,5.0,67.0,102.5,1114.0
567692,2026-10-04 09:19:22,AIR,1.4,28.0,102.9,1007.0
567693,2026-10-04 09:19:22,ICE,40.1,503.0,104.0,1383.0
567694,2026-10-04 09:19:22,WAT,0.0,0.0,101.9,783.0
567695,2026-10-04 09:19:22,MAC,5.0,67.0,102.5,1114.0
567696,2026-10-04 09:22:23,AIR,1.4,28.0,102.9,1007.0
567697,2026-10-04 09:22:23,ICE,40.1,503.0,104.0,1383.0
567698,2026-10-04 09:22:23,WAT,0.0,0.0,101.9,783.0
567699,2026-10-04 09:22:23,MAC,5.0,67.0,102.5,1114.0
567700,2026-10-04 09:25:25,AIR,1.4,28.0,102.9,1007.0
567701,2026-10-04 09:25:25,ICE,40.1,503.0,104.0,1383.0
567702,2026-10-04 09:25:25,WAT,0.0,0.0,101.9,783.0
567703,2026-10-04 09:25:25,MAC,5.0,67.0,102.5,1114.0
567704,2026-10-04 09:28:26,AIR,1.4,28.0,102.9,1007.0
567705,2026-10-04 09:28:26,ICE,40.1,503.0,104.0,1383.0
567706,2026-10-04 09:28:26,WAT,0.0,0.0,101.9,783.0
567707,2026-10-04 09:28:26,MAC,5.0,67.0,102.5,1114.0
567708,2026-10-04 09:31:28,AIR,1.4,28.0,102.9,1007.0
567709,2026-10-04 09:31:28,ICE,40.1,503.0,104.0,1383.0
567710,2026-10-04 09:31:28,WAT,0.0,0.0,101.9,783.0
567711,2026-10-04 09:31:28,MAC,5.0,67.0,102.5,1114.0
567712,2026-10-04 09:34:29,AIR,1.4,28.0,102.9,1007.0
567713,2026-10-04 09:34:29,ICE,40.1,503.0,104.0,1383.0
567714,2026-10-04 09:34:29,WAT,0.0,0.0,101.9,783.0
567715,2026-10-04 09:34:29,MAC,5.0,67.0,102.5,1114.0
567716,2026-10-04 09:37:30,AIR,1.4,28.0,102.9,1007.0
567717,2026-10-04 09:37:30,ICE,40.1,503.0,104.0,1383.0
567718,2026-10-04 09:37:30,WAT,0.0,0.0,101.9,783.0
567719,2026-10-04 09:37:30,MAC,5.0,67.0,102.5,1114.0
567720,2026-10-04 09:40:32,AIR,1.4,28.0,102.9,1007.0
567721,2026-10-04 09:40:32,ICE,40.1,503.0,104.0,1383.0
567722,2026-10-04 09:40:32,WAT,0.0,0.0,101.9,783.0
567723,2026-10-04 09:40:32,MAC,5.0,67.0,102.5,1114.0
567724,2026-10-04 09:43:33,AIR,1.4,28.0,102.9,1007.0
567725,2026-10-04 09:43:33,ICE,40.1,503.0,104.0,1383.0
567726,2026-10-04 09:43:33,WAT,0.0,0.0,101.9,783.0
567727,2026-10-04 09:43:33,MAC,5.0,67.0,102.5,1114.0
567728,2026-10-04 09:46:34,AIR,1.4,28.0,102.9,1007.0
567729,2026-10-04 09:46:34,ICE,40.1,503.0,104.0,1383.0
567730,2026-10-04 09:46:34,WAT,0.0,0.0,101.9,783.0
567731,2026-10-04 09:46:34,MAC,5.0,67.0,102.5,1114.0
567732,2026-10-04 09:49:36,AIR,1.4,28.0,102.9,1007.0
567733,2026-10-04 09:49:36,ICE,40.1,503.0,104.0,1383.0
567734,2026-10-04 09:49:36,WAT,0.0,0.0,101.9,783.0
567735,2026-10-04 09:49:36,MAC,5.0,67.0,102.5,1114.0
567736,2026-10-04 09:52:37,AIR,1.4,28.0,102.9,1007.0
567737,2026-10-04 09:52:37,ICE,40.1,503.0,104.0,1383.0
567738,2026-10-04 09:52:37,WAT,0.0,0.0,101.9,783.0
567739,2026-10-04 09:52:37,MAC,5.0,67.0,102.5,1114.0
567740,2026-10-04 09:55:39,AIR,1.4,28.0,102.9,1007.0
567741,2026-10-04 09:55:39,ICE,40.1,503.0,104.0,1383.0
567742,2026-10-04 09:55:39,WAT,0.0,0.0,101.9,783.0
567743,2026-10-04 09:55:39,MAC,5.0,67.0,102.5,1114.0
567744,2026-10-04 09:58:40,AIR,1.4,28.0,102.9,1007.0
567745,2026-10-04 09:58:40,ICE,40.1,503.0,104.0,1383.0
567746,2026-10-04 09:58:40,WAT,0.0,0.0,101.9,783.0
567747,2026-10-04 09:58:40,MAC,5.0,67.0,102.5,1114.0
567748,2026-10-04 10:01:41,AIR,1.4,28.0,102.9,1007.0
567749,2026-10-04 10:01:41,ICE,40.1,503.0,104.0,1383.0
567750,2026-10-04 10:01:41,WAT,0.0,0.0,101.9,783.0
567751,2026-10-04 10:01:41,MAC,5.0,67.0,102.5,1114.0
567752,2026-10-04 10:04:43,AIR,1.4,28.0,102.9,1007.0
567753,2026-10-04 10:04:43,ICE,40.1,503.0,104.0,1383.0
567754,2026-10-04 10:04:43,WAT,0.0,0.0,101.9,783.0
567755,2026-10-04 10:04:43,MAC,5.0,67.0,102.5,1114.0
567756,2026-10-04 10:07:44,AIR,1.4,28.0,102.9,1007.0
567757,2026-10-04 10:07:44,ICE,40.1,503.0,104.0,1383.0
567758,2026-10-04 10:07:44,WAT,0.0,0.0,101.9,783.0
567759,2026-10-04 10:07:44,MAC,5.0,67.0,102.5,1114.0
567760,2026-10-04 10:10:46,AIR,1.4,28.0,102.9,1007.0
567761,2026-10-04 10:10:46,ICE,40.1,503.0,104.0,1383.0
567762,2026-10-04 10:10:46,WAT,0.0,0.0,101.9,783.0
567763,2026-10-04 10:10:46,MAC,5.0,67.0,102.5,1114.0
567764,2026-10-04 10:13:47,AIR,1.4,28.0,102.9,1007.0
567765,2026-10-04 10:13:47,ICE,40.1,503.0,104.0,1383.0
567766,2026-10-04 10:13:47,WAT,0.0,0.0,101.9,783.0
567767,2026-10-04 10:13:47,MAC,5.0,67.0,102.5,1114.0
567768,2026-10-04 10:16:48,AIR,1.4,28.0,102.9,1007.0
567769,2026-10-04 10:16:48,ICE,40.1,503.0,104.0,1383.0
567770,2026-10-04 10:16:48,WAT,0.0,0.0,101.9,783.0
567771,2026-10-04 10:16:48,MAC,5.0,67.0,102.5,1114.0
567772,2026-10-04 10:19:50,AIR,1.4,28.0,102.9,1007.0
567773,2026-10-04 10:19:50,ICE,40.1,503.0,104.0,1383.0
567774,2026-10-04 10:19:50,WAT,0.0,0.0,101.9,783.0
567775,2026-10-04 10:19:50,MAC,5.0,67.0,102.5,1114.0
567776,2026-10-04 10:22:51,AIR,1.4,28.0,102.9,1007.0
567777,2026-10-04 10:22:51,ICE,40.1,503.0,104.0,1383.0
567778,2026-10-04 10:22:51,WAT,0.0,0.0,101.9,783.0
567779,2026-10-04 10:22:51,MAC,5.0,67.0,102.5,1114.0
567780,2026-10-04 10:25:52,AIR,1.4,28.0,102.9,1007.0
567781,2026-10-04 10:25:52,ICE,40.1,503.0,104.0,1383.0
567782,2026-10-04 10:25:52,WAT,0.0,0.0,101.9,783.0
567783,2026-10-04 10:25:52,MAC,5.0,67.0,102.5,1114.0
567784,2026-10-04 10:28:54,AIR,1.4,28.0,102.9,1007.0
567785,2026-10-04 10:28:54,ICE,40.1,503.0,104.0,1383.0
567786,2026-10-04 10:28:54,WAT,0.0,0.0,101.9,783.0
567787,2026-10-04 10:28:54,MAC,5.0,67.0,102.5,1114.0
567788,2026-10-04 10:31:55,AIR,1.4,28.0,102.9,1007.0
567789,2026-10-04 10:31:55,ICE,40.1,503.0,104.0,1383.0
567790,2026-10-04 10:31:55,WAT,0.0,0.0,101.9,783.0
567791,2026-10-04 10:31:55,MAC,5.0,67.0,102.5,1114.0
567792,2026-10-04 10:34:57,AIR,1.4,28.0,102.9,1007.0
567793,2026-10-04 10:34:57,ICE,40.1,503.0,104.0,1383.0
567794,2026-10-04 10:34:57,WAT,0.0,0.0,101.9,783.0
567795,2026-10-04 10:34:57,MAC,5.0,67.0,102.5,1114.0
567796,2026-10-04 10:37:58,AIR,1.4,28.0,102.9,1007.0
567797,2026-10-04 10:37:58,ICE,40.1,503.0,104.0,1383.0
567798,2026-10-04 10:37:58,WAT,0.0,0.0,101.9,783.0
567799,2026-10-04 10:37:58,MAC,5.0,67.0,102.5,1114.0
567800,2026-10-04 10:41:01,AIR,1.4,28.0,102.9,1007.0
567801,2026-10-04 10:41:01,ICE,40.1,503.0,104.0,1383.0
567802,2026-10-04 10:41:01,WAT,0.0,0.0,101.9,783.0
567803,2026-10-04 10:41:01,MAC,5.0,67.0,102.5,1114.0
567804,2026-10-04 10:44:03,AIR,1.4,28.0,102.9,1007.0
567805,2026-10-04 10:44:03,ICE,40.1,503.0,104.0,1383.0
567806,2026-10-04 10:44:03,WAT,0.0,0.0,101.9,783.0
567807,2026-10-04 10:44:03,MAC,5.0,67.0,102.5,1114.0
567808,2026-10-04 10:47:04,AIR,1.4,28.0,102.9,1007.0
567809,2026-10-04 10:47:04,ICE,40.1,503.0,104.0,1383.0
567810,2026-10-04 10:47:04,WAT,0.0,0.0,101.9,783.0
567811,2026-10-04 10:47:04,MAC,5.0,67.0,102.5,1114.0
567812,2026-10-04 10:50:06,AIR,1.4,28.0,102.9,1007.0
567813,2026-10-04 10:50:06,ICE,40.1,503.0,104.0,1383.0
567814,2026-10-04 10:50:06,WAT,0.0,0.0,101.9,783.0
567815,2026-10-04 10:50:06,MAC,5.0,67.0,102.5,1114.0
567816,2026-10-04 10:53:07,AIR,1.4,28.0,102.9,1007.0
567817,2026-10-04 10:53:07,ICE,40.1,503.0,104.0,1383.0
567818,2026-10-04 10:53:07,WAT,0.0,0.0,101.9,783.0
567819,2026-10-04 10:53:07,MAC,5.0,67.0,102.5,1114.0
567820,2026-10-04 10:56:09,AIR,1.4,28.0,102.9,1007.0
567821,2026-10-04 10:56:09,ICE,40.1,503.0,104.0,1383.0
567822,2026-10-04 10:56:09,WAT,0.0,0.0,101.9,783.0
567823,2026-10-04 10:56:09,MAC,5.0,67.0,102.5,1114.0
567824,2026-10-04 10:59:10,AIR,1.4,28.0,102.9,1007.0
567825,2026-10-04 10:59:10,ICE,40.1,503.0,104.0,1383.0
567826,2026-10-04 10:59:10,WAT,0.0,0.0,101.9,783.0
567827,2026-10-04 10:59:10,MAC,5.0,67.0,102.5,1114.0
567828,2026-10-04 11:02:13,AIR,1.4,28.0,102.9,1007.0
567829,2026-10-04 11:02:13,ICE,40.1,503.0,104.0,1383.0
567830,2026-10-04 11:02:13,WAT,0.0,0.0,101.9,783.0
567831,2026-10-04 11:02:13,MAC,5.0,67.0,102.5,1114.0
567832,2026-10-04 11:05:14,AIR,1.4,28.0,102.9,1007.0
567833,2026-10-04 11:05:14,ICE,40.1,503.0,104.0,1383.0
567834,2026-10-04 11:05:14,WAT,0.0,0.0,101.9,783.0
567835,2026-10-04 11:05:14,MAC,5.0,67.0,102.5,1114.0
567836,2026-10-04 11:08:15,AIR,1.4,28.0,102.9,1007.0
567837,2026-10-04 11:08:15,ICE,40.1,503.0,104.0,1383.0
567838,2026-10-04 11:08:15,WAT,0.0,0.0,101.9,783.0
567839,2026-10-04 11:08:15,MAC,5.0,67.0,102.5,1114.0
567840,2026-10-04 11:11:17,AIR,1.4,28.0,102.9,1007.0
567841,2026-10-04 11:11:17,ICE,40.1,503.0,104.0,1383.0
567842,2026-10-04 11:11:17,WAT,0.0,0.0,101.9,783.0
567843,2026-10-04 11:11:17,MAC,5.0,67.0,102.5,1114.0
567844,2026-10-04 11:14:18,AIR,1.4,28.0,102.9,1007.0
567845,2026-10-04 11:14:18,ICE,40.1,503.0,104.0,1383.0
567846,2026-10-04 11:14:18,WAT,0.0,0.0,101.9,783.0
567847,2026-10-04 11:14:18,MAC,5.0,67.0,102.5,1114.0
567848,2026-10-04 11:17:20,AIR,1.4,28.0,102.9,1007.0
567849,2026-10-04 11:17:20,ICE,40.1,503.0,104.0,1383.0
567850,2026-10-04 11:17:20,WAT,0.0,0.0,101.9,783.0
567851,2026-10-04 11:17:20,MAC,5.0,67.0,102.5,1114.0
567852,2026-10-04 11:20:21,AIR,1.4,28.0,102.9,1007.0
567853,2026-10-04 11:20:21,ICE,40.1,503.0,104.0,1383.0
567854,2026-10-04 11:20:21,WAT,0.0,0.0,101.9,783.0
567855,2026-10-04 11:20:21,MAC,5.0,67.0,102.5,1114.0
567856,2026-10-04 11:23:22,AIR,1.4,28.0,102.9,1007.0
567857,2026-10-04 11:23:22,ICE,40.1,503.0,104.0,1383.0
567858,2026-10-04 11:23:22,WAT,0.0,0.0,101.9,783.0
567859,2026-10-04 11:23:22,MAC,5.0,67.0,102.5,1114.0
567860,2026-10-04 11:26:24,AIR,1.4,28.0,102.9,1007.0
567861,2026-10-04 11:26:24,ICE,40.1,503.0,104.0,1383.0
567862,2026-10-04 11:26:24,WAT,0.0,0.0,101.9,783.0
567863,2026-10-04 11:26:24,MAC,5.0,67.0,102.5,1114.0
567864,2026-10-04 11:29:25,AIR,1.4,28.0,102.9,1007.0
567865,2026-10-04 11:29:25,ICE,40.1,503.0,104.0,1383.0
567866,2026-10-04 11:29:25,WAT,0.0,0.0,101.9,783.0
567867,2026-10-04 11:29:25,MAC,5.0,67.0,102.5,1114.0
567868,2026-10-04 11:32:27,AIR,1.4,28.0,102.9,1007.0
567869,2026-10-04 11:32:27,ICE,40.1,503.0,104.0,1383.0
567870,2026-10-04 11:32:27,WAT,0.0,0.0,101.9,783.0
567871,2026-10-04 11:32:27,MAC,5.0,67.0,102.5,1114.0
567872,2026-10-04 11:35:29,AIR,1.4,28.0,102.9,1007.0
567873,2026-10-04 11:35:29,ICE,40.1,503.0,104.0,1383.0
567874,2026-10-04 11:35:29,WAT,0.0,0.0,101.9,783.0
567875,2026-10-04 11:35:29,MAC,5.0,67.0,102.5,1114.0
567876,2026-10-04 11:38:30,AIR,1.4,28.0,102.9,1007.0
567877,2026-10-04 11:38:30,ICE,61.9,785.0,102.9,157.0
567878,2026-10-04 11:38:30,WAT,0.0,0.0,101.9,783.0
567879,2026-10-04 11:38:30,MAC,5.0,67.0,102.5,1114.0
567880,2026-10-04 11:41:31,AIR,1.4,28.0,102.9,1007.0
567881,2026-10-04 11:41:31,ICE,61.9,785.0,102.9,157.0
567882,2026-10-04 11:41:31,WAT,0.0,0.0,101.9,783.0
567883,2026-10-04 11:41:31,MAC,5.0,67.0,102.5,1114.0
567884,2026-10-04 11:44:32,AIR,1.4,28.0,102.9,1007.0
567885,2026-10-04 11:44:32,ICE,61.9,785.0,102.9,157.0
567886,2026-10-04 11:44:32,WAT,0.0,0.0,101.9,783.0
567887,2026-10-04 11:44:32,MAC,5.0,67.0,102.5,1114.0
567888,2026-10-04 11:47:34,AIR,1.4,28.0,102.9,1007.0
567889,2026-10-04 11:47:34,ICE,61.9,785.0,102.9,157.0
567890,2026-10-04 11:47:34,WAT,0.0,0.0,101.9,783.0
567891,2026-10-04 11:47:34,MAC,5.0,67.0,102.5,1114.0
567892,2026-10-04 11:50:35,AIR,1.4,28.0,102.9,1007.0
567893,2026-10-04 11:50:35,ICE,61.9,785.0,102.9,157.0
567894,2026-10-04 11:50:35,WAT,0.0,0.0,101.9,783.0
567895,2026-10-04 11:50:35,MAC,5.0,67.0,102.5,1114.0
567896,2026-10-04 11:53:36,AIR,1.4,28.0,102.9,1007.0
567897,2026-10-04 11:53:36,ICE,61.9,785.0,102.9,157.0
567898,2026-10-04 11:53:36,WAT,0.0,0.0,101.9,783.0
567899,2026-10-04 11:53:36,MAC,5.3,80.0,102.8,173.0
567900,2026-10-04 11:56:38,AIR,1.4,28.0,102.9,1007.0
567901,2026-10-04 11:56:38,ICE,61.9,785.0,102.9,157.0
567902,2026-10-04 11:56:38,WAT,0.0,0.0,101.9,783.0
567903,2026-10-04 11:56:38,MAC,5.3,80.0,102.8,173.0
567904,2026-10-04 11:59:39,AIR,1.4,28.0,102.9,1007.0
567905,2026-10-04 11:59:39,ICE,61.9,785.0,102.9,157.0
567906,2026-10-04 11:59:39,WAT,0.0,0.0,101.9,783.0
567907,2026-10-04 11:59:39,MAC,5.3,80.0,102.8,173.0
567908,2026-10-04 12:02:40,AIR,1.4,28.0,102.9,1007.0
567909,2026-10-04 12:02:40,ICE,61.9,785.0,102.9,157.0
567910,2026-10-04 12:02:40,WAT,0.0,0.0,101.9,783.0
567911,2026-10-04 12:02:40,MAC,5.3,80.0,102.8,173.0
567912,2026-10-04 12:05:42,AIR,1.4,28.0,102.9,1007.0
567913,2026-10-04 12:05:42,ICE,61.9,785.0,102.9,157.0
567914,2026-10-04 12:05:42,WAT,0.0,0.0,101.9,783.0
567915,2026-10-04 12:05:42,MAC,5.3,80.0,102.8,173.0
567916,2026-10-04 12:08:43,AIR,1.4,28.0,102.9,1007.0
567917,2026-10-04 12:08:43,ICE,3.0,29.0,103.3,186.0
567918,2026-10-04 12:08:43,WAT,0.0,0.0,101.9,783.0
567919,2026-10-04 12:08:43,MAC,5.3,80.0,102.8,173.0
567920,2026-10-04 12:11:44,AIR,1.4,28.0,102.9,1007.0
567921,2026-10-04 12:11:44,ICE,3.0,29.0,103.3,186.0
567922,2026-10-04 12:11:44,WAT,0.0,0.0,101.9,783.0
567923,2026-10-04 12:11:44,MAC,5.3,80.0,102.8,173.0
567924,2026-10-04 12:14:46,AIR,1.4,28.0,102.9,1007.0
567925,2026-10-04 12:14:46,ICE,3.0,29.0,103.3,186.0
567926,2026-10-04 12:14:46,WAT,0.0,0.0,101.9,783.0
567927,2026-10-04 12:14:46,MAC,5.3,80.0,102.8,173.0
567928,2026-10-04 12:17:47,AIR,1.4,28.0,102.9,1007.0
567929,2026-10-04 12:17:47,ICE,3.0,29.0,103.3,186.0
567930,2026-10-04 12:17:47,WAT,0.0,0.0,101.9,783.0
567931,2026-10-04 12:17:47,MAC,5.3,80.0,102.8,173.0
567932,2026-10-04 12:20:49,AIR,1.4,28.0,102.9,1007.0
567933,2026-10-04 12:20:49,ICE,39.2,494.0,103.2,200.0
567934,2026-10-04 12:20:49,WAT,0.0,0.0,101.9,783.0
567935,2026-10-04 12:20:49,MAC,5.3,80.0,102.8,173.0
567936,2026-10-04 12:23:50,AIR,1.4,28.0,102.9,1007.0
567937,2026-10-04 12:23:50,ICE,39.2,494.0,103.2,200.0
567938,2026-10-04 12:23:50,WAT,0.0,0.0,101.9,783.0
567939,2026-10-04 12:23:50,MAC,5.3,80.0,102.8,173.0
567940,2026-10-04 12:26:51,AIR,1.4,28.0,102.9,1007.0
567941,2026-10-04 12:26:51,ICE,39.2,494.0,103.2,200.0
567942,2026-10-04 12:26:51,WAT,0.0,0.0,101.9,783.0
567943,2026-10-04 12:26:51,MAC,5.3,80.0,102.8,173.0
567944,2026-10-04 12:29:53,AIR,1.4,28.0,102.9,1007.0
567945,2026-10-04 12:29:53,ICE,39.2,494.0,103.2,200.0
567946,2026-10-04 12:29:53,WAT,0.0,0.0,101.9,783.0
567947,2026-10-04 12:29:53,MAC,5.3,80.0,102.8,173.0
567948,2026-10-04 12:32:54,AIR,1.4,28.0,102.9,1007.0
567949,2026-10-04 12:32:54,ICE,39.2,494.0,103.2,200.0
567950,2026-10-04 12:32:54,WAT,0.0,0.0,101.9,783.0
567951,2026-10-04 12:32:54,MAC,5.3,80.0,102.8,173.0
567952,2026-10-04 12:35:56,AIR,1.4,28.0,102.9,1007.0
567953,2026-10-04 12:35:56,ICE,39.2,494.0,103.2,200.0
567954,2026-10-04 12:35:56,WAT,0.0,0.0,101.9,783.0
567955,2026-10-04 12:35:56,MAC,5.3,80.0,102.8,173.0
567956,2026-10-04 12:38:57,AIR,1.4,28.0,102.9,1007.0
567957,2026-10-04 12:38:57,ICE,39.2,494.0,103.2,200.0
567958,2026-10-04 12:38:57,WAT,0.0,0.0,101.9,783.0
567959,2026-10-04 12:38:57,MAC,5.3,80.0,102.8,173.0
567960,2026-10-04 12:41:58,AIR,1.4,28.0,102.9,1007.0
567961,2026-10-04 12:41:58,ICE,39.2,494.0,103.2,200.0
567962,2026-10-04 12:41:58,WAT,0.0,0.0,101.9,783.0
567963,2026-10-04 12:41:58,MAC,5.3,80.0,102.8,173.0
567964,2026-10-04 12:45:00,AIR,1.4,28.0,102.9,1007.0
567965,2026-10-04 12:45:00,ICE,39.2,494.0,103.2,200.0
567966,2026-10-04 12:45:00,WAT,0.0,0.0,101.9,783.0
567967,2026-10-04 12:45:00,MAC,5.3,80.0,102.8,173.0
567968,2026-10-04 12:48:03,AIR,1.4,28.0,102.9,1007.0
567969,2026-10-04 12:48:03,ICE,39.2,494.0,103.2,200.0
567970,2026-10-04 12:48:03,WAT,0.0,0.0,101.9,783.0
567971,2026-10-04 12:48:03,MAC,5.3,80.0,102.8,173.0
567972,2026-10-04 12:51:04,AIR,1.4,28.0,102.9,1007.0
567973,2026-10-04 12:51:04,ICE,39.2,494.0,103.2,200.0
567974,2026-10-04 12:51:04,WAT,0.0,0.0,101.9,783.0
567975,2026-10-04 12:51:04,MAC,5.3,80.0,102.8,173.0
567976,2026-10-04 12:54:06,AIR,1.4,28.0,102.9,1007.0
567977,2026-10-04 12:54:06,ICE,39.2,494.0,103.2,200.0
567978,2026-10-04 12:54:06,WAT,0.0,0.0,101.9,783.0
567979,2026-10-04 12:54:06,MAC,5.3,80.0,102.8,173.0
567980,2026-10-04 12:57:07,AIR,1.4,28.0,102.9,1007.0
567981,2026-10-04 12:57:07,ICE,39.2,494.0,103.2,200.0
567982,2026-10-04 12:57:07,WAT,0.0,0.0,101.9,783.0
567983,2026-10-04 12:57:07,MAC,5.3,80.0,102.8,173.0
567984,2026-10-04 13:00:09,AIR,1.4,28.0,102.9,1007.0
567985,2026-10-04 13:00:09,ICE,39.2,494.0,103.2,200.0
567986,2026-10-04 13:00:09,WAT,0.0,0.0,101.9,783.0
567987,2026-10-04 13:00:09,MAC,5.3,80.0,102.8,173.0
567988,2026-10-04 13:03:17,AIR,1.4,28.0,102.9,1007.0
567989,2026-10-04 13:03:17,ICE,39.2,494.0,103.2,200.0
567990,2026-10-04 13:03:17,WAT,0.0,0.0,101.9,783.0
567991,2026-10-04 13:03:17,MAC,5.3,80.0,102.8,173.0
567992,2026-10-04 13:06:19,AIR,1.4,28.0,102.9,1007.0
567993,2026-10-04 13:06:19,ICE,39.2,494.0,103.2,200.0
567994,2026-10-04 13:06:19,WAT,0.0,0.0,101.9,783.0
567995,2026-10-04 13:06:19,MAC,5.3,80.0,102.8,173.0
567996,2026-10-04 13:09:21,AIR,1.4,28.0,102.9,1007.0
567997,2026-10-04 13:09:21,ICE,39.2,494.0,103.2,200.0
567998,2026-10-04 13:09:21,WAT,0.0,0.0,101.9,783.0
567999,2026-10-04 13:09:21,MAC,5.3,80.0,102.8,173.0
568000,2026-10-04 13:12:22,AIR,1.4,28.0,102.9,1007.0
568001,2026-10-04 13:12:22,ICE,39.2,494.0,103.2,200.0
568002,2026-10-04 13:12:22,WAT,0.0,0.0,101.9,783.0
568003,2026-10-04 13:12:22,MAC,5.3,80.0,102.8,173.0
568004,2026-10-04 13:15:23,AIR,1.4,28.0,102.9,1007.0
568005,2026-10-04 13:15:23,ICE,39.2,494.0,103.2,200.0
568006,2026-10-04 13:15:23,WAT,0.0,0.0,101.9,783.0
568007,2026-10-04 13:15:23,MAC,5.3,80.0,102.8,173.0
568008,2026-10-04 13:18:25,AIR,1.4,28.0,102.9,1007.0
568009,2026-10-04 13:18:25,ICE,39.2,494.0,103.2,200.0
568010,2026-10-04 13:18:25,WAT,0.0,0.0,101.9,783.0
568011,2026-10-04 13:18:25,MAC,5.3,80.0,102.8,173.0
568012,2026-10-04 13:21:27,AIR,1.4,28.0,102.9,1007.0
568013,2026-10-04 13:21:27,ICE,39.2,494.0,103.2,200.0
568014,2026-10-04 13:21:27,WAT,0.0,0.0,101.9,783.0
568015,2026-10-04 13:21:27,MAC,5.3,80.0,102.8,173.0
568016,2026-10-04 13:24:28,AIR,1.4,28.0,102.9,1007.0
568017,2026-10-04 13:24:28,ICE,39.2,494.0,103.2,200.0
568018,2026-10-04 13:24:28,WAT,0.0,0.0,101.9,783.0
568019,2026-10-04 13:24:28,MAC,5.3,80.0,102.8,173.0
568020,2026-10-04 13:27:30,AIR,1.4,28.0,102.9,1007.0
568021,2026-10-04 13:27:30,ICE,39.2,494.0,103.2,200.0
568022,2026-10-04 13:27:30,WAT,0.0,0.0,101.9,783.0
568023,2026-10-04 13:27:30,MAC,5.3,80.0,102.8,173.0
568024,2026-10-04 13:30:31,AIR,1.4,28.0,102.9,1007.0
568025,2026-10-04 13:30:31,ICE,39.2,494.0,103.2,200.0
568026,2026-10-04 13:30:31,WAT,0.0,0.0,101.9,783.0
568027,2026-10-04 13:30:31,MAC,5.3,80.0,102.8,173.0
568028,2026-10-04 13:33:33,AIR,1.4,28.0,102.9,1007.0
568029,2026-10-04 13:33:33,ICE,39.2,494.0,103.2,200.0
568030,2026-10-04 13:33:33,WAT,0.0,0.0,101.9,783.0
568031,2026-10-04 13:33:33,MAC,5.3,80.0,102.8,173.0
568032,2026-10-04 13:36:34,AIR,1.4,28.0,102.9,1007.0
568033,2026-10-04 13:36:34,ICE,39.2,494.0,103.2,200.0
568034,2026-10-04 13:36:34,WAT,0.0,0.0,101.9,783.0
568035,2026-10-04 13:36:34,MAC,5.3,80.0,102.8,173.0
568036,2026-10-04 13:39:36,AIR,1.4,28.0,102.9,1007.0
568037,2026-10-04 13:39:36,ICE,39.2,494.0,103.2,200.0
568038,2026-10-04 13:39:36,WAT,0.0,0.0,101.9,783.0
568039,2026-10-04 13:39:36,MAC,5.3,80.0,102.8,173.0
568040,2026-10-04 13:42:37,AIR,1.4,28.0,102.9,1007.0
568041,2026-10-04 13:42:37,ICE,39.2,494.0,103.2,200.0
568042,2026-10-04 13:42:37,WAT,0.0,0.0,101.9,783.0
568043,2026-10-04 13:42:37,MAC,5.3,80.0,102.8,173.0
568044,2026-10-04 13:45:41,AIR,1.4,28.0,102.9,1007.0
568045,2026-10-04 13:45:41,ICE,39.2,494.0,103.2,200.0
568046,2026-10-04 13:45:41,WAT,0.0,0.0,101.9,783.0
568047,2026-10-04 13:45:41,MAC,5.3,80.0,102.8,173.0
568048,2026-10-04 13:48:42,AIR,1.4,28.0,102.9,1007.0
568049,2026-10-04 13:48:42,ICE,39.2,494.0,103.2,200.0
568050,2026-10-04 13:48:42,WAT,0.0,0.0,101.9,783.0
568051,2026-10-04 13:48:42,MAC,5.3,80.0,102.8,173.0
568052,2026-10-04 13:51:43,AIR,1.4,28.0,102.9,1007.0
568053,2026-10-04 13:51:43,ICE,60.4,757.0,103.1,290.0
568054,2026-10-04 13:51:43,WAT,0.0,0.0,101.9,783.0
568055,2026-10-04 13:51:43,MAC,5.3,80.0,102.8,173.0
568056,2026-10-04 13:54:45,AIR,1.4,28.0,102.9,1007.0
568057,2026-10-04 13:54:45,ICE,60.4,757.0,103.1,290.0
568058,2026-10-04 13:54:45,WAT,0.0,0.0,101.9,783.0
568059,2026-10-04 13:54:45,MAC,5.3,80.0,102.8,173.0
568060,2026-10-04 13:57:47,AIR,1.4,28.0,102.9,1007.0
568061,2026-10-04 13:57:47,ICE,60.4,757.0,103.1,290.0
568062,2026-10-04 13:57:47,WAT,0.0,0.0,101.9,783.0
568063,2026-10-04 13:57:47,MAC,5.3,80.0,102.8,173.0
568064,2026-10-04 14:00:48,AIR,1.4,28.0,102.9,1007.0
568065,2026-10-04 14:00:48,ICE,60.4,757.0,103.1,290.0
568066,2026-10-04 14:00:48,WAT,0.0,0.0,101.9,783.0
568067,2026-10-04 14:00:48,MAC,5.3,80.0,102.8,173.0
568068,2026-10-04 14:03:49,AIR,1.4,28.0,102.9,1007.0
568069,2026-10-04 14:03:49,ICE,60.4,757.0,103.1,290.0
568070,2026-10-04 14:03:49,WAT,0.0,0.0,101.9,783.0
568071,2026-10-04 14:03:49,MAC,5.3,80.0,102.8,173.0
568072,2026-10-04 14:06:51,AIR,1.4,28.0,102.9,1007.0
568073,2026-10-04 14:06:51,ICE,60.4,757.0,103.1,290.0
568074,2026-10-04 14:06:51,WAT,0.0,0.0,101.9,783.0
568075,2026-10-04 14:06:51,MAC,5.3,80.0,102.8,173.0
568076,2026-10-04 14:09:52,AIR,1.4,28.0,102.9,1007.0
568077,2026-10-04 14:09:52,ICE,60.4,757.0,103.1,290.0
568078,2026-10-04 14:09:52,WAT,0.0,0.0,101.9,783.0
568079,2026-10-04 14:09:52,MAC,5.3,80.0,102.8,173.0
568080,2026-10-04 14:12:53,AIR,1.4,28.0,102.9,1007.0
568081,2026-10-04 14:12:53,ICE,60.4,757.0,103.1,290.0
568082,2026-10-04 14:12:53,WAT,0.0,0.0,101.9,783.0
568083,2026-10-04 14:12:53,MAC,5.3,80.0,102.8,173.0
568084,2026-10-04 14:15:55,AIR,1.4,28.0,102.9,1007.0
568085,2026-10-04 14:15:55,ICE,60.4,757.0,103.1,290.0
568086,2026-10-04 14:15:55,WAT,0.0,0.0,101.9,783.0
568087,2026-10-04 14:15:55,MAC,5.3,80.0,102.8,173.0
568088,2026-10-04 14:18:56,AIR,1.4,28.0,102.9,1007.0
568089,2026-10-04 14:18:56,ICE,60.4,757.0,103.1,290.0
568090,2026-10-04 14:18:56,WAT,0.0,0.0,101.9,783.0
568091,2026-10-04 14:18:56,MAC,5.3,80.0,102.8,173.0
568092,2026-10-04 14:21:57,AIR,1.4,28.0,102.9,1007.0
568093,2026-10-04 14:21:57,ICE,60.4,757.0,103.1,290.0
568094,2026-10-04 14:21:57,WAT,0.0,0.0,101.9,783.0
568095,2026-10-04 14:21:57,MAC,5.3,80.0,102.8,173.0
568096,2026-10-04 14:24:59,AIR,1.4,28.0,102.9,1007.0
568097,2026-10-04 14:24:59,ICE,60.4,757.0,103.1,290.0
568098,2026-10-04 14:24:59,WAT,0.0,0.0,101.9,783.0
568099,2026-10-04 14:24:59,MAC,5.3,80.0,102.8,173.0
568100,2026-10-04 14:28:00,AIR,1.4,28.0,102.9,1007.0
568101,2026-10-04 14:28:00,ICE,60.4,757.0,103.1,290.0
568102,2026-10-04 14:28:00,WAT,0.0,0.0,101.9,783.0
568103,2026-10-04 14:28:00,MAC,5.3,80.0,102.8,173.0
568104,2026-10-04 14:31:02,AIR,1.4,28.0,102.9,1007.0
568105,2026-10-04 14:31:02,ICE,60.4,757.0,103.1,290.0
568106,2026-10-04 14:31:02,WAT,0.0,0.0,101.9,783.0
568107,2026-10-04 14:31:02,MAC,5.3,80.0,102.8,173.0
568108,2026-10-04 14:34:03,AIR,1.4,28.0,102.9,1007.0
568109,2026-10-04 14:34:03,ICE,60.4,757.0,103.1,290.0
568110,2026-10-04 14:34:03,WAT,0.0,0.0,101.9,783.0
568111,2026-10-04 14:34:03,MAC,5.3,80.0,102.8,173.0
568112,2026-10-04 14:37:05,AIR,1.4,28.0,102.9,1007.0
568113,2026-10-04 14:37:05,ICE,60.4,757.0,103.1,290.0
568114,2026-10-04 14:37:05,WAT,0.0,0.0,101.9,783.0
568115,2026-10-04 14:37:05,MAC,5.3,80.0,102.8,173.0
568116,2026-10-04 14:40:06,AIR,1.4,28.0,102.9,1007.0
568117,2026-10-04 14:40:06,ICE,60.4,757.0,103.1,290.0
568118,2026-10-04 14:40:06,WAT,0.0,0.0,101.9,783.0
568119,2026-10-04 14:40:06,MAC,5.3,80.0,102.8,173.0
568120,2026-10-04 14:43:08,AIR,1.4,28.0,102.9,1007.0
568121,2026-10-04 14:43:08,ICE,4.3,41.0,102.9,342.0
568122,2026-10-04 14:43:08,WAT,0.0,0.0,101.9,783.0
568123,2026-10-04 14:43:08,MAC,5.3,80.0,102.8,173.0
568124,2026-10-04 14:46:09,AIR,1.4,28.0,102.9,1007.0
568125,2026-10-04 14:46:09,ICE,4.3,41.0,102.9,342.0
568126,2026-10-04 14:46:09,WAT,0.0,0.0,101.9,783.0
568127,2026-10-04 14:46:09,MAC,5.3,80.0,102.8,173.0
568128,2026-10-04 14:49:10,AIR,1.4,28.0,102.9,1007.0
568129,2026-10-04 14:49:10,ICE,4.3,41.0,102.9,342.0
568130,2026-10-04 14:49:10,WAT,0.0,0.0,101.9,783.0
568131,2026-10-04 14:49:10,MAC,5.3,80.0,102.8,173.0
568132,2026-10-04 14:52:12,AIR,1.4,28.0,102.9,1007.0
568133,2026-10-04 14:52:12,ICE,4.3,41.0,102.9,342.0
568134,2026-10-04 14:52:12,WAT,0.0,0.0,101.9,783.0
568135,2026-10-04 14:52:12,MAC,5.3,80.0,102.8,173.0
568136,2026-10-04 14:55:14,AIR,1.4,28.0,102.9,1007.0
568137,2026-10-04 14:55:14,ICE,4.3,41.0,102.9,342.0
568138,2026-10-04 14:55:14,WAT,0.0,0.0,101.9,783.0
568139,2026-10-04 14:55:14,MAC,5.3,80.0,102.8,173.0
568140,2026-10-04 14:58:16,AIR,1.4,28.0,102.9,1007.0
568141,2026-10-04 14:58:16,ICE,49.3,642.0,103.1,357.0
568142,2026-10-04 14:58:16,WAT,0.0,0.0,101.9,783.0
568143,2026-10-04 14:58:16,MAC,5.3,80.0,102.8,173.0
568144,2026-10-04 15:01:17,AIR,1.4,28.0,102.9,1007.0
568145,2026-10-04 15:01:17,ICE,39.1,495.0,103.2,358.0
568146,2026-10-04 15:01:17,WAT,0.0,0.0,101.9,783.0
568147,2026-10-04 15:01:17,MAC,5.3,80.0,102.8,173.0
568148,2026-10-04 15:04:18,AIR,1.4,28.0,102.9,1007.0
568149,2026-10-04 15:04:18,ICE,39.1,495.0,103.2,358.0
568150,2026-10-04 15:04:18,WAT,0.0,0.0,101.9,783.0
568151,2026-10-04 15:04:18,MAC,5.3,80.0,102.8,173.0
568152,2026-10-04 15:07:20,AIR,1.4,28.0,102.9,1007.0
568153,2026-10-04 15:07:20,ICE,39.1,495.0,103.2,358.0
568154,2026-10-04 15:07:20,WAT,0.0,0.0,101.9,783.0
568155,2026-10-04 15:07:20,MAC,5.3,80.0,102.8,173.0
568156,2026-10-04 15:10:21,AIR,1.4,28.0,102.9,1007.0
568157,2026-10-04 15:10:21,ICE,39.1,495.0,103.2,358.0
568158,2026-10-04 15:10:21,WAT,0.0,0.0,101.9,783.0
568159,2026-10-04 15:10:21,MAC,5.3,80.0,102.8,173.0
568160,2026-10-04 15:13:23,AIR,1.4,28.0,102.9,1007.0
568161,2026-10-04 15:13:23,ICE,39.1,495.0,103.2,358.0
568162,2026-10-04 15:13:23,WAT,0.0,0.0,101.9,783.0
568163,2026-10-04 15:13:23,MAC,5.3,80.0,102.8,173.0
568164,2026-10-04 15:16:24,AIR,1.4,28.0,102.9,1007.0
568165,2026-10-04 15:16:24,ICE,39.1,495.0,103.2,358.0
568166,2026-10-04 15:16:24,WAT,0.0,0.0,101.9,783.0
568167,2026-10-04 15:16:24,MAC,5.3,80.0,102.8,173.0
568168,2026-10-04 15:19:26,AIR,1.4,28.0,102.9,1007.0
568169,2026-10-04 15:19:26,ICE,39.1,495.0,103.2,358.0
568170,2026-10-04 15:19:26,WAT,0.0,0.0,101.9,783.0
568171,2026-10-04 15:19:26,MAC,5.3,80.0,102.8,173.0
568172,2026-10-04 15:22:27,AIR,1.4,28.0,102.9,1007.0
568173,2026-10-04 15:22:27,ICE,39.1,495.0,103.2,358.0
568174,2026-10-04 15:22:27,WAT,0.0,0.0,101.9,783.0
568175,2026-10-04 15:22:27,MAC,5.3,80.0,102.8,173.0
568176,2026-10-04 15:25:28,AIR,1.4,28.0,102.9,1007.0
568177,2026-10-04 15:25:28,ICE,39.1,495.0,103.2,358.0
568178,2026-10-04 15:25:28,WAT,0.0,0.0,101.9,783.0
568179,2026-10-04 15:25:28,MAC,5.3,80.0,102.8,173.0
568180,2026-10-04 15:28:30,AIR,1.4,28.0,102.9,1007.0
568181,2026-10-04 15:28:30,ICE,39.1,495.0,103.2,358.0
568182,2026-10-04 15:28:30,WAT,0.0,0.0,101.9,783.0
568183,2026-10-04 15:28:30,MAC,5.3,80.0,102.8,173.0
568184,2026-10-04 15:31:32,AIR,1.4,28.0,102.9,1007.0
568185,2026-10-04 15:31:32,ICE,39.1,495.0,103.2,358.0
568186,2026-10-04 15:31:32,WAT,0.0,0.0,101.9,783.0
568187,2026-10-04 15:31:32,MAC,5.3,80.0,102.8,173.0
568188,2026-10-04 15:34:33,AIR,1.4,28.0,102.9,1007.0
568189,2026-10-04 15:34:33,ICE,39.1,495.0,103.2,358.0
568190,2026-10-04 15:34:33,WAT,0.0,0.0,101.9,783.0
568191,2026-10-04 15:34:33,MAC,5.3,80.0,102.8,173.0
568192,2026-10-04 15:37:35,AIR,1.4,28.0,102.9,1007.0
568193,2026-10-04 15:37:35,ICE,39.1,495.0,103.2,358.0
568194,2026-10-04 15:37:35,WAT,0.0,0.0,101.9,783.0
568195,2026-10-04 15:37:35,MAC,5.3,80.0,102.8,173.0
568196,2026-10-04 15:40:34,AIR,1.4,28.0,102.9,1007.0
568197,2026-10-04 15:40:34,ICE,39.1,495.0,103.2,358.0
568198,2026-10-04 15:40:34,WAT,0.0,0.0,101.9,783.0
568199,2026-10-04 15:40:34,MAC,5.3,80.0,102.8,173.0
568200,2026-10-04 15:43:35,AIR,1.4,28.0,102.9,1007.0
568201,2026-10-04 15:43:35,ICE,39.1,495.0,103.2,358.0
568202,2026-10-04 15:43:35,WAT,0.0,0.0,101.9,783.0
568203,2026-10-04 15:43:35,MAC,5.3,80.0,102.8,173.0
568204,2026-10-04 15:46:37,AIR,1.4,28.0,102.9,1007.0
568205,2026-10-04 15:46:37,ICE,39.1,495.0,103.2,358.0
568206,2026-10-04 15:46:37,WAT,0.0,0.0,101.9,783.0
568207,2026-10-04 15:46:37,MAC,5.3,80.0,102.8,173.0
568208,2026-10-04 15:49:38,AIR,1.4,28.0,102.9,1007.0
568209,2026-10-04 15:49:38,ICE,39.1,495.0,103.2,358.0
568210,2026-10-04 15:49:38,WAT,0.0,0.0,101.9,783.0
568211,2026-10-04 15:49:38,MAC,5.3,80.0,102.8,173.0
568212,2026-10-04 15:52:40,AIR,1.4,28.0,102.9,1007.0
568213,2026-10-04 15:52:40,ICE,39.1,495.0,103.2,358.0
568214,2026-10-04 15:52:40,WAT,0.0,0.0,101.9,783.0
568215,2026-10-04 15:52:40,MAC,5.3,80.0,102.8,173.0
568216,2026-10-04 15:55:43,AIR,1.4,28.0,102.9,1007.0
568217,2026-10-04 15:55:43,ICE,39.1,495.0,103.2,358.0
568218,2026-10-04 15:55:43,WAT,0.0,0.0,101.9,783.0
568219,2026-10-04 15:55:43,MAC,5.3,80.0,102.8,173.0
568220,2026-10-04 15:58:44,AIR,1.4,28.0,102.9,1007.0
568221,2026-10-04 15:58:44,ICE,39.1,495.0,103.2,358.0
568222,2026-10-04 15:58:44,WAT,0.0,0.0,101.9,783.0
568223,2026-10-04 15:58:44,MAC,5.3,80.0,102.8,173.0
568224,2026-10-04 16:01:46,AIR,1.4,28.0,102.9,1007.0
568225,2026-10-04 16:01:46,ICE,39.1,495.0,103.2,358.0
568226,2026-10-04 16:01:46,WAT,0.0,0.0,101.9,783.0
568227,2026-10-04 16:01:46,MAC,5.3,80.0,102.8,173.0
568228,2026-10-04 16:04:47,AIR,1.4,28.0,102.9,1007.0
568229,2026-10-04 16:04:47,ICE,39.1,495.0,103.2,358.0
568230,2026-10-04 16:04:47,WAT,0.0,0.0,101.9,783.0
568231,2026-10-04 16:04:47,MAC,5.3,80.0,102.8,173.0
568232,2026-10-04 16:07:48,AIR,1.4,28.0,102.9,1007.0
568233,2026-10-04 16:07:48,ICE,39.1,495.0,103.2,358.0
568234,2026-10-04 16:07:48,WAT,0.0,0.0,101.9,783.0
568235,2026-10-04 16:07:48,MAC,5.3,80.0,102.8,173.0
568236,2026-10-04 16:10:50,AIR,1.4,28.0,102.9,1007.0
568237,2026-10-04 16:10:50,ICE,39.1,495.0,103.2,358.0
568238,2026-10-04 16:10:50,WAT,0.0,0.0,101.9,783.0
568239,2026-10-04 16:10:50,MAC,5.3,80.0,102.8,173.0
568240,2026-10-04 16:13:51,AIR,1.4,28.0,102.9,1007.0
568241,2026-10-04 16:13:51,ICE,39.1,495.0,103.2,358.0
568242,2026-10-04 16:13:51,WAT,0.0,0.0,101.9,783.0
568243,2026-10-04 16:13:51,MAC,5.3,80.0,102.8,173.0
568244,2026-10-04 16:16:52,AIR,1.4,28.0,102.9,1007.0
568245,2026-10-04 16:16:52,ICE,39.1,495.0,103.2,358.0
568246,2026-10-04 16:16:52,WAT,0.0,0.0,101.9,783.0
568247,2026-10-04 16:16:52,MAC,5.3,80.0,102.8,173.0
568248,2026-10-04 16:19:54,AIR,1.4,28.0,102.9,1007.0
568249,2026-10-04 16:19:54,ICE,39.1,495.0,103.2,358.0
568250,2026-10-04 16:19:54,WAT,0.0,0.0,101.9,783.0
568251,2026-10-04 16:19:54,MAC,5.3,80.0,102.8,173.0
568252,2026-10-04 16:22:55,AIR,1.4,28.0,102.9,1007.0
568253,2026-10-04 16:22:55,ICE,39.1,495.0,103.2,358.0
568254,2026-10-04 16:22:55,WAT,0.0,0.0,101.9,783.0
568255,2026-10-04 16:22:55,MAC,5.3,80.0,102.8,173.0
568256,2026-10-04 16:25:57,AIR,1.4,28.0,102.9,1007.0
568257,2026-10-04 16:25:57,ICE,39.1,495.0,103.2,358.0
568258,2026-10-04 16:25:57,WAT,0.0,0.0,101.9,783.0
568259,2026-10-04 16:25:57,MAC,5.3,80.0,102.8,173.0
568260,2026-10-04 16:28:58,AIR,1.4,28.0,102.9,1007.0
568261,2026-10-04 16:28:58,ICE,60.4,767.0,102.9,447.0
568262,2026-10-04 16:28:58,WAT,0.0,0.0,101.9,783.0
568263,2026-10-04 16:28:58,MAC,5.3,80.0,102.8,173.0
568264,2026-10-04 16:31:59,AIR,1.4,28.0,102.9,1007.0
568265,2026-10-04 16:31:59,ICE,60.4,767.0,102.9,447.0
568266,2026-10-04 16:31:59,WAT,0.0,0.0,101.9,783.0
568267,2026-10-04 16:31:59,MAC,5.3,80.0,102.8,173.0
568268,2026-10-04 16:35:01,AIR,1.4,28.0,102.9,1007.0
568269,2026-10-04 16:35:01,ICE,60.4,767.0,102.9,447.0
568270,2026-10-04 16:35:01,WAT,0.0,0.0,101.9,783.0
568271,2026-10-04 16:35:01,MAC,5.3,80.0,102.8,173.0
568272,2026-10-04 16:38:03,AIR,1.4,28.0,102.9,1007.0
568273,2026-10-04 16:38:03,ICE,60.4,767.0,102.9,447.0
568274,2026-10-04 16:38:03,WAT,0.0,0.0,101.9,783.0
568275,2026-10-04 16:38:03,MAC,5.3,80.0,102.8,173.0
568276,2026-10-04 16:41:05,AIR,1.4,28.0,102.9,1007.0
568277,2026-10-04 16:41:05,ICE,60.4,767.0,102.9,447.0
568278,2026-10-04 16:41:05,WAT,0.0,0.0,101.9,783.0
568279,2026-10-04 16:41:05,MAC,5.3,80.0,102.8,173.0
568280,2026-10-04 16:44:06,AIR,1.4,28.0,102.9,1007.0
568281,2026-10-04 16:44:06,ICE,60.4,767.0,102.9,447.0
568282,2026-10-04 16:44:06,WAT,0.0,0.0,101.9,783.0
568283,2026-10-04 16:44:06,MAC,5.3,80.0,102.8,173.0
568284,2026-10-04 16:47:08,AIR,1.4,28.0,102.9,1007.0
568285,2026-10-04 16:47:08,ICE,60.4,767.0,102.9,447.0
568286,2026-10-04 16:47:08,WAT,0.0,0.0,101.9,783.0
568287,2026-10-04 16:47:08,MAC,5.3,80.0,102.8,173.0
568288,2026-10-04 16:50:09,AIR,1.4,28.0,102.9,1007.0
568289,2026-10-04 16:50:09,ICE,60.4,767.0,102.9,447.0
568290,2026-10-04 16:50:09,WAT,0.0,0.0,101.9,783.0
568291,2026-10-04 16:50:09,MAC,5.3,80.0,102.8,173.0
568292,2026-10-04 16:53:11,AIR,1.4,28.0,102.9,1007.0
568293,2026-10-04 16:53:11,ICE,60.4,767.0,102.9,447.0
568294,2026-10-04 16:53:11,WAT,0.0,0.0,101.9,783.0
568295,2026-10-04 16:53:11,MAC,5.3,80.0,102.8,173.0
568296,2026-10-04 16:56:12,AIR,1.4,28.0,102.9,1007.0
568297,2026-10-04 16:56:12,ICE,60.4,767.0,102.9,447.0
568298,2026-10-04 16:56:12,WAT,0.0,0.0,101.9,783.0
568299,2026-10-04 16:56:12,MAC,5.3,80.0,102.8,173.0
568300,2026-10-04 16:59:14,AIR,1.4,28.0,102.9,1007.0
568301,2026-10-04 16:59:14,ICE,60.4,767.0,102.9,447.0
568302,2026-10-04 16:59:14,WAT,0.0,0.0,101.9,783.0
568303,2026-10-04 16:59:14,MAC,5.3,80.0,102.8,173.0
568304,2026-10-04 17:02:15,AIR,1.4,28.0,102.9,1007.0
568305,2026-10-04 17:02:15,ICE,60.4,767.0,102.9,447.0
568306,2026-10-04 17:02:15,WAT,0.0,0.0,101.9,783.0
568307,2026-10-04 17:02:15,MAC,5.3,80.0,102.8,173.0
568308,2026-10-04 17:05:17,AIR,1.4,28.0,102.9,1007.0
568309,2026-10-04 17:05:17,ICE,60.4,767.0,102.9,447.0
568310,2026-10-04 17:05:17,WAT,0.0,0.0,101.9,783.0
568311,2026-10-04 17:05:17,MAC,5.3,80.0,102.8,173.0
568312,2026-10-04 17:08:18,AIR,1.4,28.0,102.9,1007.0
568313,2026-10-04 17:08:18,ICE,60.4,767.0,102.9,447.0
568314,2026-10-04 17:08:18,WAT,0.0,0.0,101.9,783.0
568315,2026-10-04 17:08:18,MAC,5.3,80.0,102.8,173.0
568316,2026-10-04 17:11:20,AIR,1.4,28.0,102.9,1007.0
568317,2026-10-04 17:11:20,ICE,60.4,767.0,102.9,447.0
568318,2026-10-04 17:11:20,WAT,0.0,0.0,101.9,783.0
568319,2026-10-04 17:11:20,MAC,5.3,80.0,102.8,173.0
568320,2026-10-04 17:14:21,AIR,1.4,28.0,102.9,1007.0
568321,2026-10-04 17:14:21,ICE,60.4,767.0,102.9,447.0
568322,2026-10-04 17:14:21,WAT,0.0,0.0,101.9,783.0
568323,2026-10-04 17:14:21,MAC,5.3,80.0,102.8,173.0
568324,2026-10-04 17:17:22,AIR,1.4,28.0,102.9,1007.0
568325,2026-10-04 17:17:22,ICE,1.4,29.0,102.9,495.0
568326,2026-10-04 17:17:22,WAT,0.0,0.0,101.9,783.0
568327,2026-10-04 17:17:22,MAC,5.3,80.0,102.8,173.0
568328,2026-10-04 17:20:23,AIR,1.4,28.0,102.9,1007.0
568329,2026-10-04 17:20:23,ICE,1.4,29.0,102.9,495.0
568330,2026-10-04 17:20:23,WAT,0.0,0.0,101.9,783.0
568331,2026-10-04 17:20:23,MAC,5.3,80.0,102.8,173.0
568332,2026-10-04 17:23:25,AIR,1.4,28.0,102.9,1007.0
568333,2026-10-04 17:23:25,ICE,1.4,29.0,102.9,495.0
568334,2026-10-04 17:23:25,WAT,0.0,0.0,101.9,783.0
568335,2026-10-04 17:23:25,MAC,5.3,80.0,102.8,173.0
568336,2026-10-04 17:26:26,AIR,1.4,28.0,102.9,1007.0
568337,2026-10-04 17:26:26,ICE,1.4,29.0,102.9,495.0
568338,2026-10-04 17:26:26,WAT,0.0,0.0,101.9,783.0
568339,2026-10-04 17:26:26,MAC,5.3,80.0,102.8,173.0
568340,2026-10-04 17:29:27,AIR,1.4,28.0,102.9,1007.0
568341,2026-10-04 17:29:27,ICE,1.4,29.0,102.9,495.0
568342,2026-10-04 17:29:27,WAT,0.0,0.0,101.9,783.0
568343,2026-10-04 17:29:27,MAC,5.3,80.0,102.8,173.0
568344,2026-10-04 17:32:29,AIR,1.4,28.0,102.9,1007.0
568345,2026-10-04 17:32:29,ICE,38.1,490.0,103.2,511.0
568346,2026-10-04 17:32:29,WAT,0.0,0.0,101.9,783.0
568347,2026-10-04 17:32:29,MAC,5.3,80.0,102.8,173.0
568348,2026-10-04 17:35:31,AIR,1.4,28.0,102.9,1007.0
568349,2026-10-04 17:35:31,ICE,38.1,490.0,103.2,511.0
568350,2026-10-04 17:35:31,WAT,0.0,0.0,101.9,783.0
568351,2026-10-04 17:35:31,MAC,5.3,80.0,102.8,173.0
568352,2026-10-04 17:38:32,AIR,1.4,28.0,102.9,1007.0
568353,2026-10-04 17:38:32,ICE,38.1,490.0,103.2,511.0
568354,2026-10-04 17:38:32,WAT,0.0,0.0,101.9,783.0
568355,2026-10-04 17:38:32,MAC,5.3,80.0,102.8,173.0
568356,2026-10-04 17:41:34,AIR,1.4,28.0,102.9,1007.0
568357,2026-10-04 17:41:34,ICE,38.1,490.0,103.2,511.0
568358,2026-10-04 17:41:34,WAT,0.0,0.0,101.9,783.0
568359,2026-10-04 17:41:34,MAC,5.3,80.0,102.8,173.0
568360,2026-10-04 17:44:35,AIR,1.4,28.0,102.9,1007.0
568361,2026-10-04 17:44:35,ICE,38.1,490.0,103.2,511.0
568362,2026-10-04 17:44:35,WAT,0.0,0.0,101.9,783.0
568363,2026-10-04 17:44:35,MAC,5.3,80.0,102.8,173.0
568364,2026-10-04 17:47:36,AIR,1.4,28.0,102.9,1007.0
568365,2026-10-04 17:47:36,ICE,38.1,490.0,103.2,511.0
568366,2026-10-04 17:47:36,WAT,0.0,0.0,101.9,783.0
568367,2026-10-04 17:47:36,MAC,5.3,80.0,102.8,173.0
568368,2026-10-04 17:50:38,AIR,1.4,28.0,102.9,1007.0
568369,2026-10-04 17:50:38,ICE,38.1,490.0,103.2,511.0
568370,2026-10-04 17:50:38,WAT,0.0,0.0,101.9,783.0
568371,2026-10-04 17:50:38,MAC,5.3,80.0,102.8,173.0
568372,2026-10-04 17:53:39,AIR,1.4,28.0,102.9,1007.0
568373,2026-10-04 17:53:39,ICE,38.1,490.0,103.2,511.0
568374,2026-10-04 17:53:39,WAT,0.0,0.0,101.9,783.0
568375,2026-10-04 17:53:39,MAC,5.3,80.0,102.8,173.0
568376,2026-10-04 17:56:41,AIR,1.4,28.0,102.9,1007.0
568377,2026-10-04 17:56:41,ICE,38.1,490.0,103.2,511.0
568378,2026-10-04 17:56:41,WAT,0.0,0.0,101.9,783.0
568379,2026-10-04 17:56:41,MAC,5.3,80.0,102.8,173.0
568380,2026-10-04 17:59:42,AIR,1.4,28.0,102.9,1007.0
568381,2026-10-04 17:59:42,ICE,38.1,490.0,103.2,511.0
568382,2026-10-04 17:59:42,WAT,0.0,0.0,101.9,783.0
568383,2026-10-04 17:59:42,MAC,5.3,80.0,102.8,173.0
568384,2026-10-04 18:02:44,AIR,1.4,28.0,102.9,1007.0
568385,2026-10-04 18:02:44,ICE,38.1,490.0,103.2,511.0
568386,2026-10-04 18:02:44,WAT,0.0,0.0,101.9,783.0
568387,2026-10-04 18:02:44,MAC,5.3,80.0,102.8,173.0
568388,2026-10-04 18:05:45,AIR,1.4,28.0,102.9,1007.0
568389,2026-10-04 18:05:45,ICE,38.1,490.0,103.2,511.0
568390,2026-10-04 18:05:45,WAT,0.0,0.0,101.9,783.0
568391,2026-10-04 18:05:45,MAC,5.3,80.0,102.8,173.0
568392,2026-10-04 18:08:47,AIR,1.4,28.0,102.9,1007.0
568393,2026-10-04 18:08:47,ICE,38.1,490.0,103.2,511.0
568394,2026-10-04 18:08:47,WAT,0.0,0.0,101.9,783.0
568395,2026-10-04 18:08:47,MAC,5.3,80.0,102.8,173.0
568396,2026-10-04 18:11:49,AIR,1.4,28.0,102.9,1007.0
568397,2026-10-04 18:11:49,ICE,38.1,490.0,103.2,511.0
568398,2026-10-04 18:11:49,WAT,0.0,0.0,101.9,783.0
568399,2026-10-04 18:11:49,MAC,5.3,80.0,102.8,173.0
568400,2026-10-04 18:14:51,AIR,1.4,28.0,102.9,1007.0
568401,2026-10-04 18:14:51,ICE,38.1,490.0,103.2,511.0
568402,2026-10-04 18:14:51,WAT,0.0,0.0,101.9,783.0
568403,2026-10-04 18:14:51,MAC,5.3,80.0,102.8,173.0
568404,2026-10-04 18:17:52,AIR,1.4,28.0,102.9,1007.0
568405,2026-10-04 18:17:52,ICE,38.1,490.0,103.2,511.0
568406,2026-10-04 18:17:52,WAT,0.0,0.0,101.9,783.0
568407,2026-10-04 18:17:52,MAC,5.3,80.0,102.8,173.0
568408,2026-10-04 18:20:53,AIR,1.4,28.0,102.9,1007.0
568409,2026-10-04 18:20:53,ICE,38.1,490.0,103.2,511.0
568410,2026-10-04 18:20:53,WAT,0.0,0.0,101.9,783.0
568411,2026-10-04 18:20:53,MAC,5.3,80.0,102.8,173.0
568412,2026-10-04 18:23:55,AIR,1.4,28.0,102.9,1007.0
568413,2026-10-04 18:23:55,ICE,38.1,490.0,103.2,511.0
568414,2026-10-04 18:23:55,WAT,0.0,0.0,101.9,783.0
568415,2026-10-04 18:23:55,MAC,5.3,80.0,102.8,173.0
568416,2026-10-04 18:26:56,AIR,1.4,28.0,102.9,1007.0
568417,2026-10-04 18:26:56,ICE,38.1,490.0,103.2,511.0
568418,2026-10-04 18:26:56,WAT,0.0,0.0,101.9,783.0
568419,2026-10-04 18:26:56,MAC,5.3,80.0,102.8,173.0
568420,2026-10-04 18:29:58,AIR,1.4,28.0,102.9,1007.0
568421,2026-10-04 18:29:58,ICE,38.1,490.0,103.2,511.0
568422,2026-10-04 18:29:58,WAT,0.0,0.0,101.9,783.0
568423,2026-10-04 18:29:58,MAC,5.3,80.0,102.8,173.0
568424,2026-10-04 18:32:59,AIR,1.4,28.0,102.9,1007.0
568425,2026-10-04 18:32:59,ICE,38.1,490.0,103.2,511.0
568426,2026-10-04 18:32:59,WAT,0.0,0.0,101.9,783.0
568427,2026-10-04 18:32:59,MAC,5.3,80.0,102.8,173.0
568428,2026-10-04 18:36:01,AIR,1.4,28.0,102.9,1007.0
568429,2026-10-04 18:36:01,ICE,38.1,490.0,103.2,511.0
568430,2026-10-04 18:36:01,WAT,0.0,0.0,101.9,783.0
568431,2026-10-04 18:36:01,MAC,5.3,80.0,102.8,173.0
568432,2026-10-04 18:39:02,AIR,1.4,28.0,102.9,1007.0
568433,2026-10-04 18:39:02,ICE,38.1,490.0,103.2,511.0
568434,2026-10-04 18:39:02,WAT,0.0,0.0,101.9,783.0
568435,2026-10-04 18:39:02,MAC,5.3,80.0,102.8,173.0
568436,2026-10-04 18:42:04,AIR,1.4,28.0,102.9,1007.0
568437,2026-10-04 18:42:04,ICE,38.1,490.0,103.2,511.0
568438,2026-10-04 18:42:04,WAT,0.0,0.0,101.9,783.0
568439,2026-10-04 18:42:04,MAC,5.3,80.0,102.8,173.0
568440,2026-10-04 18:45:05,AIR,1.4,28.0,102.9,1007.0
568441,2026-10-04 18:45:05,ICE,38.1,490.0,103.2,511.0
568442,2026-10-04 18:45:05,WAT,0.0,0.0,101.9,783.0
568443,2026-10-04 18:45:05,MAC,5.3,80.0,102.8,173.0
568444,2026-10-04 18:48:07,AIR,1.4,28.0,102.9,1007.0
568445,2026-10-04 18:48:07,ICE,38.1,490.0,103.2,511.0
568446,2026-10-04 18:48:07,WAT,0.0,0.0,101.9,783.0
568447,2026-10-04 18:48:07,MAC,5.3,80.0,102.8,173.0
568448,2026-10-04 18:51:09,AIR,1.4,28.0,102.9,1007.0
568449,2026-10-04 18:51:09,ICE,38.1,490.0,103.2,511.0
568450,2026-10-04 18:51:09,WAT,0.0,0.0,101.9,783.0
568451,2026-10-04 18:51:09,MAC,5.3,80.0,102.8,173.0
568452,2026-10-04 18:54:10,AIR,1.4,28.0,102.9,1007.0
568453,2026-10-04 18:54:10,ICE,61.2,773.0,103.3,591.0
568454,2026-10-04 18:54:10,WAT,0.0,0.0,101.9,783.0
568455,2026-10-04 18:54:10,MAC,5.3,80.0,102.8,173.0
568456,2026-10-04 18:57:12,AIR,1.4,28.0,102.9,1007.0
568457,2026-10-04 18:57:12,ICE,61.2,773.0,103.3,591.0
568458,2026-10-04 18:57:12,WAT,0.0,0.0,101.9,783.0
568459,2026-10-04 18:57:12,MAC,5.3,80.0,102.8,173.0
568460,2026-10-04 19:00:14,AIR,1.4,28.0,102.9,1007.0
568461,2026-10-04 19:00:14,ICE,61.2,773.0,103.3,591.0
568462,2026-10-04 19:00:14,WAT,0.0,0.0,101.9,783.0
568463,2026-10-04 19:00:14,MAC,5.3,80.0,102.8,173.0
568464,2026-10-04 19:03:18,AIR,1.4,28.0,102.9,1007.0
568465,2026-10-04 19:03:18,ICE,61.2,773.0,103.3,591.0
568466,2026-10-04 19:03:18,WAT,0.0,0.0,101.9,783.0
568467,2026-10-04 19:03:18,MAC,5.3,80.0,102.8,173.0
568468,2026-10-04 19:06:19,AIR,1.4,28.0,102.9,1007.0
568469,2026-10-04 19:06:19,ICE,61.2,773.0,103.3,591.0
568470,2026-10-04 19:06:19,WAT,0.0,0.0,101.9,783.0
568471,2026-10-04 19:06:19,MAC,5.3,80.0,102.8,173.0
568472,2026-10-04 19:09:20,AIR,1.4,28.0,102.9,1007.0
568473,2026-10-04 19:09:20,ICE,61.2,773.0,103.3,591.0
568474,2026-10-04 19:09:20,WAT,0.0,0.0,101.9,783.0
568475,2026-10-04 19:09:20,MAC,5.3,80.0,102.8,173.0
568476,2026-10-04 19:12:21,AIR,1.4,28.0,102.9,1007.0
568477,2026-10-04 19:12:21,ICE,61.2,773.0,103.3,591.0
568478,2026-10-04 19:12:21,WAT,0.0,0.0,101.9,783.0
568479,2026-10-04 19:12:21,MAC,5.3,80.0,102.8,173.0
568480,2026-10-04 19:15:23,AIR,1.4,28.0,102.9,1007.0
568481,2026-10-04 19:15:23,ICE,61.2,773.0,103.3,591.0
568482,2026-10-04 19:15:23,WAT,0.0,0.0,101.9,783.0
568483,2026-10-04 19:15:23,MAC,5.3,80.0,102.8,173.0
568484,2026-10-04 19:18:24,AIR,1.4,28.0,102.9,1007.0
568485,2026-10-04 19:18:24,ICE,61.2,773.0,103.3,591.0
568486,2026-10-04 19:18:24,WAT,0.0,0.0,101.9,783.0
568487,2026-10-04 19:18:24,MAC,5.3,80.0,102.8,173.0
568488,2026-10-04 19:21:26,AIR,1.4,28.0,102.9,1007.0
568489,2026-10-04 19:21:26,ICE,61.2,773.0,103.3,591.0
568490,2026-10-04 19:21:26,WAT,0.0,0.0,101.9,783.0
568491,2026-10-04 19:21:26,MAC,5.3,80.0,102.8,173.0
568492,2026-10-04 19:24:27,AIR,1.4,28.0,102.9,1007.0
568493,2026-10-04 19:24:27,ICE,61.2,773.0,103.3,591.0
568494,2026-10-04 19:24:27,WAT,0.0,0.0,101.9,783.0
568495,2026-10-04 19:24:27,MAC,5.3,80.0,102.8,173.0
568496,2026-10-04 19:27:28,AIR,1.4,28.0,102.9,1007.0
568497,2026-10-04 19:27:28,ICE,61.2,773.0,103.3,591.0
568498,2026-10-04 19:27:28,WAT,0.0,0.0,101.9,783.0
568499,2026-10-04 19:27:28,MAC,5.3,80.0,102.8,173.0
568500,2026-10-04 19:30:30,AIR,1.4,28.0,102.9,1007.0
568501,2026-10-04 19:30:30,ICE,61.2,773.0,103.3,591.0
568502,2026-10-04 19:30:30,WAT,0.0,0.0,101.9,783.0
568503,2026-10-04 19:30:30,MAC,5.3,80.0,102.8,173.0
568504,2026-10-04 19:33:31,AIR,1.4,28.0,102.9,1007.0
568505,2026-10-04 19:33:31,ICE,61.2,773.0,103.3,591.0
568506,2026-10-04 19:33:31,WAT,0.0,0.0,101.9,783.0
568507,2026-10-04 19:33:31,MAC,5.3,80.0,102.8,173.0
568508,2026-10-04 19:36:33,AIR,1.4,28.0,102.9,1007.0
568509,2026-10-04 19:36:33,ICE,61.2,773.0,103.3,591.0
568510,2026-10-04 19:36:33,WAT,0.0,0.0,101.9,783.0
568511,2026-10-04 19:36:33,MAC,5.3,80.0,102.8,173.0
568512,2026-10-04 19:39:34,AIR,1.4,28.0,102.9,1007.0
568513,2026-10-04 19:39:34,ICE,61.2,773.0,103.3,591.0
568514,2026-10-04 19:39:34,WAT,0.0,0.0,101.9,783.0
568515,2026-10-04 19:39:34,MAC,5.3,80.0,102.8,173.0
568516,2026-10-04 19:42:36,AIR,1.4,28.0,102.9,1007.0
568517,2026-10-04 19:42:36,ICE,61.2,773.0,103.3,591.0
568518,2026-10-04 19:42:36,WAT,0.0,0.0,101.9,783.0
568519,2026-10-04 19:42:36,MAC,5.3,80.0,102.8,173.0
568520,2026-10-04 19:45:37,AIR,1.4,28.0,102.9,1007.0
568521,2026-10-04 19:45:37,ICE,61.2,773.0,103.3,591.0
568522,2026-10-04 19:45:37,WAT,0.0,0.0,101.9,783.0
568523,2026-10-04 19:45:37,MAC,5.3,80.0,102.8,173.0
568524,2026-10-04 19:48:39,AIR,1.4,28.0,102.9,1007.0
568525,2026-10-04 19:48:39,ICE,73.1,900.0,103.4,648.0
568526,2026-10-04 19:48:39,WAT,0.0,0.0,101.9,783.0
568527,2026-10-04 19:48:39,MAC,5.3,80.0,102.8,173.0
568528,2026-10-04 19:51:40,AIR,1.4,28.0,102.9,1007.0
568529,2026-10-04 19:51:40,ICE,141.3,1367.0,103.3,650.0
568530,2026-10-04 19:51:40,WAT,0.0,0.0,101.9,783.0
568531,2026-10-04 19:51:40,MAC,5.3,80.0,102.8,173.0
568532,2026-10-04 19:54:42,AIR,1.4,28.0,102.9,1007.0
568533,2026-10-04 19:54:42,ICE,141.3,1367.0,103.3,650.0
568534,2026-10-04 19:54:42,WAT,0.0,0.0,101.9,783.0
568535,2026-10-04 19:54:42,MAC,5.3,80.0,102.8,173.0
568536,2026-10-04 19:57:43,AIR,1.4,28.0,102.9,1007.0
568537,2026-10-04 19:57:43,ICE,141.3,1367.0,103.3,650.0
568538,2026-10-04 19:57:43,WAT,0.0,0.0,101.9,783.0
568539,2026-10-04 19:57:43,MAC,5.3,80.0,102.8,173.0
568540,2026-10-04 20:00:45,AIR,1.4,28.0,102.9,1007.0
568541,2026-10-04 20:00:45,ICE,141.3,1367.0,103.3,650.0
568542,2026-10-04 20:00:45,WAT,0.0,0.0,101.9,783.0
568543,2026-10-04 20:00:45,MAC,5.3,80.0,102.8,173.0
568544,2026-10-04 20:03:46,AIR,1.4,28.0,102.9,1007.0
568545,2026-10-04 20:03:46,ICE,141.3,1367.0,103.3,650.0
568546,2026-10-04 20:03:46,WAT,0.0,0.0,101.9,783.0
568547,2026-10-04 20:03:46,MAC,5.3,80.0,102.8,173.0
568548,2026-10-04 20:06:48,AIR,1.4,28.0,102.9,1007.0
568549,2026-10-04 20:06:48,ICE,141.3,1367.0,103.3,650.0
568550,2026-10-04 20:06:48,WAT,0.0,0.0,101.9,783.0
568551,2026-10-04 20:06:48,MAC,5.3,80.0,102.8,173.0
568552,2026-10-04 20:09:52,AIR,1.4,28.0,102.9,1007.0
568553,2026-10-04 20:09:52,ICE,141.3,1367.0,103.3,650.0
568554,2026-10-04 20:09:52,WAT,0.0,0.0,101.9,783.0
568555,2026-10-04 20:09:52,MAC,5.3,80.0,102.8,173.0
568556,2026-10-04 20:12:53,AIR,1.4,28.0,102.9,1007.0
568557,2026-10-04 20:12:53,ICE,141.3,1367.0,103.3,650.0
568558,2026-10-04 20:12:53,WAT,0.0,0.0,101.9,783.0
568559,2026-10-04 20:12:53,MAC,5.3,80.0,102.8,173.0
568560,2026-10-04 20:15:55,AIR,1.4,28.0,102.9,1007.0
568561,2026-10-04 20:15:55,ICE,141.3,1367.0,103.3,650.0
568562,2026-10-04 20:15:55,WAT,0.0,0.0,101.9,783.0
568563,2026-10-04 20:15:55,MAC,5.3,80.0,102.8,173.0
568564,2026-10-04 20:18:56,AIR,1.4,28.0,102.9,1007.0
568565,2026-10-04 20:18:56,ICE,141.3,1367.0,103.3,650.0
568566,2026-10-04 20:18:56,WAT,0.0,0.0,101.9,783.0
568567,2026-10-04 20:18:56,MAC,5.3,80.0,102.8,173.0
568568,2026-10-04 20:21:58,AIR,1.4,28.0,102.9,1007.0
568569,2026-10-04 20:21:58,ICE,141.3,1367.0,103.3,650.0
568570,2026-10-04 20:21:58,WAT,0.0,0.0,101.9,783.0
568571,2026-10-04 20:21:58,MAC,5.3,80.0,102.8,173.0
568572,2026-10-04 20:24:59,AIR,1.4,28.0,102.9,1007.0
568573,2026-10-04 20:24:59,ICE,141.3,1367.0,103.3,650.0
568574,2026-10-04 20:24:59,WAT,0.0,0.0,101.9,783.0
568575,2026-10-04 20:24:59,MAC,5.3,80.0,102.8,173.0
568576,2026-10-04 20:28:01,AIR,1.4,28.0,102.9,1007.0
568577,2026-10-04 20:28:01,ICE,3.0,29.0,103.7,687.0
568578,2026-10-04 20:28:01,WAT,0.0,0.0,101.9,783.0
568579,2026-10-04 20:28:01,MAC,5.3,80.0,102.8,173.0
568580,2026-10-04 20:31:03,AIR,1.4,28.0,102.9,1007.0
568581,2026-10-04 20:31:03,ICE,66.4,807.0,103.6,689.0
568582,2026-10-04 20:31:03,WAT,0.0,0.0,101.9,783.0
568583,2026-10-04 20:31:03,MAC,5.3,80.0,102.8,173.0
568584,2026-10-04 20:34:03,AIR,1.4,28.0,102.9,1007.0
568585,2026-10-04 20:34:03,ICE,66.4,807.0,103.6,689.0
568586,2026-10-04 20:34:03,WAT,0.0,0.0,101.9,783.0
568587,2026-10-04 20:34:03,MAC,5.3,80.0,102.8,173.0
568588,2026-10-04 20:37:04,AIR,1.4,28.0,102.9,1007.0
568589,2026-10-04 20:37:04,ICE,56.2,702.0,103.8,695.0
568590,2026-10-04 20:37:04,WAT,0.0,0.0,101.9,783.0
568591,2026-10-04 20:37:04,MAC,5.3,80.0,102.8,173.0
568592,2026-10-04 20:40:06,AIR,1.4,28.0,102.9,1007.0
568593,2026-10-04 20:40:06,ICE,56.2,702.0,103.8,695.0
568594,2026-10-04 20:40:06,WAT,0.0,0.0,101.9,783.0
568595,2026-10-04 20:40:06,MAC,5.3,80.0,102.8,173.0
568596,2026-10-04 20:43:07,AIR,1.4,28.0,102.9,1007.0
568597,2026-10-04 20:43:07,ICE,56.2,702.0,103.8,695.0
568598,2026-10-04 20:43:07,WAT,0.0,0.0,101.9,783.0
568599,2026-10-04 20:43:07,MAC,5.3,80.0,102.8,173.0
568600,2026-10-04 20:46:09,AIR,1.4,28.0,102.9,1007.0
568601,2026-10-04 20:46:09,ICE,56.2,702.0,103.8,695.0
568602,2026-10-04 20:46:09,WAT,0.0,0.0,101.9,783.0
568603,2026-10-04 20:46:09,MAC,5.3,80.0,102.8,173.0
568604,2026-10-04 20:49:10,AIR,1.4,28.0,102.9,1007.0
568605,2026-10-04 20:49:10,ICE,56.2,702.0,103.8,695.0
568606,2026-10-04 20:49:10,WAT,0.0,0.0,101.9,783.0
568607,2026-10-04 20:49:10,MAC,5.3,80.0,102.8,173.0
568608,2026-10-04 20:52:14,AIR,1.4,28.0,102.9,1007.0
568609,2026-10-04 20:52:14,ICE,56.2,702.0,103.8,695.0
568610,2026-10-04 20:52:14,WAT,0.0,0.0,101.9,783.0
568611,2026-10-04 20:52:14,MAC,5.3,80.0,102.8,173.0
568612,2026-10-04 20:55:15,AIR,1.4,28.0,102.9,1007.0
568613,2026-10-04 20:55:15,ICE,56.2,702.0,103.8,695.0
568614,2026-10-04 20:55:15,WAT,0.0,0.0,101.9,783.0
568615,2026-10-04 20:55:15,MAC,5.3,80.0,102.8,173.0
568616,2026-10-04 20:58:17,AIR,1.4,28.0,102.9,1007.0
568617,2026-10-04 20:58:17,ICE,56.2,702.0,103.8,695.0
568618,2026-10-04 20:58:17,WAT,0.0,0.0,101.9,783.0
568619,2026-10-04 20:58:17,MAC,5.3,80.0,102.8,173.0
568620,2026-10-04 21:01:18,AIR,1.4,28.0,102.9,1007.0
568621,2026-10-04 21:01:18,ICE,56.2,702.0,103.8,695.0
568622,2026-10-04 21:01:18,WAT,0.0,0.0,101.9,783.0
568623,2026-10-04 21:01:18,MAC,5.3,80.0,102.8,173.0
568624,2026-10-04 21:04:20,AIR,1.4,28.0,102.9,1007.0
568625,2026-10-04 21:04:20,ICE,56.2,702.0,103.8,695.0
568626,2026-10-04 21:04:20,WAT,0.0,0.0,101.9,783.0
568627,2026-10-04 21:04:20,MAC,5.3,80.0,102.8,173.0
568628,2026-10-04 21:07:21,AIR,1.4,28.0,102.9,1007.0
568629,2026-10-04 21:07:21,ICE,46.1,583.0,104.1,724.0
568630,2026-10-04 21:07:21,WAT,0.0,0.0,101.9,783.0
568631,2026-10-04 21:07:21,MAC,5.3,80.0,102.8,173.0
568632,2026-10-04 21:10:23,AIR,1.4,28.0,102.9,1007.0
568633,2026-10-04 21:10:23,ICE,46.1,583.0,104.1,724.0
568634,2026-10-04 21:10:23,WAT,0.0,0.0,101.9,783.0
568635,2026-10-04 21:10:23,MAC,5.3,80.0,102.8,173.0
568636,2026-10-04 21:13:24,AIR,1.4,28.0,102.9,1007.0
568637,2026-10-04 21:13:24,ICE,46.1,583.0,104.1,724.0
568638,2026-10-04 21:13:24,WAT,0.0,0.0,101.9,783.0
568639,2026-10-04 21:13:24,MAC,5.3,80.0,102.8,173.0
568640,2026-10-04 21:16:26,AIR,1.4,28.0,102.9,1007.0
568641,2026-10-04 21:16:26,ICE,46.1,583.0,104.1,724.0
568642,2026-10-04 21:16:26,WAT,0.0,0.0,101.9,783.0
568643,2026-10-04 21:16:26,MAC,5.3,80.0,102.8,173.0
568644,2026-10-04 21:19:27,AIR,1.4,28.0,102.9,1007.0
568645,2026-10-04 21:19:27,ICE,46.1,583.0,104.1,724.0
568646,2026-10-04 21:19:27,WAT,0.0,0.0,101.9,783.0
568647,2026-10-04 21:19:27,MAC,5.3,80.0,102.8,173.0
568648,2026-10-04 21:22:28,AIR,1.4,28.0,102.9,1007.0
568649,2026-10-04 21:22:28,ICE,46.1,583.0,104.1,724.0
568650,2026-10-04 21:22:28,WAT,0.0,0.0,101.9,783.0
568651,2026-10-04 21:22:28,MAC,5.3,80.0,102.8,173.0
568652,2026-10-04 21:25:30,AIR,1.4,28.0,102.9,1007.0
568653,2026-10-04 21:25:30,ICE,46.1,583.0,104.1,724.0
568654,2026-10-04 21:25:30,WAT,0.0,0.0,101.9,783.0
568655,2026-10-04 21:25:30,MAC,5.3,80.0,102.8,173.0
568656,2026-10-04 21:28:32,AIR,1.4,28.0,102.9,1007.0
568657,2026-10-04 21:28:32,ICE,46.1,583.0,104.1,724.0
568658,2026-10-04 21:28:32,WAT,0.0,0.0,101.9,783.0
568659,2026-10-04 21:28:32,MAC,5.3,80.0,102.8,173.0
568660,2026-10-04 21:31:33,AIR,1.4,28.0,102.9,1007.0
568661,2026-10-04 21:31:33,ICE,46.1,583.0,104.1,724.0
568662,2026-10-04 21:31:33,WAT,0.0,0.0,101.9,783.0
568663,2026-10-04 21:31:33,MAC,5.3,80.0,102.8,173.0
568664,2026-10-04 21:34:35,AIR,1.4,28.0,102.9,1007.0
568665,2026-10-04 21:34:35,ICE,46.1,583.0,104.1,724.0
568666,2026-10-04 21:34:35,WAT,0.0,0.0,101.9,783.0
568667,2026-10-04 21:34:35,MAC,5.3,80.0,102.8,173.0
568668,2026-10-04 21:37:36,AIR,1.4,28.0,102.9,1007.0
568669,2026-10-04 21:37:36,ICE,46.1,583.0,104.1,724.0
568670,2026-10-04 21:37:36,WAT,0.0,0.0,101.9,783.0
568671,2026-10-04 21:37:36,MAC,5.3,80.0,102.8,173.0
568672,2026-10-04 21:40:38,AIR,1.4,28.0,102.9,1007.0
568673,2026-10-04 21:40:38,ICE,46.1,583.0,104.1,724.0
568674,2026-10-04 21:40:38,WAT,0.0,0.0,101.9,783.0
568675,2026-10-04 21:40:38,MAC,5.3,80.0,102.8,173.0
568676,2026-10-04 21:43:39,AIR,1.4,28.0,102.9,1007.0
568677,2026-10-04 21:43:39,ICE,46.1,583.0,104.1,724.0
568678,2026-10-04 21:43:39,WAT,0.0,0.0,101.9,783.0
568679,2026-10-04 21:43:39,MAC,5.3,80.0,102.8,173.0
568680,2026-10-04 21:46:40,AIR,1.4,28.0,102.9,1007.0
568681,2026-10-04 21:46:40,ICE,46.1,583.0,104.1,724.0
568682,2026-10-04 21:46:40,WAT,0.0,0.0,101.9,783.0
568683,2026-10-04 21:46:40,MAC,5.3,80.0,102.8,173.0
568684,2026-10-04 21:49:42,AIR,1.4,28.0,102.9,1007.0
568685,2026-10-04 21:49:42,ICE,46.1,583.0,104.1,724.0
568686,2026-10-04 21:49:42,WAT,0.0,0.0,101.9,783.0
568687,2026-10-04 21:49:42,MAC,5.3,80.0,102.8,173.0
568688,2026-10-04 21:52:43,AIR,1.4,28.0,102.9,1007.0
568689,2026-10-04 21:52:43,ICE,46.1,583.0,104.1,724.0
568690,2026-10-04 21:52:43,WAT,0.0,0.0,101.9,783.0
568691,2026-10-04 21:52:43,MAC,5.3,80.0,102.8,173.0
568692,2026-10-04 21:55:44,AIR,1.4,28.0,102.9,1007.0
568693,2026-10-04 21:55:44,ICE,46.1,583.0,104.1,724.0
568694,2026-10-04 21:55:44,WAT,0.0,0.0,101.9,783.0
568695,2026-10-04 21:55:44,MAC,5.3,80.0,102.8,173.0
568696,2026-10-04 21:58:46,AIR,1.4,28.0,102.9,1007.0
568697,2026-10-04 21:58:46,ICE,46.1,583.0,104.1,724.0
568698,2026-10-04 21:58:46,WAT,0.0,0.0,101.9,783.0
568699,2026-10-04 21:58:46,MAC,5.3,80.0,102.8,173.0
568700,2026-10-04 22:01:47,AIR,1.4,28.0,102.9,1007.0
568701,2026-10-04 22:01:47,ICE,46.1,583.0,104.1,724.0
568702,2026-10-04 22:01:47,WAT,0.0,0.0,101.9,783.0
568703,2026-10-04 22:01:47,MAC,5.3,80.0,102.8,173.0
568704,2026-10-04 22:04:49,AIR,1.4,28.0,102.9,1007.0
568705,2026-10-04 22:04:49,ICE,46.1,583.0,104.1,724.0
568706,2026-10-04 22:04:49,WAT,0.0,0.0,101.9,783.0
568707,2026-10-04 22:04:49,MAC,46.1,543.0,102.8,785.0
568708,2026-10-04 22:07:50,AIR,1.4,28.0,102.9,1007.0
568709,2026-10-04 22:07:50,ICE,46.1,583.0,104.1,724.0
568710,2026-10-04 22:07:50,WAT,0.0,0.0,101.9,783.0
568711,2026-10-04 22:07:50,MAC,46.5,575.0,102.8,787.0
568712,2026-10-04 22:10:51,AIR,1.4,28.0,102.9,1007.0
568713,2026-10-04 22:10:51,ICE,46.1,583.0,104.1,724.0
568714,2026-10-04 22:10:51,WAT,0.0,0.0,101.9,783.0
568715,2026-10-04 22:10:51,MAC,46.5,575.0,102.8,787.0
568716,2026-10-04 22:13:53,AIR,1.4,28.0,102.9,1007.0
568717,2026-10-04 22:13:53,ICE,46.1,583.0,104.1,724.0
568718,2026-10-04 22:13:53,WAT,0.0,0.0,101.9,783.0
568719,2026-10-04 22:13:53,MAC,46.5,575.0,102.8,787.0
568720,2026-10-04 22:16:54,AIR,1.4,28.0,102.9,1007.0
568721,2026-10-04 22:16:54,ICE,46.1,583.0,104.1,724.0
568722,2026-10-04 22:16:54,WAT,0.0,0.0,101.9,783.0
568723,2026-10-04 22:16:54,MAC,46.5,575.0,102.8,787.0
568724,2026-10-04 22:19:56,AIR,1.4,28.0,102.9,1007.0
568725,2026-10-04 22:19:56,ICE,46.1,583.0,104.1,724.0
568726,2026-10-04 22:19:56,WAT,0.0,0.0,101.9,783.0
568727,2026-10-04 22:19:56,MAC,46.5,575.0,102.8,787.0
568728,2026-10-04 22:22:57,AIR,1.4,28.0,102.9,1007.0
568729,2026-10-04 22:22:57,ICE,46.1,583.0,104.1,724.0
568730,2026-10-04 22:22:57,WAT,0.0,0.0,101.9,783.0
568731,2026-10-04 22:22:57,MAC,46.5,575.0,102.8,787.0
568732,2026-10-04 22:25:58,AIR,1.4,28.0,102.9,1007.0
568733,2026-10-04 22:25:58,ICE,46.1,583.0,104.1,724.0
568734,2026-10-04 22:25:58,WAT,0.0,0.0,101.9,783.0
568735,2026-10-04 22:25:58,MAC,44.8,543.0,102.8,805.0
568736,2026-10-04 22:29:00,AIR,1.4,28.0,102.9,1007.0
568737,2026-10-04 22:29:00,ICE,46.1,583.0,104.1,724.0
568738,2026-10-04 22:29:00,WAT,0.0,0.0,101.9,783.0
568739,2026-10-04 22:29:00,MAC,31.6,451.0,103.2,807.0
568740,2026-10-04 22:32:02,AIR,1.4,28.0,102.9,1007.0
568741,2026-10-04 22:32:02,ICE,46.1,583.0,104.1,724.0
568742,2026-10-04 22:32:02,WAT,0.0,0.0,101.9,783.0
568743,2026-10-04 22:32:02,MAC,31.6,451.0,103.2,807.0
568744,2026-10-04 22:35:04,AIR,1.4,28.0,102.9,1007.0
568745,2026-10-04 22:35:04,ICE,46.1,583.0,104.1,724.0
568746,2026-10-04 22:35:04,WAT,0.0,0.0,101.9,783.0
568747,2026-10-04 22:35:04,MAC,41.9,530.0,102.8,814.0
568748,2026-10-04 22:38:06,AIR,1.4,28.0,102.9,1007.0
568749,2026-10-04 22:38:06,ICE,46.1,583.0,104.1,724.0
568750,2026-10-04 22:38:06,WAT,0.0,0.0,101.9,783.0
568751,2026-10-04 22:38:06,MAC,41.9,530.0,102.8,814.0
568752,2026-10-04 22:41:08,AIR,1.4,28.0,102.9,1007.0
568753,2026-10-04 22:41:08,ICE,46.1,583.0,104.1,724.0
568754,2026-10-04 22:41:08,WAT,0.0,0.0,101.9,783.0
568755,2026-10-04 22:41:08,MAC,41.9,530.0,102.8,814.0
568756,2026-10-04 22:44:09,AIR,1.4,28.0,102.9,1007.0
568757,2026-10-04 22:44:09,ICE,46.1,583.0,104.1,724.0
568758,2026-10-04 22:44:09,WAT,0.0,0.0,101.9,783.0
568759,2026-10-04 22:44:09,MAC,41.9,530.0,102.8,814.0
568760,2026-10-04 22:47:10,AIR,1.4,28.0,102.9,1007.0
568761,2026-10-04 22:47:10,ICE,46.1,583.0,104.1,724.0
568762,2026-10-04 22:47:10,WAT,0.0,0.0,101.9,783.0
568763,2026-10-04 22:47:10,MAC,41.9,530.0,102.8,814.0
568764,2026-10-04 22:50:12,AIR,1.4,28.0,102.9,1007.0
568765,2026-10-04 22:50:12,ICE,46.1,583.0,104.1,724.0
568766,2026-10-04 22:50:12,WAT,0.0,0.0,101.9,783.0
568767,2026-10-04 22:50:12,MAC,41.9,530.0,102.8,814.0
568768,2026-10-04 22:53:13,AIR,1.4,28.0,102.9,1007.0
568769,2026-10-04 22:53:13,ICE,46.1,583.0,104.1,724.0
568770,2026-10-04 22:53:13,WAT,0.0,0.0,101.9,783.0
568771,2026-10-04 22:53:13,MAC,31.5,443.0,102.0,833.0
568772,2026-10-04 22:56:15,AIR,1.4,28.0,102.9,1007.0
568773,2026-10-04 22:56:15,ICE,46.1,583.0,104.1,724.0
568774,2026-10-04 22:56:15,WAT,0.0,0.0,101.9,783.0
568775,2026-10-04 22:56:15,MAC,42.9,523.0,102.3,834.0
568776,2026-10-04 22:59:16,AIR,1.4,28.0,102.9,1007.0
568777,2026-10-04 22:59:16,ICE,46.1,583.0,104.1,724.0
568778,2026-10-04 22:59:16,WAT,0.0,0.0,101.9,783.0
568779,2026-10-04 22:59:16,MAC,42.9,523.0,102.3,834.0
568780,2026-10-04 23:02:17,AIR,1.4,28.0,102.9,1007.0
568781,2026-10-04 23:02:17,ICE,46.1,583.0,104.1,724.0
568782,2026-10-04 23:02:17,WAT,0.0,0.0,101.9,783.0
568783,2026-10-04 23:02:17,MAC,42.9,523.0,102.3,834.0
568784,2026-10-04 23:05:19,AIR,1.4,28.0,102.9,1007.0
568785,2026-10-04 23:05:19,ICE,46.1,583.0,104.1,724.0
568786,2026-10-04 23:05:19,WAT,0.0,0.0,101.9,783.0
568787,2026-10-04 23:05:19,MAC,42.9,523.0,102.3,834.0
568788,2026-10-04 23:08:20,AIR,1.4,28.0,102.9,1007.0
568789,2026-10-04 23:08:20,ICE,46.1,583.0,104.1,724.0
568790,2026-10-04 23:08:20,WAT,0.0,0.0,101.9,783.0
568791,2026-10-04 23:08:20,MAC,42.9,523.0,102.3,834.0
568792,2026-10-04 23:11:22,AIR,1.4,28.0,102.9,1007.0
568793,2026-10-04 23:11:22,ICE,46.1,583.0,104.1,724.0
568794,2026-10-04 23:11:22,WAT,0.0,0.0,101.9,783.0
568795,2026-10-04 23:11:22,MAC,42.9,523.0,102.3,834.0
568796,2026-10-04 23:14:23,AIR,1.4,28.0,102.9,1007.0
568797,2026-10-04 23:14:23,ICE,56.6,722.0,102.5,852.0
568798,2026-10-04 23:14:23,WAT,0.0,0.0,101.9,783.0
568799,2026-10-04 23:14:23,MAC,42.9,523.0,102.3,834.0
568800,2026-10-04 23:17:24,AIR,1.4,28.0,102.9,1007.0
568801,2026-10-04 23:17:24,ICE,1.4,29.0,102.4,857.0
568802,2026-10-04 23:17:24,WAT,0.0,0.0,101.9,783.0
568803,2026-10-04 23:17:24,MAC,42.4,535.0,101.8,856.0
568804,2026-10-04 23:20:26,AIR,1.4,28.0,102.9,1007.0
568805,2026-10-04 23:20:26,ICE,1.4,29.0,102.4,857.0
568806,2026-10-04 23:20:26,WAT,0.0,0.0,101.9,783.0
568807,2026-10-04 23:20:26,MAC,42.4,535.0,101.8,856.0
568808,2026-10-04 23:23:27,AIR,1.4,28.0,102.9,1007.0
568809,2026-10-04 23:23:27,ICE,41.6,528.0,102.3,863.0
568810,2026-10-04 23:23:27,WAT,0.0,0.0,101.9,783.0
568811,2026-10-04 23:23:27,MAC,42.4,535.0,101.8,856.0
568812,2026-10-04 23:26:29,AIR,1.4,28.0,102.9,1007.0
568813,2026-10-04 23:26:29,ICE,41.6,528.0,102.3,863.0
568814,2026-10-04 23:26:29,WAT,0.0,0.0,101.9,783.0
568815,2026-10-04 23:26:29,MAC,42.4,535.0,101.8,856.0
568816,2026-10-04 23:29:31,AIR,1.4,28.0,102.9,1007.0
568817,2026-10-04 23:29:31,ICE,41.6,528.0,102.3,863.0
568818,2026-10-04 23:29:31,WAT,0.0,0.0,101.9,783.0
568819,2026-10-04 23:29:31,MAC,42.4,535.0,101.8,856.0
568820,2026-10-04 23:32:32,AIR,1.4,28.0,102.9,1007.0
568821,2026-10-04 23:32:32,ICE,41.6,528.0,102.3,863.0
568822,2026-10-04 23:32:32,WAT,0.0,0.0,101.9,783.0
568823,2026-10-04 23:32:32,MAC,42.4,535.0,101.8,856.0
568824,2026-10-04 23:35:34,AIR,1.4,28.0,102.9,1007.0
568825,2026-10-04 23:35:34,ICE,41.6,528.0,102.3,863.0
568826,2026-10-04 23:35:34,WAT,0.0,0.0,101.9,783.0
568827,2026-10-04 23:35:34,MAC,42.4,535.0,101.8,856.0
568828,2026-10-04 23:38:35,AIR,1.4,28.0,102.9,1007.0
568829,2026-10-04 23:38:35,ICE,41.6,528.0,102.3,863.0
568830,2026-10-04 23:38:35,WAT,0.0,0.0,101.9,783.0
568831,2026-10-04 23:38:35,MAC,42.4,535.0,101.8,856.0
568832,2026-10-04 23:41:36,AIR,1.4,28.0,102.9,1007.0
568833,2026-10-04 23:41:36,ICE,41.6,528.0,102.3,863.0
568834,2026-10-04 23:41:36,WAT,0.0,0.0,101.9,783.0
568835,2026-10-04 23:41:36,MAC,42.4,535.0,101.8,856.0
568836,2026-10-04 23:44:38,AIR,1.4,28.0,102.9,1007.0
568837,2026-10-04 23:44:38,ICE,41.6,528.0,102.3,863.0
568838,2026-10-04 23:44:38,WAT,0.0,0.0,101.9,783.0
568839,2026-10-04 23:44:38,MAC,42.4,535.0,101.8,856.0
568840,2026-10-04 23:47:39,AIR,1.4,28.0,102.9,1007.0
568841,2026-10-04 23:47:39,ICE,41.6,528.0,102.3,863.0
568842,2026-10-04 23:47:39,WAT,0.0,0.0,101.9,783.0
568843,2026-10-04 23:47:39,MAC,42.4,535.0,101.8,856.0
568844,2026-10-04 23:50:40,AIR,1.4,28.0,102.9,1007.0
568845,2026-10-04 23:50:40,ICE,41.6,528.0,102.3,863.0
568846,2026-10-04 23:50:40,WAT,0.0,0.0,101.9,783.0
568847,2026-10-04 23:50:40,MAC,42.4,535.0,101.8,856.0
568848,2026-10-04 23:53:42,AIR,1.4,28.0,102.9,1007.0
568849,2026-10-04 23:53:42,ICE,41.6,528.0,102.3,863.0
568850,2026-10-04 23:53:42,WAT,0.0,0.0,101.9,783.0
568851,2026-10-04 23:53:42,MAC,42.4,535.0,101.8,856.0
568852,2026-10-04 23:56:41,AIR,1.4,28.0,102.9,1007.0
568853,2026-10-04 23:56:41,ICE,41.6,528.0,102.3,863.0
568854,2026-10-04 23:56:41,WAT,0.0,0.0,101.9,783.0
568855,2026-10-04 23:56:41,MAC,5.3,74.0,102.5,896.0
568856,2026-10-04 23:59:42,AIR,1.4,28.0,102.9,1007.0
568857,2026-10-04 23:59:42,ICE,41.6,528.0,102.3,863.0
568858,2026-10-04 23:59:42,WAT,0.0,0.0,101.9,783.0
568859,2026-10-04 23:59:42,MAC,5.3,74.0,102.5,896.0
568860,2026-10-05 00:02:44,AIR,1.4,28.0,102.9,1007.0
568861,2026-10-05 00:02:44,ICE,41.6,528.0,102.3,863.0
568862,2026-10-05 00:02:44,WAT,0.0,0.0,101.9,783.0
568863,2026-10-05 00:02:44,MAC,5.3,74.0,102.5,896.0
568864,2026-10-05 00:05:45,AIR,1.4,28.0,102.9,1007.0
568865,2026-10-05 00:05:45,ICE,41.6,528.0,102.3,863.0
568866,2026-10-05 00:05:45,WAT,0.0,0.0,101.9,783.0
568867,2026-10-05 00:05:45,MAC,5.3,74.0,102.5,896.0
568868,2026-10-05 00:08:46,AIR,1.4,28.0,102.9,1007.0
568869,2026-10-05 00:08:46,ICE,41.6,528.0,102.3,863.0
568870,2026-10-05 00:08:46,WAT,0.0,0.0,101.9,783.0
568871,2026-10-05 00:08:46,MAC,5.3,74.0,102.5,896.0
568872,2026-10-05 00:11:49,AIR,1.4,28.0,102.9,1007.0
568873,2026-10-05 00:11:49,ICE,41.6,528.0,102.3,863.0
568874,2026-10-05 00:11:49,WAT,0.0,0.0,101.9,783.0
568875,2026-10-05 00:11:49,MAC,5.3,74.0,102.5,896.0
568876,2026-10-05 00:14:51,AIR,1.4,28.0,102.9,1007.0
568877,2026-10-05 00:14:51,ICE,41.6,528.0,102.3,863.0
568878,2026-10-05 00:14:51,WAT,0.0,0.0,101.9,783.0
568879,2026-10-05 00:14:51,MAC,5.3,74.0,102.5,896.0
568880,2026-10-05 00:17:52,AIR,1.4,28.0,102.9,1007.0
568881,2026-10-05 00:17:52,ICE,41.6,528.0,102.3,863.0
568882,2026-10-05 00:17:52,WAT,0.0,0.0,101.9,783.0
568883,2026-10-05 00:17:52,MAC,5.3,74.0,102.5,896.0
568884,2026-10-05 00:20:54,AIR,1.4,28.0,102.9,1007.0
568885,2026-10-05 00:20:54,ICE,41.6,528.0,102.3,863.0
568886,2026-10-05 00:20:54,WAT,0.0,0.0,101.9,783.0
568887,2026-10-05 00:20:54,MAC,5.3,74.0,102.5,896.0
568888,2026-10-05 00:23:55,AIR,1.4,28.0,102.9,1007.0
568889,2026-10-05 00:23:55,ICE,41.6,528.0,102.3,863.0
568890,2026-10-05 00:23:55,WAT,0.0,0.0,101.9,783.0
568891,2026-10-05 00:23:55,MAC,5.3,74.0,102.5,896.0
568892,2026-10-05 00:26:56,AIR,1.4,28.0,102.9,1007.0
568893,2026-10-05 00:26:56,ICE,41.6,528.0,102.3,863.0
568894,2026-10-05 00:26:56,WAT,0.0,0.0,101.9,783.0
568895,2026-10-05 00:26:56,MAC,5.3,74.0,102.5,896.0
568896,2026-10-05 00:29:58,AIR,1.4,28.0,102.9,1007.0
568897,2026-10-05 00:29:58,ICE,41.6,528.0,102.3,863.0
568898,2026-10-05 00:29:58,WAT,0.0,0.0,101.9,783.0
568899,2026-10-05 00:29:58,MAC,5.3,74.0,102.5,896.0
568900,2026-10-05 00:32:59,AIR,1.4,28.0,102.9,1007.0
568901,2026-10-05 00:32:59,ICE,41.6,528.0,102.3,863.0
568902,2026-10-05 00:32:59,WAT,0.0,0.0,101.9,783.0
568903,2026-10-05 00:32:59,MAC,5.3,74.0,102.5,896.0
568904,2026-10-05 00:36:01,AIR,1.4,28.0,102.9,1007.0
568905,2026-10-05 00:36:01,ICE,41.6,528.0,102.3,863.0
568906,2026-10-05 00:36:01,WAT,0.0,0.0,101.9,783.0
568907,2026-10-05 00:36:01,MAC,5.3,74.0,102.5,896.0
568908,2026-10-05 00:39:02,AIR,1.4,28.0,102.9,1007.0
568909,2026-10-05 00:39:02,ICE,41.6,528.0,102.3,863.0
568910,2026-10-05 00:39:02,WAT,0.0,0.0,101.9,783.0
568911,2026-10-05 00:39:02,MAC,5.3,74.0,102.5,896.0
568912,2026-10-05 00:42:03,AIR,1.4,28.0,102.9,1007.0
568913,2026-10-05 00:42:03,ICE,41.6,528.0,102.3,863.0
568914,2026-10-05 00:42:03,WAT,0.0,0.0,101.9,783.0
568915,2026-10-05 00:42:03,MAC,5.3,74.0,102.5,896.0
568916,2026-10-05 00:45:05,AIR,1.4,28.0,102.9,1007.0
568917,2026-10-05 00:45:05,ICE,41.6,528.0,102.3,863.0
568918,2026-10-05 00:45:05,WAT,0.0,0.0,101.9,783.0
568919,2026-10-05 00:45:05,MAC,5.3,74.0,102.5,896.0
568920,2026-10-05 00:48:06,AIR,1.4,28.0,102.9,1007.0
568921,2026-10-05 00:48:06,ICE,41.6,528.0,102.3,863.0
568922,2026-10-05 00:48:06,WAT,0.0,0.0,101.9,783.0
568923,2026-10-05 00:48:06,MAC,5.3,74.0,102.5,896.0
568924,2026-10-05 00:51:08,AIR,1.4,28.0,102.9,1007.0
568925,2026-10-05 00:51:08,ICE,41.6,528.0,102.3,863.0
568926,2026-10-05 00:51:08,WAT,0.0,0.0,101.9,783.0
568927,2026-10-05 00:51:08,MAC,5.3,74.0,102.5,896.0
568928,2026-10-05 00:54:09,AIR,1.4,28.0,102.9,1007.0
568929,2026-10-05 00:54:09,ICE,41.6,528.0,102.3,863.0
568930,2026-10-05 00:54:09,WAT,0.0,0.0,101.9,783.0
568931,2026-10-05 00:54:09,MAC,5.3,74.0,102.5,896.0
568932,2026-10-05 00:57:10,AIR,1.4,28.0,102.9,1007.0
568933,2026-10-05 00:57:10,ICE,41.6,528.0,102.3,863.0
568934,2026-10-05 00:57:10,WAT,0.0,0.0,101.9,783.0
568935,2026-10-05 00:57:10,MAC,5.3,74.0,102.5,896.0
568936,2026-10-05 01:00:11,AIR,1.4,28.0,102.9,1007.0
568937,2026-10-05 01:00:11,ICE,41.6,528.0,102.3,863.0
568938,2026-10-05 01:00:11,WAT,0.0,0.0,101.9,783.0
568939,2026-10-05 01:00:11,MAC,5.3,74.0,102.5,896.0
568940,2026-10-05 01:03:18,AIR,1.4,28.0,102.9,1007.0
568941,2026-10-05 01:03:18,ICE,41.6,528.0,102.3,863.0
568942,2026-10-05 01:03:18,WAT,0.0,0.0,101.9,783.0
568943,2026-10-05 01:03:18,MAC,5.3,74.0,102.5,896.0
568944,2026-10-05 01:06:19,AIR,1.4,28.0,102.9,1007.0
568945,2026-10-05 01:06:19,ICE,41.6,528.0,102.3,863.0
568946,2026-10-05 01:06:19,WAT,0.0,0.0,101.9,783.0
568947,2026-10-05 01:06:19,MAC,5.3,74.0,102.5,896.0
568948,2026-10-05 01:09:20,AIR,1.4,28.0,102.9,1007.0
568949,2026-10-05 01:09:20,ICE,41.6,528.0,102.3,863.0
568950,2026-10-05 01:09:20,WAT,0.0,0.0,101.9,783.0
568951,2026-10-05 01:09:20,MAC,5.3,74.0,102.5,896.0
568952,2026-10-05 01:12:21,AIR,1.4,28.0,102.9,1007.0
568953,2026-10-05 01:12:21,ICE,41.6,528.0,102.3,863.0
568954,2026-10-05 01:12:21,WAT,0.0,0.0,101.9,783.0
568955,2026-10-05 01:12:21,MAC,5.3,74.0,102.5,896.0
568956,2026-10-05 01:15:23,AIR,1.4,28.0,102.9,1007.0
568957,2026-10-05 01:15:23,ICE,41.6,528.0,102.3,863.0
568958,2026-10-05 01:15:23,WAT,0.0,0.0,101.9,783.0
568959,2026-10-05 01:15:23,MAC,5.3,74.0,102.5,896.0
568960,2026-10-05 01:18:24,AIR,1.4,28.0,102.9,1007.0
568961,2026-10-05 01:18:24,ICE,41.6,528.0,102.3,863.0
568962,2026-10-05 01:18:24,WAT,0.0,0.0,101.9,783.0
568963,2026-10-05 01:18:24,MAC,5.3,74.0,102.5,896.0
568964,2026-10-05 01:21:25,AIR,1.4,28.0,102.9,1007.0
568965,2026-10-05 01:21:25,ICE,41.6,528.0,102.3,863.0
568966,2026-10-05 01:21:25,WAT,0.0,0.0,101.9,783.0
568967,2026-10-05 01:21:25,MAC,5.3,74.0,102.5,896.0
568968,2026-10-05 01:24:26,AIR,1.4,28.0,102.9,1007.0
568969,2026-10-05 01:24:26,ICE,41.6,528.0,102.3,863.0
568970,2026-10-05 01:24:26,WAT,0.0,0.0,101.9,783.0
568971,2026-10-05 01:24:26,MAC,5.3,74.0,102.5,896.0
568972,2026-10-05 01:27:28,AIR,1.4,28.0,102.9,1007.0
568973,2026-10-05 01:27:28,ICE,53.2,676.0,102.9,987.0
568974,2026-10-05 01:27:28,WAT,0.0,0.0,101.9,783.0
568975,2026-10-05 01:27:28,MAC,5.3,74.0,102.5,896.0
568976,2026-10-05 01:30:29,AIR,1.4,28.0,102.9,1007.0
568977,2026-10-05 01:30:29,ICE,53.2,676.0,102.9,987.0
568978,2026-10-05 01:30:29,WAT,0.0,0.0,101.9,783.0
568979,2026-10-05 01:30:29,MAC,5.3,74.0,102.5,896.0
568980,2026-10-05 01:33:31,AIR,1.4,28.0,102.9,1007.0
568981,2026-10-05 01:33:31,ICE,53.2,676.0,102.9,987.0
568982,2026-10-05 01:33:31,WAT,0.0,0.0,101.9,783.0
568983,2026-10-05 01:33:31,MAC,5.3,74.0,102.5,896.0
568984,2026-10-05 01:36:32,AIR,1.4,28.0,102.9,1007.0
568985,2026-10-05 01:36:32,ICE,53.2,676.0,102.9,987.0
568986,2026-10-05 01:36:32,WAT,0.0,0.0,101.9,783.0
568987,2026-10-05 01:36:32,MAC,5.3,74.0,102.5,896.0
568988,2026-10-05 01:39:33,AIR,1.4,28.0,102.9,1007.0
568989,2026-10-05 01:39:33,ICE,53.2,676.0,102.9,987.0
568990,2026-10-05 01:39:33,WAT,0.0,0.0,101.9,783.0
568991,2026-10-05 01:39:33,MAC,5.3,74.0,102.5,896.0
568992,2026-10-05 01:42:34,AIR,1.4,28.0,102.9,1007.0
568993,2026-10-05 01:42:34,ICE,53.2,676.0,102.9,987.0
568994,2026-10-05 01:42:34,WAT,0.0,0.0,101.9,783.0
568995,2026-10-05 01:42:34,MAC,5.3,74.0,102.5,896.0
568996,2026-10-05 01:45:36,AIR,1.4,28.0,102.9,1007.0
568997,2026-10-05 01:45:36,ICE,53.2,676.0,102.9,987.0
568998,2026-10-05 01:45:36,WAT,0.0,0.0,101.9,783.0
568999,2026-10-05 01:45:36,MAC,5.3,74.0,102.5,896.0
569000,2026-10-05 01:48:38,AIR,1.4,28.0,102.9,1007.0
569001,2026-10-05 01:48:38,ICE,53.2,676.0,102.9,987.0
569002,2026-10-05 01:48:38,WAT,0.0,0.0,101.9,783.0
569003,2026-10-05 01:48:38,MAC,5.3,74.0,102.5,896.0
569004,2026-10-05 01:51:39,AIR,1.4,28.0,102.9,1007.0
569005,2026-10-05 01:51:39,ICE,3.0,29.0,102.9,1010.0
569006,2026-10-05 01:51:39,WAT,0.0,0.0,101.9,783.0
569007,2026-10-05 01:51:39,MAC,5.3,74.0,102.5,896.0
569008,2026-10-05 01:54:40,AIR,1.4,28.0,102.9,1007.0
569009,2026-10-05 01:54:40,ICE,3.0,29.0,102.9,1010.0
569010,2026-10-05 01:54:40,WAT,0.0,0.0,101.9,783.0
569011,2026-10-05 01:54:40,MAC,5.3,74.0,102.5,896.0
569012,2026-10-05 01:57:41,AIR,1.4,28.0,102.9,1007.0
569013,2026-10-05 01:57:41,ICE,3.0,29.0,102.9,1010.0
569014,2026-10-05 01:57:41,WAT,0.0,0.0,101.9,783.0
569015,2026-10-05 01:57:41,MAC,5.3,74.0,102.5,896.0
569016,2026-10-05 02:00:43,AIR,1.4,28.0,102.9,1007.0
569017,2026-10-05 02:00:43,ICE,3.0,29.0,102.9,1010.0
569018,2026-10-05 02:00:43,WAT,0.0,0.0,101.9,783.0
569019,2026-10-05 02:00:43,MAC,5.3,74.0,102.5,896.0
569020,2026-10-05 02:03:44,AIR,1.4,28.0,102.9,1007.0
569021,2026-10-05 02:03:44,ICE,3.0,29.0,102.9,1010.0
569022,2026-10-05 02:03:44,WAT,0.0,0.0,101.9,783.0
569023,2026-10-05 02:03:44,MAC,5.3,74.0,102.5,896.0
569024,2026-10-05 02:06:45,AIR,1.4,28.0,102.9,1007.0
569025,2026-10-05 02:06:45,ICE,39.8,500.0,103.0,1025.0
569026,2026-10-05 02:06:45,WAT,0.0,0.0,101.9,783.0
569027,2026-10-05 02:06:45,MAC,5.3,74.0,102.5,896.0
569028,2026-10-05 02:09:47,AIR,1.4,28.0,102.9,1007.0
569029,2026-10-05 02:09:47,ICE,39.8,500.0,103.0,1025.0
569030,2026-10-05 02:09:47,WAT,0.0,0.0,101.9,783.0
569031,2026-10-05 02:09:47,MAC,5.3,74.0,102.5,896.0
569032,2026-10-05 02:12:48,AIR,1.4,28.0,102.9,1007.0
569033,2026-10-05 02:12:48,ICE,39.8,500.0,103.0,1025.0
569034,2026-10-05 02:12:48,WAT,0.0,0.0,101.9,783.0
569035,2026-10-05 02:12:48,MAC,5.3,74.0,102.5,896.0
569036,2026-10-05 02:15:49,AIR,1.4,28.0,102.9,1007.0
569037,2026-10-05 02:15:49,ICE,39.8,500.0,103.0,1025.0
569038,2026-10-05 02:15:49,WAT,0.0,0.0,101.9,783.0
569039,2026-10-05 02:15:49,MAC,5.3,74.0,102.5,896.0
569040,2026-10-05 02:18:51,AIR,1.4,28.0,102.9,1007.0
569041,2026-10-05 02:18:51,ICE,39.8,500.0,103.0,1025.0
569042,2026-10-05 02:18:51,WAT,0.0,0.0,101.9,783.0
569043,2026-10-05 02:18:51,MAC,5.3,74.0,102.5,896.0
569044,2026-10-05 02:21:52,AIR,1.4,28.0,102.9,1007.0
569045,2026-10-05 02:21:52,ICE,39.8,500.0,103.0,1025.0
569046,2026-10-05 02:21:52,WAT,0.0,0.0,101.9,783.0
569047,2026-10-05 02:21:52,MAC,5.3,74.0,102.5,896.0
569048,2026-10-05 02:24:53,AIR,1.4,28.0,102.9,1007.0
569049,2026-10-05 02:24:53,ICE,39.8,500.0,103.0,1025.0
569050,2026-10-05 02:24:53,WAT,0.0,0.0,101.9,783.0
569051,2026-10-05 02:24:53,MAC,5.3,74.0,102.5,896.0
569052,2026-10-05 02:27:54,AIR,1.4,28.0,102.9,1007.0
569053,2026-10-05 02:27:54,ICE,39.8,500.0,103.0,1025.0
569054,2026-10-05 02:27:54,WAT,0.0,0.0,101.9,783.0
569055,2026-10-05 02:27:54,MAC,5.3,74.0,102.5,896.0
569056,2026-10-05 02:30:56,AIR,1.4,28.0,102.9,1007.0
569057,2026-10-05 02:30:56,ICE,39.8,500.0,103.0,1025.0
569058,2026-10-05 02:30:56,WAT,0.0,0.0,101.9,783.0
569059,2026-10-05 02:30:56,MAC,5.3,74.0,102.5,896.0
569060,2026-10-05 02:33:57,AIR,1.4,28.0,102.9,1007.0
569061,2026-10-05 02:33:57,ICE,39.8,500.0,103.0,1025.0
569062,2026-10-05 02:33:57,WAT,0.0,0.0,101.9,783.0
569063,2026-10-05 02:33:57,MAC,5.3,74.0,102.5,896.0
569064,2026-10-05 02:36:59,AIR,1.4,28.0,102.9,1007.0
569065,2026-10-05 02:36:59,ICE,39.8,500.0,103.0,1025.0
569066,2026-10-05 02:36:59,WAT,0.0,0.0,101.9,783.0
569067,2026-10-05 02:36:59,MAC,5.3,74.0,102.5,896.0
569068,2026-10-05 02:40:00,AIR,1.4,28.0,102.9,1007.0
569069,2026-10-05 02:40:00,ICE,39.8,500.0,103.0,1025.0
569070,2026-10-05 02:40:00,WAT,0.0,0.0,101.9,783.0
569071,2026-10-05 02:40:00,MAC,5.3,74.0,102.5,896.0
569072,2026-10-05 02:43:04,AIR,1.4,28.0,102.9,1007.0
569073,2026-10-05 02:43:04,ICE,39.8,500.0,103.0,1025.0
569074,2026-10-05 02:43:04,WAT,0.0,0.0,101.9,783.0
569075,2026-10-05 02:43:04,MAC,5.3,74.0,102.5,896.0
569076,2026-10-05 02:46:05,AIR,1.4,28.0,102.9,1007.0
569077,2026-10-05 02:46:05,ICE,39.8,500.0,103.0,1025.0
569078,2026-10-05 02:46:05,WAT,0.0,0.0,101.9,783.0
569079,2026-10-05 02:46:05,MAC,5.3,74.0,102.5,896.0
569080,2026-10-05 02:49:07,AIR,1.4,28.0,102.9,1007.0
569081,2026-10-05 02:49:07,ICE,39.8,500.0,103.0,1025.0
569082,2026-10-05 02:49:07,WAT,0.0,0.0,101.9,783.0
569083,2026-10-05 02:49:07,MAC,5.3,74.0,102.5,896.0
569084,2026-10-05 02:52:09,AIR,1.4,28.0,102.9,1007.0
569085,2026-10-05 02:52:09,ICE,39.8,500.0,103.0,1025.0
569086,2026-10-05 02:52:09,WAT,0.0,0.0,101.9,783.0
569087,2026-10-05 02:52:09,MAC,5.3,74.0,102.5,896.0
569088,2026-10-05 02:55:10,AIR,1.4,28.0,102.9,1007.0
569089,2026-10-05 02:55:10,ICE,39.8,500.0,103.0,1025.0
569090,2026-10-05 02:55:10,WAT,0.0,0.0,101.9,783.0
569091,2026-10-05 02:55:10,MAC,5.3,74.0,102.5,896.0
569092,2026-10-05 02:58:11,AIR,1.4,28.0,102.9,1007.0
569093,2026-10-05 02:58:11,ICE,39.8,500.0,103.0,1025.0
569094,2026-10-05 02:58:11,WAT,0.0,0.0,101.9,783.0
569095,2026-10-05 02:58:11,MAC,5.3,74.0,102.5,896.0
569096,2026-10-05 03:01:13,AIR,1.4,28.0,102.9,1007.0
569097,2026-10-05 03:01:13,ICE,39.8,500.0,103.0,1025.0
569098,2026-10-05 03:01:13,WAT,0.0,0.0,101.9,783.0
569099,2026-10-05 03:01:13,MAC,5.3,74.0,102.5,896.0
569100,2026-10-05 03:04:14,AIR,1.4,28.0,102.9,1007.0
569101,2026-10-05 03:04:14,ICE,39.8,500.0,103.0,1025.0
569102,2026-10-05 03:04:14,WAT,0.0,0.0,101.9,783.0
569103,2026-10-05 03:04:14,MAC,5.3,74.0,102.5,896.0
569104,2026-10-05 03:07:15,AIR,1.4,28.0,102.9,1007.0
569105,2026-10-05 03:07:15,ICE,39.8,500.0,103.0,1025.0
569106,2026-10-05 03:07:15,WAT,0.0,0.0,101.9,783.0
569107,2026-10-05 03:07:15,MAC,5.3,74.0,102.5,896.0
569108,2026-10-05 03:10:16,AIR,1.4,28.0,102.9,1007.0
569109,2026-10-05 03:10:16,ICE,39.8,500.0,103.0,1025.0
569110,2026-10-05 03:10:16,WAT,0.0,0.0,101.9,783.0
569111,2026-10-05 03:10:16,MAC,5.3,74.0,102.5,896.0
569112,2026-10-05 03:13:18,AIR,1.4,28.0,102.9,1007.0
569113,2026-10-05 03:13:18,ICE,39.8,500.0,103.0,1025.0
569114,2026-10-05 03:13:18,WAT,0.0,0.0,101.9,783.0
569115,2026-10-05 03:13:18,MAC,5.3,74.0,102.5,896.0
569116,2026-10-05 03:16:19,AIR,1.4,28.0,102.9,1007.0
569117,2026-10-05 03:16:19,ICE,39.8,500.0,103.0,1025.0
569118,2026-10-05 03:16:19,WAT,0.0,0.0,101.9,783.0
569119,2026-10-05 03:16:19,MAC,5.3,74.0,102.5,896.0
569120,2026-10-05 03:19:20,AIR,1.4,28.0,102.9,1007.0
569121,2026-10-05 03:19:20,ICE,39.8,500.0,103.0,1025.0
569122,2026-10-05 03:19:20,WAT,0.0,0.0,101.9,783.0
569123,2026-10-05 03:19:20,MAC,5.3,74.0,102.5,896.0
569124,2026-10-05 03:22:21,AIR,1.4,28.0,102.9,1007.0
569125,2026-10-05 03:22:21,ICE,39.8,500.0,103.0,1025.0
569126,2026-10-05 03:22:21,WAT,0.0,0.0,101.9,783.0
569127,2026-10-05 03:22:21,MAC,5.3,74.0,102.5,896.0
569128,2026-10-05 03:25:22,AIR,1.4,28.0,102.9,1007.0
569129,2026-10-05 03:25:22,ICE,39.8,500.0,103.0,1025.0
569130,2026-10-05 03:25:22,WAT,0.0,0.0,101.9,783.0
569131,2026-10-05 03:25:22,MAC,5.3,74.0,102.5,896.0
569132,2026-10-05 03:28:24,AIR,1.4,28.0,102.9,1007.0
569133,2026-10-05 03:28:24,ICE,39.8,500.0,103.0,1025.0
569134,2026-10-05 03:28:24,WAT,0.0,0.0,101.9,783.0
569135,2026-10-05 03:28:24,MAC,5.3,74.0,102.5,896.0
569136,2026-10-05 03:31:25,AIR,1.4,28.0,102.9,1007.0
569137,2026-10-05 03:31:25,ICE,39.8,500.0,103.0,1025.0
569138,2026-10-05 03:31:25,WAT,0.0,0.0,101.9,783.0
569139,2026-10-05 03:31:25,MAC,5.3,74.0,102.5,896.0
569140,2026-10-05 03:34:26,AIR,1.4,28.0,102.9,1007.0
569141,2026-10-05 03:34:26,ICE,39.8,500.0,103.0,1025.0
569142,2026-10-05 03:34:26,WAT,0.0,0.0,101.9,783.0
569143,2026-10-05 03:34:26,MAC,5.3,74.0,102.5,896.0
569144,2026-10-05 03:37:28,AIR,1.4,28.0,102.9,1007.0
569145,2026-10-05 03:37:28,ICE,61.8,770.0,103.3,1115.0
569146,2026-10-05 03:37:28,WAT,0.0,0.0,101.9,783.0
569147,2026-10-05 03:37:28,MAC,5.3,74.0,102.5,896.0
569148,2026-10-05 03:40:29,AIR,1.4,28.0,102.9,1007.0
569149,2026-10-05 03:40:29,ICE,61.8,770.0,103.3,1115.0
569150,2026-10-05 03:40:29,WAT,0.0,0.0,101.9,783.0
569151,2026-10-05 03:40:29,MAC,5.3,74.0,102.5,896.0
569152,2026-10-05 03:43:31,AIR,1.4,28.0,102.9,1007.0
569153,2026-10-05 03:43:31,ICE,61.8,770.0,103.3,1115.0
569154,2026-10-05 03:43:31,WAT,0.0,0.0,101.9,783.0
569155,2026-10-05 03:43:31,MAC,5.3,74.0,102.5,896.0
569156,2026-10-05 03:46:32,AIR,1.4,28.0,102.9,1007.0
569157,2026-10-05 03:46:32,ICE,61.8,770.0,103.3,1115.0
569158,2026-10-05 03:46:32,WAT,0.0,0.0,101.9,783.0
569159,2026-10-05 03:46:32,MAC,5.3,74.0,102.5,896.0
569160,2026-10-05 03:49:33,AIR,1.4,28.0,102.9,1007.0
569161,2026-10-05 03:49:33,ICE,61.8,770.0,103.3,1115.0
569162,2026-10-05 03:49:33,WAT,0.0,0.0,101.9,783.0
569163,2026-10-05 03:49:33,MAC,5.3,74.0,102.5,896.0
569164,2026-10-05 03:52:35,AIR,1.4,28.0,102.9,1007.0
569165,2026-10-05 03:52:35,ICE,61.8,770.0,103.3,1115.0
569166,2026-10-05 03:52:35,WAT,0.0,0.0,101.9,783.0
569167,2026-10-05 03:52:35,MAC,5.3,74.0,102.5,896.0
569168,2026-10-05 03:55:36,AIR,1.4,28.0,102.9,1007.0
569169,2026-10-05 03:55:36,ICE,1.5,29.0,103.3,1133.0
569170,2026-10-05 03:55:36,WAT,0.0,0.0,101.9,783.0
569171,2026-10-05 03:55:36,MAC,5.3,74.0,102.5,896.0
569172,2026-10-05 03:58:37,AIR,1.4,28.0,102.9,1007.0
569173,2026-10-05 03:58:37,ICE,1.5,29.0,103.3,1133.0
569174,2026-10-05 03:58:37,WAT,0.0,0.0,101.9,783.0
569175,2026-10-05 03:58:37,MAC,5.3,74.0,102.5,896.0
569176,2026-10-05 04:01:38,AIR,1.4,28.0,102.9,1007.0
569177,2026-10-05 04:01:38,ICE,1.5,29.0,103.3,1133.0
569178,2026-10-05 04:01:38,WAT,0.0,0.0,101.9,783.0
569179,2026-10-05 04:01:38,MAC,5.3,74.0,102.5,896.0
569180,2026-10-05 04:04:40,AIR,1.4,28.0,102.9,1007.0
569181,2026-10-05 04:04:40,ICE,1.5,29.0,103.3,1133.0
569182,2026-10-05 04:04:40,WAT,0.0,0.0,101.9,783.0
569183,2026-10-05 04:04:40,MAC,5.3,74.0,102.5,896.0
569184,2026-10-05 04:07:41,AIR,1.4,28.0,102.9,1007.0
569185,2026-10-05 04:07:41,ICE,1.5,29.0,103.3,1133.0
569186,2026-10-05 04:07:41,WAT,0.0,0.0,101.9,783.0
569187,2026-10-05 04:07:41,MAC,5.3,74.0,102.5,896.0
569188,2026-10-05 04:10:42,AIR,1.4,28.0,102.9,1007.0
569189,2026-10-05 04:10:42,ICE,47.8,616.0,103.3,1148.0
569190,2026-10-05 04:10:42,WAT,0.0,0.0,101.9,783.0
569191,2026-10-05 04:10:42,MAC,5.3,74.0,102.5,896.0
569192,2026-10-05 04:13:43,AIR,1.4,28.0,102.9,1007.0
569193,2026-10-05 04:13:43,ICE,47.8,616.0,103.3,1148.0
569194,2026-10-05 04:13:43,WAT,0.0,0.0,101.9,783.0
569195,2026-10-05 04:13:43,MAC,5.3,74.0,102.5,896.0
569196,2026-10-05 04:16:44,AIR,1.4,28.0,102.9,1007.0
569197,2026-10-05 04:16:44,ICE,47.8,616.0,103.3,1148.0
569198,2026-10-05 04:16:44,WAT,0.0,0.0,101.9,783.0
569199,2026-10-05 04:16:44,MAC,5.3,74.0,102.5,896.0
569200,2026-10-05 04:19:45,AIR,1.4,28.0,102.9,1007.0
569201,2026-10-05 04:19:45,ICE,47.8,616.0,103.3,1148.0
569202,2026-10-05 04:19:45,WAT,0.0,0.0,101.9,783.0
569203,2026-10-05 04:19:45,MAC,5.3,74.0,102.5,896.0
569204,2026-10-05 04:22:47,AIR,1.4,28.0,102.9,1007.0
569205,2026-10-05 04:22:47,ICE,47.8,616.0,103.3,1148.0
569206,2026-10-05 04:22:47,WAT,0.0,0.0,101.9,783.0
569207,2026-10-05 04:22:47,MAC,5.3,74.0,102.5,896.0
569208,2026-10-05 04:25:48,AIR,1.4,28.0,102.9,1007.0
569209,2026-10-05 04:25:48,ICE,47.8,616.0,103.3,1148.0
569210,2026-10-05 04:25:48,WAT,0.0,0.0,101.9,783.0
569211,2026-10-05 04:25:48,MAC,5.3,74.0,102.5,896.0
569212,2026-10-05 04:28:49,AIR,1.4,28.0,102.9,1007.0
569213,2026-10-05 04:28:49,ICE,47.8,616.0,103.3,1148.0
569214,2026-10-05 04:28:49,WAT,0.0,0.0,101.9,783.0
569215,2026-10-05 04:28:49,MAC,5.3,74.0,102.5,896.0
569216,2026-10-05 04:31:51,AIR,1.4,28.0,102.9,1007.0
569217,2026-10-05 04:31:51,ICE,47.8,616.0,103.3,1148.0
569218,2026-10-05 04:31:51,WAT,0.0,0.0,101.9,783.0
569219,2026-10-05 04:31:51,MAC,5.3,74.0,102.5,896.0
569220,2026-10-05 04:34:53,AIR,1.4,28.0,102.9,1007.0
569221,2026-10-05 04:34:53,ICE,47.8,616.0,103.3,1148.0
569222,2026-10-05 04:34:53,WAT,0.0,0.0,101.9,783.0
569223,2026-10-05 04:34:53,MAC,5.3,74.0,102.5,896.0
569224,2026-10-05 04:37:54,AIR,1.4,28.0,102.9,1007.0
569225,2026-10-05 04:37:54,ICE,37.7,483.0,102.9,1176.0
569226,2026-10-05 04:37:54,WAT,0.0,0.0,101.9,783.0
569227,2026-10-05 04:37:54,MAC,5.3,74.0,102.5,896.0
569228,2026-10-05 04:40:55,AIR,1.4,28.0,102.9,1007.0
569229,2026-10-05 04:40:55,ICE,37.7,483.0,102.9,1176.0
569230,2026-10-05 04:40:55,WAT,0.0,0.0,101.9,783.0
569231,2026-10-05 04:40:55,MAC,5.3,74.0,102.5,896.0
569232,2026-10-05 04:43:56,AIR,1.4,28.0,102.9,1007.0
569233,2026-10-05 04:43:56,ICE,37.7,483.0,102.9,1176.0
569234,2026-10-05 04:43:56,WAT,0.0,0.0,101.9,783.0
569235,2026-10-05 04:43:56,MAC,5.3,74.0,102.5,896.0
569236,2026-10-05 04:46:58,AIR,1.4,28.0,102.9,1007.0
569237,2026-10-05 04:46:58,ICE,37.7,483.0,102.9,1176.0
569238,2026-10-05 04:46:58,WAT,0.0,0.0,101.9,783.0
569239,2026-10-05 04:46:58,MAC,5.3,74.0,102.5,896.0
569240,2026-10-05 04:49:59,AIR,1.4,28.0,102.9,1007.0
569241,2026-10-05 04:49:59,ICE,37.7,483.0,102.9,1176.0
569242,2026-10-05 04:49:59,WAT,0.0,0.0,101.9,783.0
569243,2026-10-05 04:49:59,MAC,5.3,74.0,102.5,896.0
569244,2026-10-05 04:53:03,AIR,1.4,28.0,102.9,1007.0
569245,2026-10-05 04:53:03,ICE,37.7,483.0,102.9,1176.0
569246,2026-10-05 04:53:03,WAT,0.0,0.0,101.9,783.0
569247,2026-10-05 04:53:03,MAC,5.3,74.0,102.5,896.0
569248,2026-10-05 04:56:05,AIR,1.4,28.0,102.9,1007.0
569249,2026-10-05 04:56:05,ICE,37.7,483.0,102.9,1176.0
569250,2026-10-05 04:56:05,WAT,0.0,0.0,101.9,783.0
569251,2026-10-05 04:56:05,MAC,5.3,74.0,102.5,896.0
569252,2026-10-05 04:59:06,AIR,1.4,28.0,102.9,1007.0
569253,2026-10-05 04:59:06,ICE,37.7,483.0,102.9,1176.0
569254,2026-10-05 04:59:06,WAT,0.0,0.0,101.9,783.0
569255,2026-10-05 04:59:06,MAC,5.3,74.0,102.5,896.0
569256,2026-10-05 05:02:07,AIR,1.4,28.0,102.9,1007.0
569257,2026-10-05 05:02:07,ICE,37.7,483.0,102.9,1176.0
569258,2026-10-05 05:02:07,WAT,0.0,0.0,101.9,783.0
569259,2026-10-05 05:02:07,MAC,5.3,74.0,102.5,896.0
569260,2026-10-05 05:05:08,AIR,1.4,28.0,102.9,1007.0
569261,2026-10-05 05:05:08,ICE,37.7,483.0,102.9,1176.0
569262,2026-10-05 05:05:08,WAT,0.0,0.0,101.9,783.0
569263,2026-10-05 05:05:08,MAC,5.3,74.0,102.5,896.0
569264,2026-10-05 05:08:10,AIR,1.4,28.0,102.9,1007.0
569265,2026-10-05 05:08:10,ICE,37.7,483.0,102.9,1176.0
569266,2026-10-05 05:08:10,WAT,0.0,0.0,101.9,783.0
569267,2026-10-05 05:08:10,MAC,5.3,74.0,102.5,896.0
569268,2026-10-05 05:11:12,AIR,1.4,28.0,102.9,1007.0
569269,2026-10-05 05:11:12,ICE,37.7,483.0,102.9,1176.0
569270,2026-10-05 05:11:12,WAT,0.0,0.0,101.9,783.0
569271,2026-10-05 05:11:12,MAC,5.3,74.0,102.5,896.0
569272,2026-10-05 05:14:14,AIR,1.4,28.0,102.9,1007.0
569273,2026-10-05 05:14:14,ICE,37.7,483.0,102.9,1176.0
569274,2026-10-05 05:14:14,WAT,0.0,0.0,101.9,783.0
569275,2026-10-05 05:14:14,MAC,5.3,74.0,102.5,896.0
569276,2026-10-05 05:17:15,AIR,1.4,28.0,102.9,1007.0
569277,2026-10-05 05:17:15,ICE,37.7,483.0,102.9,1176.0
569278,2026-10-05 05:17:15,WAT,0.0,0.0,101.9,783.0
569279,2026-10-05 05:17:15,MAC,5.3,74.0,102.5,896.0
569280,2026-10-05 05:20:16,AIR,1.4,28.0,102.9,1007.0
569281,2026-10-05 05:20:16,ICE,37.7,483.0,102.9,1176.0
569282,2026-10-05 05:20:16,WAT,0.0,0.0,101.9,783.0
569283,2026-10-05 05:20:16,MAC,5.3,74.0,102.5,896.0
569284,2026-10-05 05:23:17,AIR,1.4,28.0,102.9,1007.0
569285,2026-10-05 05:23:17,ICE,37.7,483.0,102.9,1176.0
569286,2026-10-05 05:23:17,WAT,0.0,0.0,101.9,783.0
569287,2026-10-05 05:23:17,MAC,5.3,74.0,102.5,896.0
569288,2026-10-05 05:26:18,AIR,1.4,28.0,102.9,1007.0
569289,2026-10-05 05:26:18,ICE,37.7,483.0,102.9,1176.0
569290,2026-10-05 05:26:18,WAT,0.0,0.0,101.9,783.0
569291,2026-10-05 05:26:18,MAC,5.3,74.0,102.5,896.0
569292,2026-10-05 05:29:20,AIR,1.4,28.0,102.9,1007.0
569293,2026-10-05 05:29:20,ICE,37.7,483.0,102.9,1176.0
569294,2026-10-05 05:29:20,WAT,0.0,0.0,101.9,783.0
569295,2026-10-05 05:29:20,MAC,5.3,74.0,102.5,896.0
569296,2026-10-05 05:32:21,AIR,1.4,28.0,102.9,1007.0
569297,2026-10-05 05:32:21,ICE,37.7,483.0,102.9,1176.0
569298,2026-10-05 05:32:21,WAT,0.0,0.0,101.9,783.0
569299,2026-10-05 05:32:21,MAC,5.3,74.0,102.5,896.0
569300,2026-10-05 05:35:22,AIR,1.4,28.0,102.9,1007.0
569301,2026-10-05 05:35:22,ICE,37.7,483.0,102.9,1176.0
569302,2026-10-05 05:35:22,WAT,0.0,0.0,101.9,783.0
569303,2026-10-05 05:35:22,MAC,5.3,74.0,102.5,896.0
569304,2026-10-05 05:38:23,AIR,1.4,28.0,102.9,1007.0
569305,2026-10-05 05:38:23,ICE,49.2,631.0,102.9,1238.0
569306,2026-10-05 05:38:23,WAT,0.0,0.0,101.9,783.0
569307,2026-10-05 05:38:23,MAC,5.3,74.0,102.5,896.0
569308,2026-10-05 05:41:25,AIR,1.4,28.0,102.9,1007.0
569309,2026-10-05 05:41:25,ICE,59.9,755.0,102.5,1238.0
569310,2026-10-05 05:41:25,WAT,0.0,0.0,101.9,783.0
569311,2026-10-05 05:41:25,MAC,5.3,74.0,102.5,896.0
569312,2026-10-05 05:44:27,AIR,1.4,28.0,102.9,1007.0
569313,2026-10-05 05:44:27,ICE,59.9,755.0,102.5,1238.0
569314,2026-10-05 05:44:27,WAT,0.0,0.0,101.9,783.0
569315,2026-10-05 05:44:27,MAC,5.3,74.0,102.5,896.0
569316,2026-10-05 05:47:28,AIR,1.4,28.0,102.9,1007.0
569317,2026-10-05 05:47:28,ICE,59.9,755.0,102.5,1238.0
569318,2026-10-05 05:47:28,WAT,0.0,0.0,101.9,783.0
569319,2026-10-05 05:47:28,MAC,5.3,74.0,102.5,896.0
569320,2026-10-05 05:50:29,AIR,1.4,28.0,102.9,1007.0
569321,2026-10-05 05:50:29,ICE,59.9,755.0,102.5,1238.0
569322,2026-10-05 05:50:29,WAT,0.0,0.0,101.9,783.0
569323,2026-10-05 05:50:29,MAC,5.3,74.0,102.5,896.0
569324,2026-10-05 05:53:31,AIR,1.4,28.0,102.9,1007.0
569325,2026-10-05 05:53:31,ICE,59.9,755.0,102.5,1238.0
569326,2026-10-05 05:53:31,WAT,0.0,0.0,101.9,783.0
569327,2026-10-05 05:53:31,MAC,5.3,74.0,102.5,896.0
569328,2026-10-05 05:56:32,AIR,1.4,28.0,102.9,1007.0
569329,2026-10-05 05:56:32,ICE,2.9,28.0,102.9,1254.0
569330,2026-10-05 05:56:32,WAT,0.0,0.0,101.9,783.0
569331,2026-10-05 05:56:32,MAC,5.3,74.0,102.5,896.0
569332,2026-10-05 05:59:33,AIR,1.4,28.0,102.9,1007.0
569333,2026-10-05 05:59:33,ICE,2.9,28.0,102.9,1254.0
569334,2026-10-05 05:59:33,WAT,0.0,0.0,101.9,783.0
569335,2026-10-05 05:59:33,MAC,5.3,74.0,102.5,896.0
569336,2026-10-05 06:02:34,AIR,1.4,28.0,102.9,1007.0
569337,2026-10-05 06:02:34,ICE,2.9,28.0,102.9,1254.0
569338,2026-10-05 06:02:34,WAT,0.0,0.0,101.9,783.0
569339,2026-10-05 06:02:34,MAC,5.3,74.0,102.5,896.0
569340,2026-10-05 06:05:36,AIR,1.4,28.0,102.9,1007.0
569341,2026-10-05 06:05:36,ICE,2.9,28.0,102.9,1254.0
569342,2026-10-05 06:05:36,WAT,0.0,0.0,101.9,783.0
569343,2026-10-05 06:05:36,MAC,5.3,74.0,102.5,896.0
569344,2026-10-05 06:08:37,AIR,1.4,28.0,102.9,1007.0
569345,2026-10-05 06:08:37,ICE,2.9,28.0,102.9,1254.0
569346,2026-10-05 06:08:37,WAT,0.0,0.0,101.9,783.0
569347,2026-10-05 06:08:37,MAC,5.3,74.0,102.5,896.0
569348,2026-10-05 06:11:38,AIR,1.4,28.0,102.9,1007.0
569349,2026-10-05 06:11:38,ICE,40.9,517.0,102.3,1270.0
569350,2026-10-05 06:11:38,WAT,0.0,0.0,101.9,783.0
569351,2026-10-05 06:11:38,MAC,5.3,74.0,102.5,896.0
569352,2026-10-05 06:14:39,AIR,1.4,28.0,102.9,1007.0
569353,2026-10-05 06:14:39,ICE,40.9,517.0,102.3,1270.0
569354,2026-10-05 06:14:39,WAT,0.0,0.0,101.9,783.0
569355,2026-10-05 06:14:39,MAC,5.3,74.0,102.5,896.0
569356,2026-10-05 06:17:41,AIR,1.4,28.0,102.9,1007.0
569357,2026-10-05 06:17:41,ICE,40.9,517.0,102.3,1270.0
569358,2026-10-05 06:17:41,WAT,0.0,0.0,101.9,783.0
569359,2026-10-05 06:17:41,MAC,5.3,74.0,102.5,896.0
569360,2026-10-05 06:20:42,AIR,1.4,28.0,102.9,1007.0
569361,2026-10-05 06:20:42,ICE,40.9,517.0,102.3,1270.0
569362,2026-10-05 06:20:42,WAT,0.0,0.0,101.9,783.0
569363,2026-10-05 06:20:42,MAC,5.3,74.0,102.5,896.0
569364,2026-10-05 06:23:43,AIR,1.4,28.0,102.9,1007.0
569365,2026-10-05 06:23:43,ICE,40.9,517.0,102.3,1270.0
569366,2026-10-05 06:23:43,WAT,0.0,0.0,101.9,783.0
569367,2026-10-05 06:23:43,MAC,5.3,74.0,102.5,896.0
569368,2026-10-05 06:26:44,AIR,1.4,28.0,102.9,1007.0
569369,2026-10-05 06:26:44,ICE,40.9,517.0,102.3,1270.0
569370,2026-10-05 06:26:44,WAT,0.0,0.0,101.9,783.0
569371,2026-10-05 06:26:44,MAC,5.3,74.0,102.5,896.0
569372,2026-10-05 06:29:46,AIR,1.4,28.0,102.9,1007.0
569373,2026-10-05 06:29:46,ICE,40.9,517.0,102.3,1270.0
569374,2026-10-05 06:29:46,WAT,0.0,0.0,101.9,783.0
569375,2026-10-05 06:29:46,MAC,5.3,74.0,102.5,896.0
569376,2026-10-05 06:32:47,AIR,1.4,28.0,102.9,1007.0
569377,2026-10-05 06:32:47,ICE,40.9,517.0,102.3,1270.0
569378,2026-10-05 06:32:47,WAT,0.0,0.0,101.9,783.0
569379,2026-10-05 06:32:47,MAC,5.3,74.0,102.5,896.0
569380,2026-10-05 06:35:48,AIR,1.4,28.0,102.9,1007.0
569381,2026-10-05 06:35:48,ICE,40.9,517.0,102.3,1270.0
569382,2026-10-05 06:35:48,WAT,0.0,0.0,101.9,783.0
569383,2026-10-05 06:35:48,MAC,5.3,74.0,102.5,896.0
569384,2026-10-05 06:38:49,AIR,1.4,28.0,102.9,1007.0
569385,2026-10-05 06:38:49,ICE,40.9,517.0,102.3,1270.0
569386,2026-10-05 06:38:49,WAT,0.0,0.0,101.9,783.0
569387,2026-10-05 06:38:49,MAC,5.3,74.0,102.5,896.0
569388,2026-10-05 06:41:50,AIR,1.4,28.0,102.9,1007.0
569389,2026-10-05 06:41:50,ICE,40.9,517.0,102.3,1270.0
569390,2026-10-05 06:41:50,WAT,0.0,0.0,101.9,783.0
569391,2026-10-05 06:41:50,MAC,5.3,74.0,102.5,896.0
569392,2026-10-05 06:44:51,AIR,1.4,28.0,102.9,1007.0
569393,2026-10-05 06:44:51,ICE,40.9,517.0,102.3,1270.0
569394,2026-10-05 06:44:51,WAT,0.0,0.0,101.9,783.0
569395,2026-10-05 06:44:51,MAC,5.3,74.0,102.5,896.0
569396,2026-10-05 06:47:53,AIR,1.4,28.0,102.9,1007.0
569397,2026-10-05 06:47:53,ICE,40.9,517.0,102.3,1270.0
569398,2026-10-05 06:47:53,WAT,0.0,0.0,101.9,783.0
569399,2026-10-05 06:47:53,MAC,5.3,74.0,102.5,896.0
569400,2026-10-05 06:50:54,AIR,1.4,28.0,102.9,1007.0
569401,2026-10-05 06:50:54,ICE,40.9,517.0,102.3,1270.0
569402,2026-10-05 06:50:54,WAT,0.0,0.0,101.9,783.0
569403,2026-10-05 06:50:54,MAC,5.3,74.0,102.5,896.0
569404,2026-10-05 06:53:56,AIR,1.4,28.0,102.9,1007.0
569405,2026-10-05 06:53:56,ICE,40.9,517.0,102.3,1270.0
569406,2026-10-05 06:53:56,WAT,0.0,0.0,101.9,783.0
569407,2026-10-05 06:53:56,MAC,5.3,74.0,102.5,896.0
569408,2026-10-05 06:56:57,AIR,1.4,28.0,102.9,1007.0
569409,2026-10-05 06:56:57,ICE,40.9,517.0,102.3,1270.0
569410,2026-10-05 06:56:57,WAT,0.0,0.0,101.9,783.0
569411,2026-10-05 06:56:57,MAC,5.3,74.0,102.5,896.0
569412,2026-10-05 06:59:58,AIR,1.4,28.0,102.9,1007.0
569413,2026-10-05 06:59:58,ICE,40.9,517.0,102.3,1270.0
569414,2026-10-05 06:59:58,WAT,0.0,0.0,101.9,783.0
569415,2026-10-05 06:59:58,MAC,5.3,74.0,102.5,896.0
569416,2026-10-05 07:03:59,AIR,1.4,28.0,102.9,1007.0
569417,2026-10-05 07:03:59,ICE,40.9,517.0,102.3,1270.0
569418,2026-10-05 07:03:59,WAT,0.0,0.0,101.9,783.0
569419,2026-10-05 07:03:59,MAC,5.3,74.0,102.5,896.0
569420,2026-10-05 07:07:00,AIR,1.4,28.0,102.9,1007.0
569421,2026-10-05 07:07:00,ICE,40.9,517.0,102.3,1270.0
569422,2026-10-05 07:07:00,WAT,0.0,0.0,101.9,783.0
569423,2026-10-05 07:07:00,MAC,5.3,74.0,102.5,896.0
569424,2026-10-05 07:10:01,AIR,1.4,28.0,102.9,1007.0
569425,2026-10-05 07:10:01,ICE,40.9,517.0,102.3,1270.0
569426,2026-10-05 07:10:01,WAT,0.0,0.0,101.9,783.0
569427,2026-10-05 07:10:01,MAC,5.3,74.0,102.5,896.0
569428,2026-10-05 07:13:04,AIR,1.4,28.0,102.9,1007.0
569429,2026-10-05 07:13:04,ICE,40.9,517.0,102.3,1270.0
569430,2026-10-05 07:13:04,WAT,0.0,0.0,101.9,783.0
569431,2026-10-05 07:13:04,MAC,5.3,74.0,102.5,896.0
569432,2026-10-05 07:16:05,AIR,1.4,28.0,102.9,1007.0
569433,2026-10-05 07:16:05,ICE,40.9,517.0,102.3,1270.0
569434,2026-10-05 07:16:05,WAT,0.0,0.0,101.9,783.0
569435,2026-10-05 07:16:05,MAC,5.3,74.0,102.5,896.0
569436,2026-10-05 07:19:07,AIR,1.4,28.0,102.9,1007.0
569437,2026-10-05 07:19:07,ICE,40.9,517.0,102.3,1270.0
569438,2026-10-05 07:19:07,WAT,0.0,0.0,101.9,783.0
569439,2026-10-05 07:19:07,MAC,5.3,74.0,102.5,896.0
569440,2026-10-05 07:22:08,AIR,1.4,28.0,102.9,1007.0
569441,2026-10-05 07:22:08,ICE,40.9,517.0,102.3,1270.0
569442,2026-10-05 07:22:08,WAT,0.0,0.0,101.9,783.0
569443,2026-10-05 07:22:08,MAC,5.3,74.0,102.5,896.0
569444,2026-10-05 07:25:09,AIR,1.4,28.0,102.9,1007.0
569445,2026-10-05 07:25:09,ICE,40.9,517.0,102.3,1270.0
569446,2026-10-05 07:25:09,WAT,0.0,0.0,101.9,783.0
569447,2026-10-05 07:25:09,MAC,5.3,74.0,102.5,896.0
569448,2026-10-05 07:28:11,AIR,1.4,28.0,102.9,1007.0
569449,2026-10-05 07:28:11,ICE,40.9,517.0,102.3,1270.0
569450,2026-10-05 07:28:11,WAT,0.0,0.0,101.9,783.0
569451,2026-10-05 07:28:11,MAC,5.3,74.0,102.5,896.0
569452,2026-10-05 07:31:12,AIR,1.4,28.0,102.9,1007.0
569453,2026-10-05 07:31:12,ICE,40.9,517.0,102.3,1270.0
569454,2026-10-05 07:31:12,WAT,0.0,0.0,101.9,783.0
569455,2026-10-05 07:31:12,MAC,5.3,74.0,102.5,896.0
569456,2026-10-05 07:34:14,AIR,1.4,28.0,102.9,1007.0
569457,2026-10-05 07:34:14,ICE,40.9,517.0,102.3,1270.0
569458,2026-10-05 07:34:14,WAT,0.0,0.0,101.9,783.0
569459,2026-10-05 07:34:14,MAC,5.3,74.0,102.5,896.0
569460,2026-10-05 07:37:15,AIR,1.4,28.0,102.9,1007.0
569461,2026-10-05 07:37:15,ICE,40.9,517.0,102.3,1270.0
569462,2026-10-05 07:37:15,WAT,0.0,0.0,101.9,783.0
569463,2026-10-05 07:37:15,MAC,5.3,74.0,102.5,896.0
569464,2026-10-05 07:40:17,AIR,1.4,28.0,102.9,1007.0
569465,2026-10-05 07:40:17,ICE,52.8,674.0,103.2,1359.0
569466,2026-10-05 07:40:17,WAT,0.0,0.0,101.9,783.0
569467,2026-10-05 07:40:17,MAC,5.3,74.0,102.5,896.0
569468,2026-10-05 07:43:18,AIR,1.4,28.0,102.9,1007.0
569469,2026-10-05 07:43:18,ICE,52.8,674.0,103.2,1359.0
569470,2026-10-05 07:43:18,WAT,0.0,0.0,101.9,783.0
569471,2026-10-05 07:43:18,MAC,5.3,74.0,102.5,896.0
569472,2026-10-05 07:46:19,AIR,1.4,28.0,102.9,1007.0
569473,2026-10-05 07:46:19,ICE,52.8,674.0,103.2,1359.0
569474,2026-10-05 07:46:19,WAT,0.0,0.0,101.9,783.0
569475,2026-10-05 07:46:19,MAC,5.3,74.0,102.5,896.0
569476,2026-10-05 07:49:21,AIR,1.4,28.0,102.9,1007.0
569477,2026-10-05 07:49:21,ICE,52.8,674.0,103.2,1359.0
569478,2026-10-05 07:49:21,WAT,0.0,0.0,101.9,783.0
569479,2026-10-05 07:49:21,MAC,5.3,74.0,102.5,896.0
569480,2026-10-05 07:52:22,AIR,1.4,28.0,102.9,1007.0
569481,2026-10-05 07:52:22,ICE,52.8,674.0,103.2,1359.0
569482,2026-10-05 07:52:22,WAT,0.0,0.0,101.9,783.0
569483,2026-10-05 07:52:22,MAC,5.3,74.0,102.5,896.0
569484,2026-10-05 07:55:24,AIR,1.4,28.0,102.9,1007.0
569485,2026-10-05 07:55:24,ICE,52.8,674.0,103.2,1359.0
569486,2026-10-05 07:55:24,WAT,0.0,0.0,101.9,783.0
569487,2026-10-05 07:55:24,MAC,5.3,74.0,102.5,896.0
569488,2026-10-05 07:58:25,AIR,1.4,28.0,102.9,1007.0
569489,2026-10-05 07:58:25,ICE,63.0,785.0,103.3,1375.0
569490,2026-10-05 07:58:25,WAT,0.0,0.0,101.9,783.0
569491,2026-10-05 07:58:25,MAC,5.3,74.0,102.5,896.0
569492,2026-10-05 08:01:26,AIR,1.4,28.0,102.9,1007.0
569493,2026-10-05 08:01:26,ICE,63.0,785.0,103.3,1375.0
569494,2026-10-05 08:01:26,WAT,0.0,0.0,101.9,783.0
569495,2026-10-05 08:01:26,MAC,5.3,74.0,102.5,896.0
569496,2026-10-05 08:04:27,AIR,1.4,28.0,102.9,1007.0
569497,2026-10-05 08:04:27,ICE,63.0,785.0,103.3,1375.0
569498,2026-10-05 08:04:27,WAT,0.0,0.0,101.9,783.0
569499,2026-10-05 08:04:27,MAC,5.3,74.0,102.5,896.0
569500,2026-10-05 08:07:29,AIR,1.4,28.0,102.9,1007.0
569501,2026-10-05 08:07:29,ICE,63.0,785.0,103.3,1375.0
569502,2026-10-05 08:07:29,WAT,0.0,0.0,101.9,783.0
569503,2026-10-05 08:07:29,MAC,5.3,74.0,102.5,896.0
569504,2026-10-05 08:10:30,AIR,1.4,28.0,102.9,1007.0
569505,2026-10-05 08:10:30,ICE,63.0,785.0,103.3,1375.0
569506,2026-10-05 08:10:30,WAT,0.0,0.0,101.9,783.0
569507,2026-10-05 08:10:30,MAC,5.3,74.0,102.5,896.0
569508,2026-10-05 08:13:31,AIR,1.4,28.0,102.9,1007.0
569509,2026-10-05 08:13:31,ICE,63.0,785.0,103.3,1375.0
569510,2026-10-05 08:13:31,WAT,0.0,0.0,101.9,783.0
569511,2026-10-05 08:13:31,MAC,5.3,74.0,102.5,896.0
569512,2026-10-05 08:16:33,AIR,1.4,28.0,102.9,1007.0
569513,2026-10-05 08:16:33,ICE,3.0,29.0,104.4,1395.0
569514,2026-10-05 08:16:33,WAT,0.0,0.0,101.9,783.0
569515,2026-10-05 08:16:33,MAC,5.3,74.0,102.5,896.0
569516,2026-10-05 08:19:34,AIR,1.4,28.0,102.9,1007.0
569517,2026-10-05 08:19:34,ICE,3.0,29.0,104.4,1395.0
569518,2026-10-05 08:19:34,WAT,0.0,0.0,101.9,783.0
569519,2026-10-05 08:19:34,MAC,5.3,74.0,102.5,896.0
569520,2026-10-05 08:22:35,AIR,1.4,28.0,102.9,1007.0
569521,2026-10-05 08:22:35,ICE,3.0,29.0,104.4,1395.0
569522,2026-10-05 08:22:35,WAT,0.0,0.0,101.9,783.0
569523,2026-10-05 08:22:35,MAC,5.3,74.0,102.5,896.0
569524,2026-10-05 08:25:36,AIR,1.4,28.0,102.9,1007.0
569525,2026-10-05 08:25:36,ICE,3.0,29.0,104.4,1395.0
569526,2026-10-05 08:25:36,WAT,0.0,0.0,101.9,783.0
569527,2026-10-05 08:25:36,MAC,5.3,74.0,102.5,896.0
569528,2026-10-05 08:28:38,AIR,1.4,28.0,102.9,1007.0
569529,2026-10-05 08:28:38,ICE,3.0,29.0,104.4,1395.0
569530,2026-10-05 08:28:38,WAT,0.0,0.0,101.9,783.0
569531,2026-10-05 08:28:38,MAC,5.3,74.0,102.5,896.0
569532,2026-10-05 08:31:43,AIR,1.4,28.0,102.9,1007.0
569533,2026-10-05 08:31:43,ICE,39.8,499.0,104.1,1411.0
569534,2026-10-05 08:31:43,WAT,0.0,0.0,101.9,783.0
569535,2026-10-05 08:31:43,MAC,5.3,74.0,102.5,896.0
569536,2026-10-05 08:34:44,AIR,1.4,28.0,102.9,1007.0
569537,2026-10-05 08:34:44,ICE,39.8,499.0,104.1,1411.0
569538,2026-10-05 08:34:44,WAT,0.0,0.0,101.9,783.0
569539,2026-10-05 08:34:44,MAC,5.3,74.0,102.5,896.0
569540,2026-10-05 08:37:45,AIR,1.4,28.0,102.9,1007.0
569541,2026-10-05 08:37:45,ICE,39.8,499.0,104.1,1411.0
569542,2026-10-05 08:37:45,WAT,0.0,0.0,101.9,783.0
569543,2026-10-05 08:37:45,MAC,5.3,74.0,102.5,896.0
569544,2026-10-05 08:40:45,AIR,1.4,28.0,102.9,1007.0
569545,2026-10-05 08:40:45,ICE,39.8,499.0,104.1,1411.0
569546,2026-10-05 08:40:45,WAT,0.0,0.0,101.9,783.0
569547,2026-10-05 08:40:45,MAC,5.3,74.0,102.5,896.0
569548,2026-10-05 08:43:46,AIR,1.4,28.0,102.9,1007.0
569549,2026-10-05 08:43:46,ICE,39.8,499.0,104.1,1411.0
569550,2026-10-05 08:43:46,WAT,0.0,0.0,101.9,783.0
569551,2026-10-05 08:43:46,MAC,5.3,74.0,102.5,896.0
569552,2026-10-05 08:46:47,AIR,1.4,28.0,102.9,1007.0
569553,2026-10-05 08:46:47,ICE,39.8,499.0,104.1,1411.0
569554,2026-10-05 08:46:47,WAT,0.0,0.0,101.9,783.0
569555,2026-10-05 08:46:47,MAC,5.3,74.0,102.5,896.0
569556,2026-10-05 08:49:49,AIR,1.4,28.0,102.9,1007.0
569557,2026-10-05 08:49:49,ICE,39.8,499.0,104.1,1411.0
569558,2026-10-05 08:49:49,WAT,0.0,0.0,101.9,783.0
569559,2026-10-05 08:49:49,MAC,5.3,74.0,102.5,896.0
569560,2026-10-05 08:52:50,AIR,1.4,28.0,102.9,1007.0
569561,2026-10-05 08:52:50,ICE,39.8,499.0,104.1,1411.0
569562,2026-10-05 08:52:50,WAT,0.0,0.0,101.9,783.0
569563,2026-10-05 08:52:50,MAC,5.3,74.0,102.5,896.0
569564,2026-10-05 08:55:51,AIR,1.4,28.0,102.9,1007.0
569565,2026-10-05 08:55:51,ICE,39.8,499.0,104.1,1411.0
569566,2026-10-05 08:55:51,WAT,0.0,0.0,101.9,783.0
569567,2026-10-05 08:55:51,MAC,5.3,74.0,102.5,896.0
569568,2026-10-05 08:58:53,AIR,1.4,28.0,102.9,1007.0
569569,2026-10-05 08:58:53,ICE,39.8,499.0,104.1,1411.0
569570,2026-10-05 08:58:53,WAT,0.0,0.0,101.9,783.0
569571,2026-10-05 08:58:53,MAC,5.3,74.0,102.5,896.0
569572,2026-10-05 09:01:56,AIR,1.4,28.0,102.9,1007.0
569573,2026-10-05 09:01:56,ICE,39.8,499.0,104.1,1411.0
569574,2026-10-05 09:01:56,WAT,0.0,0.0,101.9,783.0
569575,2026-10-05 09:01:56,MAC,5.3,74.0,102.5,896.0
569576,2026-10-05 09:04:57,AIR,1.4,28.0,102.9,1007.0
569577,2026-10-05 09:04:57,ICE,39.8,499.0,104.1,1411.0
569578,2026-10-05 09:04:57,WAT,0.0,0.0,101.9,783.0
569579,2026-10-05 09:04:57,MAC,5.3,74.0,102.5,896.0
569580,2026-10-05 09:07:59,AIR,1.4,28.0,102.9,1007.0
569581,2026-10-05 09:07:59,ICE,39.8,499.0,104.1,1411.0
569582,2026-10-05 09:07:59,WAT,0.0,0.0,101.9,783.0
569583,2026-10-05 09:07:59,MAC,5.3,74.0,102.5,896.0
569584,2026-10-05 09:11:01,AIR,1.4,28.0,102.9,1007.0
569585,2026-10-05 09:11:01,ICE,39.8,499.0,104.1,1411.0
569586,2026-10-05 09:11:01,WAT,0.0,0.0,101.9,783.0
569587,2026-10-05 09:11:01,MAC,5.3,74.0,102.5,896.0
569588,2026-10-05 09:14:04,AIR,1.4,28.0,102.9,1007.0
569589,2026-10-05 09:14:04,ICE,39.8,499.0,104.1,1411.0
569590,2026-10-05 09:14:04,WAT,0.0,0.0,101.9,783.0
569591,2026-10-05 09:14:04,MAC,5.3,74.0,102.5,896.0
569592,2026-10-05 09:17:05,AIR,1.4,28.0,102.9,1007.0
569593,2026-10-05 09:17:05,ICE,39.8,499.0,104.1,1411.0
569594,2026-10-05 09:17:05,WAT,0.0,0.0,101.9,783.0
569595,2026-10-05 09:17:05,MAC,5.3,74.0,102.5,896.0
569596,2026-10-05 09:20:07,AIR,1.4,28.0,102.9,1007.0
569597,2026-10-05 09:20:07,ICE,39.8,499.0,104.1,1411.0
569598,2026-10-05 09:20:07,WAT,0.0,0.0,101.9,783.0
569599,2026-10-05 09:20:07,MAC,5.3,74.0,102.5,896.0
569600,2026-10-05 09:23:08,AIR,1.4,28.0,102.9,1007.0
569601,2026-10-05 09:23:08,ICE,39.8,499.0,104.1,1411.0
569602,2026-10-05 09:23:08,WAT,0.0,0.0,101.9,783.0
569603,2026-10-05 09:23:08,MAC,5.3,74.0,102.5,896.0
569604,2026-10-05 09:26:09,AIR,1.4,28.0,102.9,1007.0
569605,2026-10-05 09:26:09,ICE,39.8,499.0,104.1,1411.0
569606,2026-10-05 09:26:09,WAT,0.0,0.0,101.9,783.0
569607,2026-10-05 09:26:09,MAC,5.3,74.0,102.5,896.0
569608,2026-10-05 09:29:11,AIR,1.4,28.0,102.9,1007.0
569609,2026-10-05 09:29:11,ICE,39.8,499.0,104.1,1411.0
569610,2026-10-05 09:29:11,WAT,0.0,0.0,101.9,783.0
569611,2026-10-05 09:29:11,MAC,5.3,74.0,102.5,896.0
569612,2026-10-05 09:32:13,AIR,1.4,28.0,102.9,1007.0
569613,2026-10-05 09:32:13,ICE,39.8,499.0,104.1,1411.0
569614,2026-10-05 09:32:13,WAT,0.0,0.0,101.9,783.0
569615,2026-10-05 09:32:13,MAC,5.3,74.0,102.5,896.0
569616,2026-10-05 09:35:14,AIR,1.4,28.0,102.9,1007.0
569617,2026-10-05 09:35:14,ICE,39.8,499.0,104.1,1411.0
569618,2026-10-05 09:35:14,WAT,0.0,0.0,101.9,783.0
569619,2026-10-05 09:35:14,MAC,5.3,74.0,102.5,896.0
569620,2026-10-05 09:38:15,AIR,1.4,28.0,102.9,1007.0
569621,2026-10-05 09:38:15,ICE,39.8,499.0,104.1,1411.0
569622,2026-10-05 09:38:15,WAT,0.0,0.0,101.9,783.0
569623,2026-10-05 09:38:15,MAC,5.3,74.0,102.5,896.0
569624,2026-10-05 09:41:17,AIR,1.4,28.0,102.9,1007.0
569625,2026-10-05 09:41:17,ICE,39.8,499.0,104.1,1411.0
569626,2026-10-05 09:41:17,WAT,0.0,0.0,101.9,783.0
569627,2026-10-05 09:41:17,MAC,5.3,74.0,102.5,896.0
569628,2026-10-05 09:44:18,AIR,1.4,28.0,102.9,1007.0
569629,2026-10-05 09:44:18,ICE,39.8,499.0,104.1,1411.0
569630,2026-10-05 09:44:18,WAT,0.0,0.0,101.9,783.0
569631,2026-10-05 09:44:18,MAC,5.3,74.0,102.5,896.0
569632,2026-10-05 09:47:20,AIR,1.4,28.0,102.9,1007.0
569633,2026-10-05 09:47:20,ICE,39.8,499.0,104.1,1411.0
569634,2026-10-05 09:47:20,WAT,0.0,0.0,101.9,783.0
569635,2026-10-05 09:47:20,MAC,5.3,74.0,102.5,896.0
569636,2026-10-05 09:50:21,AIR,1.4,28.0,102.9,1007.0
569637,2026-10-05 09:50:21,ICE,39.8,499.0,104.1,1411.0
569638,2026-10-05 09:50:21,WAT,0.0,0.0,101.9,783.0
569639,2026-10-05 09:50:21,MAC,5.3,74.0,102.5,896.0
569640,2026-10-05 09:53:23,AIR,1.4,28.0,102.9,1007.0
569641,2026-10-05 09:53:23,ICE,39.8,499.0,104.1,1411.0
569642,2026-10-05 09:53:23,WAT,0.0,0.0,101.9,783.0
569643,2026-10-05 09:53:23,MAC,5.3,74.0,102.5,896.0
569644,2026-10-05 09:56:24,AIR,1.4,28.0,102.9,1007.0
569645,2026-10-05 09:56:24,ICE,39.8,499.0,104.1,1411.0
569646,2026-10-05 09:56:24,WAT,0.0,0.0,101.9,783.0
569647,2026-10-05 09:56:24,MAC,5.3,74.0,102.5,896.0
569648,2026-10-05 09:59:26,AIR,1.4,28.0,102.9,1007.0
569649,2026-10-05 09:59:26,ICE,39.8,499.0,104.1,1411.0
569650,2026-10-05 09:59:26,WAT,0.0,0.0,101.9,783.0
569651,2026-10-05 09:59:26,MAC,5.3,74.0,102.5,896.0
569652,2026-10-05 10:02:27,AIR,1.4,28.0,102.9,1007.0
569653,2026-10-05 10:02:27,ICE,39.8,499.0,104.1,1411.0
569654,2026-10-05 10:02:27,WAT,0.0,0.0,101.9,783.0
569655,2026-10-05 10:02:27,MAC,5.3,74.0,102.5,896.0
569656,2026-10-05 10:05:28,AIR,1.4,28.0,102.9,1007.0
569657,2026-10-05 10:05:28,ICE,39.8,499.0,104.1,1411.0
569658,2026-10-05 10:05:28,WAT,0.0,0.0,101.9,783.0
569659,2026-10-05 10:05:28,MAC,5.3,74.0,102.5,896.0
569660,2026-10-05 10:08:30,AIR,1.4,28.0,102.9,1007.0
569661,2026-10-05 10:08:30,ICE,39.8,499.0,104.1,1411.0
569662,2026-10-05 10:08:30,WAT,0.0,0.0,101.9,783.0
569663,2026-10-05 10:08:30,MAC,5.3,74.0,102.5,896.0
569664,2026-10-05 10:11:33,AIR,1.4,28.0,102.9,1007.0
569665,2026-10-05 10:11:33,ICE,39.8,499.0,104.1,1411.0
569666,2026-10-05 10:11:33,WAT,0.0,0.0,101.9,783.0
569667,2026-10-05 10:11:33,MAC,5.3,74.0,102.5,896.0
569668,2026-10-05 10:14:34,AIR,1.4,28.0,102.9,1007.0
569669,2026-10-05 10:14:34,ICE,39.8,499.0,104.1,1411.0
569670,2026-10-05 10:14:34,WAT,0.0,0.0,101.9,783.0
569671,2026-10-05 10:14:34,MAC,5.3,74.0,102.5,896.0
569672,2026-10-05 10:17:33,AIR,1.4,28.0,102.9,1007.0
569673,2026-10-05 10:17:33,ICE,39.8,499.0,104.1,1411.0
569674,2026-10-05 10:17:33,WAT,0.0,0.0,101.9,783.0
569675,2026-10-05 10:17:33,MAC,5.3,74.0,102.5,896.0
569676,2026-10-05 10:20:34,AIR,1.4,28.0,102.9,1007.0
569677,2026-10-05 10:20:34,ICE,39.8,499.0,104.1,1411.0
569678,2026-10-05 10:20:34,WAT,0.0,0.0,101.9,783.0
569679,2026-10-05 10:20:34,MAC,5.3,74.0,102.5,896.0
569680,2026-10-05 10:23:36,AIR,1.4,28.0,102.9,1007.0
569681,2026-10-05 10:23:36,ICE,39.8,499.0,104.1,1411.0
569682,2026-10-05 10:23:36,WAT,0.0,0.0,101.9,783.0
569683,2026-10-05 10:23:36,MAC,5.3,74.0,102.5,896.0
569684,2026-10-05 10:26:38,AIR,1.4,28.0,102.9,1007.0
569685,2026-10-05 10:26:38,ICE,39.8,499.0,104.1,1411.0
569686,2026-10-05 10:26:38,WAT,0.0,0.0,101.9,783.0
569687,2026-10-05 10:26:38,MAC,5.3,74.0,102.5,896.0
569688,2026-10-05 10:29:39,AIR,1.4,28.0,102.9,1007.0
569689,2026-10-05 10:29:39,ICE,39.8,499.0,104.1,1411.0
569690,2026-10-05 10:29:39,WAT,0.0,0.0,101.9,783.0
569691,2026-10-05 10:29:39,MAC,5.3,74.0,102.5,896.0
569692,2026-10-05 10:32:43,AIR,1.4,28.0,102.9,1007.0
569693,2026-10-05 10:32:43,ICE,39.8,499.0,104.1,1411.0
569694,2026-10-05 10:32:43,WAT,0.0,0.0,101.9,783.0
569695,2026-10-05 10:32:43,MAC,5.3,74.0,102.5,896.0
569696,2026-10-05 10:35:44,AIR,1.4,28.0,102.9,1007.0
569697,2026-10-05 10:35:44,ICE,39.8,499.0,104.1,1411.0
569698,2026-10-05 10:35:44,WAT,0.0,0.0,101.9,783.0
569699,2026-10-05 10:35:44,MAC,5.3,74.0,102.5,896.0
569700,2026-10-05 10:38:46,AIR,1.4,28.0,102.9,1007.0
569701,2026-10-05 10:38:46,ICE,39.8,499.0,104.1,1411.0
569702,2026-10-05 10:38:46,WAT,0.0,0.0,101.9,783.0
569703,2026-10-05 10:38:46,MAC,5.3,74.0,102.5,896.0
569704,2026-10-05 10:41:48,AIR,1.4,28.0,102.9,1007.0
569705,2026-10-05 10:41:48,ICE,51.0,661.0,103.4,100.0
569706,2026-10-05 10:41:48,WAT,0.0,0.0,101.9,783.0
569707,2026-10-05 10:41:48,MAC,5.3,74.0,102.5,896.0
569708,2026-10-05 10:44:49,AIR,1.4,28.0,102.9,1007.0
569709,2026-10-05 10:44:49,ICE,51.0,661.0,103.4,100.0
569710,2026-10-05 10:44:49,WAT,0.0,0.0,101.9,783.0
569711,2026-10-05 10:44:49,MAC,5.3,74.0,102.5,896.0
569712,2026-10-05 10:47:50,AIR,1.4,28.0,102.9,1007.0
569713,2026-10-05 10:47:50,ICE,51.0,661.0,103.4,100.0
569714,2026-10-05 10:47:50,WAT,0.0,0.0,101.9,783.0
569715,2026-10-05 10:47:50,MAC,5.3,74.0,102.5,896.0
569716,2026-10-05 10:50:51,AIR,1.4,28.0,102.9,1007.0
569717,2026-10-05 10:50:51,ICE,51.0,661.0,103.4,100.0
569718,2026-10-05 10:50:51,WAT,0.0,0.0,101.9,783.0
569719,2026-10-05 10:50:51,MAC,5.3,74.0,102.5,896.0
569720,2026-10-05 10:53:53,AIR,1.4,28.0,102.9,1007.0
569721,2026-10-05 10:53:53,ICE,51.0,661.0,103.4,100.0
569722,2026-10-05 10:53:53,WAT,0.0,0.0,101.9,783.0
569723,2026-10-05 10:53:53,MAC,5.3,74.0,102.5,896.0
569724,2026-10-05 10:56:54,AIR,1.4,28.0,102.9,1007.0
569725,2026-10-05 10:56:54,ICE,61.2,769.0,103.8,115.0
569726,2026-10-05 10:56:54,WAT,0.0,0.0,101.9,783.0
569727,2026-10-05 10:56:54,MAC,5.3,74.0,102.5,896.0
569728,2026-10-05 10:59:56,AIR,1.4,28.0,102.9,1007.0
569729,2026-10-05 10:59:56,ICE,61.2,769.0,103.8,115.0
569730,2026-10-05 10:59:56,WAT,0.0,0.0,101.9,783.0
569731,2026-10-05 10:59:56,MAC,5.3,74.0,102.5,896.0
569732,2026-10-05 11:02:57,AIR,1.4,28.0,102.9,1007.0
569733,2026-10-05 11:02:57,ICE,61.2,769.0,103.8,115.0
569734,2026-10-05 11:02:57,WAT,0.0,0.0,101.9,783.0
569735,2026-10-05 11:02:57,MAC,5.3,74.0,102.5,896.0
569736,2026-10-05 11:05:58,AIR,1.4,28.0,102.9,1007.0
569737,2026-10-05 11:05:58,ICE,61.2,769.0,103.8,115.0
569738,2026-10-05 11:05:58,WAT,0.0,0.0,101.9,783.0
569739,2026-10-05 11:05:58,MAC,5.3,74.0,102.5,896.0
569740,2026-10-05 11:09:00,AIR,1.4,28.0,102.9,1007.0
569741,2026-10-05 11:09:00,ICE,61.2,769.0,103.8,115.0
569742,2026-10-05 11:09:00,WAT,0.0,0.0,101.9,783.0
569743,2026-10-05 11:09:00,MAC,5.3,74.0,102.5,896.0
569744,2026-10-05 11:12:01,AIR,1.4,28.0,102.9,1007.0
569745,2026-10-05 11:12:01,ICE,61.2,769.0,103.8,115.0
569746,2026-10-05 11:12:01,WAT,0.0,0.0,101.9,783.0
569747,2026-10-05 11:12:01,MAC,5.3,74.0,102.5,896.0
569748,2026-10-05 11:15:03,AIR,1.4,28.0,102.9,1007.0
569749,2026-10-05 11:15:03,ICE,61.2,769.0,103.8,115.0
569750,2026-10-05 11:15:03,WAT,0.0,0.0,101.9,783.0
569751,2026-10-05 11:15:03,MAC,5.3,74.0,102.5,896.0
569752,2026-10-05 11:18:05,AIR,1.4,28.0,102.9,1007.0
569753,2026-10-05 11:18:05,ICE,1.4,29.0,103.6,137.0
569754,2026-10-05 11:18:05,WAT,0.0,0.0,101.9,783.0
569755,2026-10-05 11:18:05,MAC,5.3,74.0,102.5,896.0
569756,2026-10-05 11:21:06,AIR,1.4,28.0,102.9,1007.0
569757,2026-10-05 11:21:06,ICE,1.4,29.0,103.6,137.0
569758,2026-10-05 11:21:06,WAT,0.0,0.0,101.9,783.0
569759,2026-10-05 11:21:06,MAC,5.3,74.0,102.5,896.0
569760,2026-10-05 11:24:07,AIR,1.4,28.0,102.9,1007.0
569761,2026-10-05 11:24:07,ICE,1.4,29.0,103.6,137.0
569762,2026-10-05 11:24:07,WAT,0.0,0.0,101.9,783.0
569763,2026-10-05 11:24:07,MAC,5.3,74.0,102.5,896.0
569764,2026-10-05 11:27:09,AIR,1.4,28.0,102.9,1007.0
569765,2026-10-05 11:27:09,ICE,1.4,29.0,103.6,137.0
569766,2026-10-05 11:27:09,WAT,0.0,0.0,101.9,783.0
569767,2026-10-05 11:27:09,MAC,5.3,74.0,102.5,896.0
569768,2026-10-05 11:30:10,AIR,1.4,28.0,102.9,1007.0
569769,2026-10-05 11:30:10,ICE,1.4,29.0,103.6,137.0
569770,2026-10-05 11:30:10,WAT,0.0,0.0,101.9,783.0
569771,2026-10-05 11:30:10,MAC,5.3,74.0,102.5,896.0
569772,2026-10-05 11:33:12,AIR,1.4,28.0,102.9,1007.0
569773,2026-10-05 11:33:12,ICE,49.6,649.0,103.3,152.0
569774,2026-10-05 11:33:12,WAT,0.0,0.0,101.9,783.0
569775,2026-10-05 11:33:12,MAC,5.3,74.0,102.5,896.0
569776,2026-10-05 11:36:13,AIR,1.4,28.0,102.9,1007.0
569777,2026-10-05 11:36:13,ICE,38.4,492.0,103.4,153.0
569778,2026-10-05 11:36:13,WAT,0.0,0.0,101.9,783.0
569779,2026-10-05 11:36:13,MAC,5.3,74.0,102.5,896.0
569780,2026-10-05 11:39:15,AIR,1.4,28.0,102.9,1007.0
569781,2026-10-05 11:39:15,ICE,38.4,492.0,103.4,153.0
569782,2026-10-05 11:39:15,WAT,0.0,0.0,101.9,783.0
569783,2026-10-05 11:39:15,MAC,5.3,74.0,102.5,896.0
569784,2026-10-05 11:42:16,AIR,1.4,28.0,102.9,1007.0
569785,2026-10-05 11:42:16,ICE,38.4,492.0,103.4,153.0
569786,2026-10-05 11:42:16,WAT,0.0,0.0,101.9,783.0
569787,2026-10-05 11:42:16,MAC,5.3,74.0,102.5,896.0
569788,2026-10-05 11:45:18,AIR,1.4,28.0,102.9,1007.0
569789,2026-10-05 11:45:18,ICE,38.4,492.0,103.4,153.0
569790,2026-10-05 11:45:18,WAT,0.0,0.0,101.9,783.0
569791,2026-10-05 11:45:18,MAC,5.3,74.0,102.5,896.0
569792,2026-10-05 11:48:19,AIR,1.4,28.0,102.9,1007.0
569793,2026-10-05 11:48:19,ICE,38.4,492.0,103.4,153.0
569794,2026-10-05 11:48:19,WAT,0.0,0.0,101.9,783.0
569795,2026-10-05 11:48:19,MAC,5.3,74.0,102.5,896.0
569796,2026-10-05 11:51:21,AIR,1.4,28.0,102.9,1007.0
569797,2026-10-05 11:51:21,ICE,38.4,492.0,103.4,153.0
569798,2026-10-05 11:51:21,WAT,0.0,0.0,101.9,783.0
569799,2026-10-05 11:51:21,MAC,5.3,74.0,102.5,896.0
569800,2026-10-05 11:54:22,AIR,1.4,28.0,102.9,1007.0
569801,2026-10-05 11:54:22,ICE,38.4,492.0,103.4,153.0
569802,2026-10-05 11:54:22,WAT,0.0,0.0,101.9,783.0
569803,2026-10-05 11:54:22,MAC,5.3,74.0,102.5,896.0
569804,2026-10-05 11:57:24,AIR,1.4,28.0,102.9,1007.0
569805,2026-10-05 11:57:24,ICE,38.4,492.0,103.4,153.0
569806,2026-10-05 11:57:24,WAT,0.0,0.0,101.9,783.0
569807,2026-10-05 11:57:24,MAC,5.3,74.0,102.5,896.0
569808,2026-10-05 12:00:25,AIR,1.4,28.0,102.9,1007.0
569809,2026-10-05 12:00:25,ICE,38.4,492.0,103.4,153.0
569810,2026-10-05 12:00:25,WAT,0.0,0.0,101.9,783.0
569811,2026-10-05 12:00:25,MAC,5.3,74.0,102.5,896.0
569812,2026-10-05 12:03:29,AIR,1.4,28.0,102.9,1007.0
569813,2026-10-05 12:03:29,ICE,38.4,492.0,103.4,153.0
569814,2026-10-05 12:03:29,WAT,0.0,0.0,101.9,783.0
569815,2026-10-05 12:03:29,MAC,5.3,74.0,102.5,896.0
569816,2026-10-05 12:06:30,AIR,1.4,28.0,102.9,1007.0
569817,2026-10-05 12:06:30,ICE,38.4,492.0,103.4,153.0
569818,2026-10-05 12:06:30,WAT,0.0,0.0,101.9,783.0
569819,2026-10-05 12:06:30,MAC,5.3,74.0,102.5,896.0
569820,2026-10-05 12:09:32,AIR,1.4,28.0,102.9,1007.0
569821,2026-10-05 12:09:32,ICE,38.4,492.0,103.4,153.0
569822,2026-10-05 12:09:32,WAT,0.0,0.0,101.9,783.0
569823,2026-10-05 12:09:32,MAC,5.3,74.0,102.5,896.0
569824,2026-10-05 12:12:33,AIR,1.4,28.0,102.9,1007.0
569825,2026-10-05 12:12:33,ICE,38.4,492.0,103.4,153.0
569826,2026-10-05 12:12:33,WAT,0.0,0.0,101.9,783.0
569827,2026-10-05 12:12:33,MAC,5.3,74.0,102.5,896.0
569828,2026-10-05 12:15:34,AIR,1.4,28.0,102.9,1007.0
569829,2026-10-05 12:15:34,ICE,38.4,492.0,103.4,153.0
569830,2026-10-05 12:15:34,WAT,0.0,0.0,101.9,783.0
569831,2026-10-05 12:15:34,MAC,5.3,74.0,102.5,896.0
569832,2026-10-05 12:18:35,AIR,1.4,28.0,102.9,1007.0
569833,2026-10-05 12:18:35,ICE,38.4,492.0,103.4,153.0
569834,2026-10-05 12:18:35,WAT,0.0,0.0,101.9,783.0
569835,2026-10-05 12:18:35,MAC,5.3,74.0,102.5,896.0
569836,2026-10-05 12:21:37,AIR,1.4,28.0,102.9,1007.0
569837,2026-10-05 12:21:37,ICE,38.4,492.0,103.4,153.0
569838,2026-10-05 12:21:37,WAT,0.0,0.0,101.9,783.0
569839,2026-10-05 12:21:37,MAC,5.3,74.0,102.5,896.0
569840,2026-10-05 12:24:38,AIR,1.4,28.0,102.9,1007.0
569841,2026-10-05 12:24:38,ICE,38.4,492.0,103.4,153.0
569842,2026-10-05 12:24:38,WAT,0.0,0.0,101.9,783.0
569843,2026-10-05 12:24:38,MAC,5.3,74.0,102.5,896.0
569844,2026-10-05 12:27:40,AIR,1.4,28.0,102.9,1007.0
569845,2026-10-05 12:27:40,ICE,38.4,492.0,103.4,153.0
569846,2026-10-05 12:27:40,WAT,0.0,0.0,101.9,783.0
569847,2026-10-05 12:27:40,MAC,5.3,74.0,102.5,896.0
569848,2026-10-05 12:30:41,AIR,1.4,28.0,102.9,1007.0
569849,2026-10-05 12:30:41,ICE,38.4,492.0,103.4,153.0
569850,2026-10-05 12:30:41,WAT,0.0,0.0,101.9,783.0
569851,2026-10-05 12:30:41,MAC,5.3,74.0,102.5,896.0
569852,2026-10-05 12:33:43,AIR,1.4,28.0,102.9,1007.0
569853,2026-10-05 12:33:43,ICE,38.4,492.0,103.4,153.0
569854,2026-10-05 12:33:43,WAT,0.0,0.0,101.9,783.0
569855,2026-10-05 12:33:43,MAC,5.3,74.0,102.5,896.0
569856,2026-10-05 12:36:44,AIR,1.4,28.0,102.9,1007.0
569857,2026-10-05 12:36:44,ICE,38.4,492.0,103.4,153.0
569858,2026-10-05 12:36:44,WAT,0.0,0.0,101.9,783.0
569859,2026-10-05 12:36:44,MAC,5.3,74.0,102.5,896.0
569860,2026-10-05 12:39:45,AIR,1.4,28.0,102.9,1007.0
569861,2026-10-05 12:39:45,ICE,38.4,492.0,103.4,153.0
569862,2026-10-05 12:39:45,WAT,0.0,0.0,101.9,783.0
569863,2026-10-05 12:39:45,MAC,5.3,74.0,102.5,896.0
569864,2026-10-05 12:42:47,AIR,1.4,28.0,102.9,1007.0
569865,2026-10-05 12:42:47,ICE,38.4,492.0,103.4,153.0
569866,2026-10-05 12:42:47,WAT,0.0,0.0,101.9,783.0
569867,2026-10-05 12:42:47,MAC,5.3,74.0,102.5,896.0
569868,2026-10-05 12:45:48,AIR,1.4,28.0,102.9,1007.0
569869,2026-10-05 12:45:48,ICE,38.4,492.0,103.4,153.0
569870,2026-10-05 12:45:48,WAT,0.0,0.0,101.9,783.0
569871,2026-10-05 12:45:48,MAC,5.3,74.0,102.5,896.0
569872,2026-10-05 12:48:50,AIR,1.4,28.0,102.9,1007.0
569873,2026-10-05 12:48:50,ICE,38.4,492.0,103.4,153.0
569874,2026-10-05 12:48:50,WAT,0.0,0.0,101.9,783.0
569875,2026-10-05 12:48:50,MAC,5.3,74.0,102.5,896.0
569876,2026-10-05 12:51:51,AIR,1.4,28.0,102.9,1007.0
569877,2026-10-05 12:51:51,ICE,38.4,492.0,103.4,153.0
569878,2026-10-05 12:51:51,WAT,0.0,0.0,101.9,783.0
569879,2026-10-05 12:51:51,MAC,5.3,74.0,102.5,896.0
569880,2026-10-05 12:54:52,AIR,1.4,28.0,102.9,1007.0
569881,2026-10-05 12:54:52,ICE,38.4,492.0,103.4,153.0
569882,2026-10-05 12:54:52,WAT,0.0,0.0,101.9,783.0
569883,2026-10-05 12:54:52,MAC,5.3,74.0,102.5,896.0
569884,2026-10-05 12:57:54,AIR,1.4,28.0,102.9,1007.0
569885,2026-10-05 12:57:54,ICE,38.4,492.0,103.4,153.0
569886,2026-10-05 12:57:54,WAT,0.0,0.0,101.9,783.0
569887,2026-10-05 12:57:54,MAC,5.3,74.0,102.5,896.0
569888,2026-10-05 13:00:55,AIR,1.4,28.0,102.9,1007.0
569889,2026-10-05 13:00:55,ICE,38.4,492.0,103.4,153.0
569890,2026-10-05 13:00:55,WAT,0.0,0.0,101.9,783.0
569891,2026-10-05 13:00:55,MAC,5.3,74.0,102.5,896.0
569892,2026-10-05 13:03:57,AIR,1.4,28.0,102.9,1007.0
569893,2026-10-05 13:03:57,ICE,60.8,766.0,102.9,242.0
569894,2026-10-05 13:03:57,WAT,0.0,0.0,101.9,783.0
569895,2026-10-05 13:03:57,MAC,5.3,74.0,102.5,896.0
569896,2026-10-05 13:06:59,AIR,1.4,28.0,102.9,1007.0
569897,2026-10-05 13:06:59,ICE,60.8,766.0,102.9,242.0
569898,2026-10-05 13:06:59,WAT,0.0,0.0,101.9,783.0
569899,2026-10-05 13:06:59,MAC,5.3,74.0,102.5,896.0
569900,2026-10-05 13:10:01,AIR,1.4,28.0,102.9,1007.0
569901,2026-10-05 13:10:01,ICE,60.8,766.0,102.9,242.0
569902,2026-10-05 13:10:01,WAT,0.0,0.0,101.9,783.0
569903,2026-10-05 13:10:01,MAC,5.3,74.0,102.5,896.0
569904,2026-10-05 13:13:05,AIR,1.4,28.0,102.9,1007.0
569905,2026-10-05 13:13:05,ICE,60.8,766.0,102.9,242.0
569906,2026-10-05 13:13:05,WAT,0.0,0.0,101.9,783.0
569907,2026-10-05 13:13:05,MAC,5.3,74.0,102.5,896.0
569908,2026-10-05 13:16:06,AIR,1.4,28.0,102.9,1007.0
569909,2026-10-05 13:16:06,ICE,1.4,29.0,103.6,256.0
569910,2026-10-05 13:16:06,WAT,0.0,0.0,101.9,783.0
569911,2026-10-05 13:16:06,MAC,5.3,74.0,102.5,896.0
569912,2026-10-05 13:19:07,AIR,1.4,28.0,102.9,1007.0
569913,2026-10-05 13:19:07,ICE,1.4,29.0,103.6,256.0
569914,2026-10-05 13:19:07,WAT,0.0,0.0,101.9,783.0
569915,2026-10-05 13:19:07,MAC,5.3,74.0,102.5,896.0
569916,2026-10-05 13:22:09,AIR,1.4,28.0,102.9,1007.0
569917,2026-10-05 13:22:09,ICE,1.4,29.0,103.6,256.0
569918,2026-10-05 13:22:09,WAT,0.0,0.0,101.9,783.0
569919,2026-10-05 13:22:09,MAC,5.3,74.0,102.5,896.0
569920,2026-10-05 13:25:10,AIR,1.4,28.0,102.9,1007.0
569921,2026-10-05 13:25:10,ICE,1.4,29.0,103.6,256.0
569922,2026-10-05 13:25:10,WAT,0.0,0.0,101.9,783.0
569923,2026-10-05 13:25:10,MAC,5.3,74.0,102.5,896.0
569924,2026-10-05 13:28:11,AIR,1.4,28.0,102.9,1007.0
569925,2026-10-05 13:28:11,ICE,1.4,29.0,103.6,256.0
569926,2026-10-05 13:28:11,WAT,0.0,0.0,101.9,783.0
569927,2026-10-05 13:28:11,MAC,5.3,74.0,102.5,896.0
569928,2026-10-05 13:31:13,AIR,1.4,28.0,102.9,1007.0
569929,2026-10-05 13:31:13,ICE,1.4,29.0,103.6,256.0
569930,2026-10-05 13:31:13,WAT,0.0,0.0,101.9,783.0
569931,2026-10-05 13:31:13,MAC,5.3,74.0,102.5,896.0
569932,2026-10-05 13:34:14,AIR,1.4,28.0,102.9,1007.0
569933,2026-10-05 13:34:14,ICE,38.5,491.0,103.3,272.0
569934,2026-10-05 13:34:14,WAT,0.0,0.0,101.9,783.0
569935,2026-10-05 13:34:14,MAC,5.3,74.0,102.5,896.0
569936,2026-10-05 13:37:16,AIR,1.4,28.0,102.9,1007.0
569937,2026-10-05 13:37:16,ICE,38.5,491.0,103.3,272.0
569938,2026-10-05 13:37:16,WAT,0.0,0.0,101.9,783.0
569939,2026-10-05 13:37:16,MAC,5.3,74.0,102.5,896.0
569940,2026-10-05 13:40:17,AIR,1.4,28.0,102.9,1007.0
569941,2026-10-05 13:40:17,ICE,38.5,491.0,103.3,272.0
569942,2026-10-05 13:40:17,WAT,0.0,0.0,101.9,783.0
569943,2026-10-05 13:40:17,MAC,5.3,74.0,102.5,896.0
569944,2026-10-05 13:43:18,AIR,1.4,28.0,102.9,1007.0
569945,2026-10-05 13:43:18,ICE,38.5,491.0,103.3,272.0
569946,2026-10-05 13:43:18,WAT,0.0,0.0,101.9,783.0
569947,2026-10-05 13:43:18,MAC,5.3,74.0,102.5,896.0
569948,2026-10-05 13:46:20,AIR,1.4,28.0,102.9,1007.0
569949,2026-10-05 13:46:20,ICE,38.5,491.0,103.3,272.0
569950,2026-10-05 13:46:20,WAT,0.0,0.0,101.9,783.0
569951,2026-10-05 13:46:20,MAC,5.3,74.0,102.5,896.0
569952,2026-10-05 13:49:21,AIR,1.4,28.0,102.9,1007.0
569953,2026-10-05 13:49:21,ICE,38.5,491.0,103.3,272.0
569954,2026-10-05 13:49:21,WAT,0.0,0.0,101.9,783.0
569955,2026-10-05 13:49:21,MAC,5.3,74.0,102.5,896.0
569956,2026-10-05 13:52:23,AIR,1.4,28.0,102.9,1007.0
569957,2026-10-05 13:52:23,ICE,38.5,491.0,103.3,272.0
569958,2026-10-05 13:52:23,WAT,0.0,0.0,101.9,783.0
569959,2026-10-05 13:52:23,MAC,5.3,74.0,102.5,896.0
569960,2026-10-05 13:55:24,AIR,1.4,28.0,102.9,1007.0
569961,2026-10-05 13:55:24,ICE,38.5,491.0,103.3,272.0
569962,2026-10-05 13:55:24,WAT,0.0,0.0,101.9,783.0
569963,2026-10-05 13:55:24,MAC,5.3,74.0,102.5,896.0
569964,2026-10-05 13:58:25,AIR,1.4,28.0,102.9,1007.0
569965,2026-10-05 13:58:25,ICE,38.5,491.0,103.3,272.0
569966,2026-10-05 13:58:25,WAT,0.0,0.0,101.9,783.0
569967,2026-10-05 13:58:25,MAC,5.3,74.0,102.5,896.0
569968,2026-10-05 14:01:27,AIR,1.4,28.0,102.9,1007.0
569969,2026-10-05 14:01:27,ICE,38.5,491.0,103.3,272.0
569970,2026-10-05 14:01:27,WAT,0.0,0.0,101.9,783.0
569971,2026-10-05 14:01:27,MAC,5.3,74.0,102.5,896.0
569972,2026-10-05 14:04:29,AIR,1.4,28.0,102.9,1007.0
569973,2026-10-05 14:04:29,ICE,38.5,491.0,103.3,272.0
569974,2026-10-05 14:04:29,WAT,0.0,0.0,101.9,783.0
569975,2026-10-05 14:04:29,MAC,5.3,74.0,102.5,896.0
569976,2026-10-05 14:07:30,AIR,1.4,28.0,102.9,1007.0
569977,2026-10-05 14:07:30,ICE,38.5,491.0,103.3,272.0
569978,2026-10-05 14:07:30,WAT,0.0,0.0,101.9,783.0
569979,2026-10-05 14:07:30,MAC,5.3,74.0,102.5,896.0
569980,2026-10-05 14:10:31,AIR,1.4,28.0,102.9,1007.0
569981,2026-10-05 14:10:31,ICE,38.5,491.0,103.3,272.0
569982,2026-10-05 14:10:31,WAT,0.0,0.0,101.9,783.0
569983,2026-10-05 14:10:31,MAC,5.3,74.0,102.5,896.0
569984,2026-10-05 14:13:32,AIR,1.4,28.0,102.9,1007.0
569985,2026-10-05 14:13:32,ICE,38.5,491.0,103.3,272.0
569986,2026-10-05 14:13:32,WAT,0.0,0.0,101.9,783.0
569987,2026-10-05 14:13:32,MAC,5.3,74.0,102.5,896.0
569988,2026-10-05 14:16:34,AIR,1.4,28.0,102.9,1007.0
569989,2026-10-05 14:16:34,ICE,38.5,491.0,103.3,272.0
569990,2026-10-05 14:16:34,WAT,0.0,0.0,101.9,783.0
569991,2026-10-05 14:16:34,MAC,5.3,74.0,102.5,896.0
569992,2026-10-05 14:19:35,AIR,1.4,28.0,102.9,1007.0
569993,2026-10-05 14:19:35,ICE,38.5,491.0,103.3,272.0
569994,2026-10-05 14:19:35,WAT,0.0,0.0,101.9,783.0
569995,2026-10-05 14:19:35,MAC,5.3,74.0,102.5,896.0
569996,2026-10-05 14:22:37,AIR,1.4,28.0,102.9,1007.0
569997,2026-10-05 14:22:37,ICE,38.5,491.0,103.3,272.0
569998,2026-10-05 14:22:37,WAT,0.0,0.0,101.9,783.0
569999,2026-10-05 14:22:37,MAC,5.3,74.0,102.5,896.0
570000,2026-10-05 14:25:38,AIR,1.4,28.0,102.9,1007.0
570001,2026-10-05 14:25:38,ICE,38.5,491.0,103.3,272.0
570002,2026-10-05 14:25:38,WAT,0.0,0.0,101.9,783.0
570003,2026-10-05 14:25:38,MAC,5.3,74.0,102.5,896.0
570004,2026-10-05 14:28:39,AIR,1.4,28.0,102.9,1007.0
570005,2026-10-05 14:28:39,ICE,38.5,491.0,103.3,272.0
570006,2026-10-05 14:28:39,WAT,0.0,0.0,101.9,783.0
570007,2026-10-05 14:28:39,MAC,5.3,74.0,102.5,896.0
570008,2026-10-05 14:31:41,AIR,1.4,28.0,102.9,1007.0
570009,2026-10-05 14:31:41,ICE,3.0,29.0,103.7,331.0
570010,2026-10-05 14:31:41,WAT,0.0,0.0,101.9,783.0
570011,2026-10-05 14:31:41,MAC,5.3,74.0,102.5,896.0
570012,2026-10-05 14:34:42,AIR,1.4,28.0,102.9,1007.0
570013,2026-10-05 14:34:42,ICE,3.0,29.0,103.7,331.0
570014,2026-10-05 14:34:42,WAT,0.0,0.0,101.9,783.0
570015,2026-10-05 14:34:42,MAC,5.3,74.0,102.5,896.0
570016,2026-10-05 14:37:44,AIR,1.4,28.0,102.9,1007.0
570017,2026-10-05 14:37:44,ICE,3.0,29.0,103.7,331.0
570018,2026-10-05 14:37:44,WAT,0.0,0.0,101.9,783.0
570019,2026-10-05 14:37:44,MAC,5.3,74.0,102.5,896.0
570020,2026-10-05 14:40:45,AIR,1.4,28.0,102.9,1007.0
570021,2026-10-05 14:40:45,ICE,3.0,29.0,103.7,331.0
570022,2026-10-05 14:40:45,WAT,0.0,0.0,101.9,783.0
570023,2026-10-05 14:40:45,MAC,5.3,74.0,102.5,896.0
570024,2026-10-05 14:43:47,AIR,1.4,28.0,102.9,1007.0
570025,2026-10-05 14:43:47,ICE,40.5,514.0,103.7,343.0
570026,2026-10-05 14:43:47,WAT,0.0,0.0,101.9,783.0
570027,2026-10-05 14:43:47,MAC,5.3,74.0,102.5,896.0
570028,2026-10-05 14:46:48,AIR,1.4,28.0,102.9,1007.0
570029,2026-10-05 14:46:48,ICE,40.5,514.0,103.7,343.0
570030,2026-10-05 14:46:48,WAT,0.0,0.0,101.9,783.0
570031,2026-10-05 14:46:48,MAC,5.3,74.0,102.5,896.0
570032,2026-10-05 14:49:50,AIR,1.4,28.0,102.9,1007.0
570033,2026-10-05 14:49:50,ICE,40.5,514.0,103.7,343.0
570034,2026-10-05 14:49:50,WAT,0.0,0.0,101.9,783.0
570035,2026-10-05 14:49:50,MAC,5.3,74.0,102.5,896.0
570036,2026-10-05 14:52:51,AIR,1.4,28.0,102.9,1007.0
570037,2026-10-05 14:52:51,ICE,40.5,514.0,103.7,343.0
570038,2026-10-05 14:52:51,WAT,0.0,0.0,101.9,783.0
570039,2026-10-05 14:52:51,MAC,5.3,74.0,102.5,896.0
570040,2026-10-05 14:55:52,AIR,1.4,28.0,102.9,1007.0
570041,2026-10-05 14:55:52,ICE,40.5,514.0,103.7,343.0
570042,2026-10-05 14:55:52,WAT,0.0,0.0,101.9,783.0
570043,2026-10-05 14:55:52,MAC,5.3,74.0,102.5,896.0
570044,2026-10-05 14:58:53,AIR,1.4,28.0,102.9,1007.0
570045,2026-10-05 14:58:53,ICE,40.5,514.0,103.7,343.0
570046,2026-10-05 14:58:53,WAT,0.0,0.0,101.9,783.0
570047,2026-10-05 14:58:53,MAC,5.3,74.0,102.5,896.0
570048,2026-10-05 15:01:55,AIR,1.4,28.0,102.9,1007.0
570049,2026-10-05 15:01:55,ICE,40.5,514.0,103.7,343.0
570050,2026-10-05 15:01:55,WAT,0.0,0.0,101.9,783.0
570051,2026-10-05 15:01:55,MAC,5.3,74.0,102.5,896.0
570052,2026-10-05 15:04:56,AIR,1.4,28.0,102.9,1007.0
570053,2026-10-05 15:04:56,ICE,40.5,514.0,103.7,343.0
570054,2026-10-05 15:04:56,WAT,0.0,0.0,101.9,783.0
570055,2026-10-05 15:04:56,MAC,5.3,74.0,102.5,896.0
570056,2026-10-05 15:07:58,AIR,1.4,28.0,102.9,1007.0
570057,2026-10-05 15:07:58,ICE,40.5,514.0,103.7,343.0
570058,2026-10-05 15:07:58,WAT,0.0,0.0,101.9,783.0
570059,2026-10-05 15:07:58,MAC,5.3,74.0,102.5,896.0
570060,2026-10-05 15:10:59,AIR,1.4,28.0,102.9,1007.0
570061,2026-10-05 15:10:59,ICE,40.5,514.0,103.7,343.0
570062,2026-10-05 15:10:59,WAT,0.0,0.0,101.9,783.0
570063,2026-10-05 15:10:59,MAC,5.3,74.0,102.5,896.0
570064,2026-10-05 15:14:00,AIR,1.4,28.0,102.9,1007.0
570065,2026-10-05 15:14:00,ICE,40.5,514.0,103.7,343.0
570066,2026-10-05 15:14:00,WAT,0.0,0.0,101.9,783.0
570067,2026-10-05 15:14:00,MAC,5.3,74.0,102.5,896.0
570068,2026-10-05 15:17:02,AIR,1.4,28.0,102.9,1007.0
570069,2026-10-05 15:17:02,ICE,40.5,514.0,103.7,343.0
570070,2026-10-05 15:17:02,WAT,0.0,0.0,101.9,783.0
570071,2026-10-05 15:17:02,MAC,5.3,74.0,102.5,896.0
570072,2026-10-05 15:20:04,AIR,1.4,28.0,102.9,1007.0
570073,2026-10-05 15:20:04,ICE,40.5,514.0,103.7,343.0
570074,2026-10-05 15:20:04,WAT,0.0,0.0,101.9,783.0
570075,2026-10-05 15:20:04,MAC,5.3,74.0,102.5,896.0
570076,2026-10-05 15:23:06,AIR,1.4,28.0,102.9,1007.0
570077,2026-10-05 15:23:06,ICE,40.5,514.0,103.7,343.0
570078,2026-10-05 15:23:06,WAT,0.0,0.0,101.9,783.0
570079,2026-10-05 15:23:06,MAC,5.3,74.0,102.5,896.0
570080,2026-10-05 15:26:07,AIR,1.4,28.0,102.9,1007.0
570081,2026-10-05 15:26:07,ICE,40.5,514.0,103.7,343.0
570082,2026-10-05 15:26:07,WAT,0.0,0.0,101.9,783.0
570083,2026-10-05 15:26:07,MAC,5.3,74.0,102.5,896.0
570084,2026-10-05 15:29:08,AIR,1.4,28.0,102.9,1007.0
570085,2026-10-05 15:29:08,ICE,40.5,514.0,103.7,343.0
570086,2026-10-05 15:29:08,WAT,0.0,0.0,101.9,783.0
570087,2026-10-05 15:29:08,MAC,5.3,74.0,102.5,896.0
570088,2026-10-05 15:32:10,AIR,1.4,28.0,102.9,1007.0
570089,2026-10-05 15:32:10,ICE,40.5,514.0,103.7,343.0
570090,2026-10-05 15:32:10,WAT,0.0,0.0,101.9,783.0
570091,2026-10-05 15:32:10,MAC,5.3,74.0,102.5,896.0
570092,2026-10-05 15:35:12,AIR,1.4,28.0,102.9,1007.0
570093,2026-10-05 15:35:12,ICE,40.5,514.0,103.7,343.0
570094,2026-10-05 15:35:12,WAT,0.0,0.0,101.9,783.0
570095,2026-10-05 15:35:12,MAC,5.3,74.0,102.5,896.0
570096,2026-10-05 15:38:13,AIR,1.4,28.0,102.9,1007.0
570097,2026-10-05 15:38:13,ICE,40.5,514.0,103.7,343.0
570098,2026-10-05 15:38:13,WAT,0.0,0.0,101.9,783.0
570099,2026-10-05 15:38:13,MAC,5.3,74.0,102.5,896.0
570100,2026-10-05 15:41:14,AIR,1.4,28.0,102.9,1007.0
570101,2026-10-05 15:41:14,ICE,40.5,514.0,103.7,343.0
570102,2026-10-05 15:41:14,WAT,0.0,0.0,101.9,783.0
570103,2026-10-05 15:41:14,MAC,5.3,74.0,102.5,896.0
570104,2026-10-05 15:44:16,AIR,1.4,28.0,102.9,1007.0
570105,2026-10-05 15:44:16,ICE,40.5,514.0,103.7,343.0
570106,2026-10-05 15:44:16,WAT,0.0,0.0,101.9,783.0
570107,2026-10-05 15:44:16,MAC,4.5,63.0,103.1,402.0
570108,2026-10-05 15:47:17,AIR,1.4,28.0,102.9,1007.0
570109,2026-10-05 15:47:17,ICE,40.5,514.0,103.7,343.0
570110,2026-10-05 15:47:17,WAT,0.0,0.0,101.9,783.0
570111,2026-10-05 15:47:17,MAC,4.5,63.0,103.1,402.0
570112,2026-10-05 15:50:19,AIR,1.4,28.0,102.9,1007.0
570113,2026-10-05 15:50:19,ICE,40.5,514.0,103.7,343.0
570114,2026-10-05 15:50:19,WAT,0.0,0.0,101.9,783.0
570115,2026-10-05 15:50:19,MAC,4.5,63.0,103.1,402.0
570116,2026-10-05 15:53:21,AIR,1.4,28.0,102.9,1007.0
570117,2026-10-05 15:53:21,ICE,40.5,514.0,103.7,343.0
570118,2026-10-05 15:53:21,WAT,0.0,0.0,101.9,783.0
570119,2026-10-05 15:53:21,MAC,4.5,63.0,103.1,402.0
570120,2026-10-05 15:56:22,AIR,1.4,28.0,102.9,1007.0
570121,2026-10-05 15:56:22,ICE,40.5,514.0,103.7,343.0
570122,2026-10-05 15:56:22,WAT,0.0,0.0,101.9,783.0
570123,2026-10-05 15:56:22,MAC,4.5,63.0,103.1,402.0
570124,2026-10-05 15:59:24,AIR,1.4,28.0,102.9,1007.0
570125,2026-10-05 15:59:24,ICE,40.5,514.0,103.7,343.0
570126,2026-10-05 15:59:24,WAT,0.0,0.0,101.9,783.0
570127,2026-10-05 15:59:24,MAC,4.5,63.0,103.1,402.0
570128,2026-10-05 16:02:25,AIR,1.4,28.0,102.9,1007.0
570129,2026-10-05 16:02:25,ICE,40.5,514.0,103.7,343.0
570130,2026-10-05 16:02:25,WAT,0.0,0.0,101.9,783.0
570131,2026-10-05 16:02:25,MAC,4.5,63.0,103.1,402.0
570132,2026-10-05 16:05:27,AIR,1.4,28.0,102.9,1007.0
570133,2026-10-05 16:05:27,ICE,40.5,514.0,103.7,343.0
570134,2026-10-05 16:05:27,WAT,0.0,0.0,101.9,783.0
570135,2026-10-05 16:05:27,MAC,4.5,63.0,103.1,402.0
570136,2026-10-05 16:08:28,AIR,1.4,28.0,102.9,1007.0
570137,2026-10-05 16:08:28,ICE,40.5,514.0,103.7,343.0
570138,2026-10-05 16:08:28,WAT,0.0,0.0,101.9,783.0
570139,2026-10-05 16:08:28,MAC,4.5,63.0,103.1,402.0
570140,2026-10-05 16:11:30,AIR,1.4,28.0,102.9,1007.0
570141,2026-10-05 16:11:30,ICE,40.5,514.0,103.7,343.0
570142,2026-10-05 16:11:30,WAT,0.0,0.0,101.9,783.0
570143,2026-10-05 16:11:30,MAC,4.5,63.0,103.1,402.0
570144,2026-10-05 16:14:31,AIR,1.4,28.0,102.9,1007.0
570145,2026-10-05 16:14:31,ICE,51.6,667.0,103.6,432.0
570146,2026-10-05 16:14:31,WAT,0.0,0.0,101.9,783.0
570147,2026-10-05 16:14:31,MAC,4.5,63.0,103.1,402.0
570148,2026-10-05 16:17:33,AIR,1.4,28.0,102.9,1007.0
570149,2026-10-05 16:17:33,ICE,51.6,667.0,103.6,432.0
570150,2026-10-05 16:17:33,WAT,0.0,0.0,101.9,783.0
570151,2026-10-05 16:17:33,MAC,4.5,63.0,103.1,402.0
570152,2026-10-05 16:20:34,AIR,1.4,28.0,102.9,1007.0
570153,2026-10-05 16:20:34,ICE,51.6,667.0,103.6,432.0
570154,2026-10-05 16:20:34,WAT,0.0,0.0,101.9,783.0
570155,2026-10-05 16:20:34,MAC,4.5,63.0,103.1,402.0
570156,2026-10-05 16:23:36,AIR,1.4,28.0,102.9,1007.0
570157,2026-10-05 16:23:36,ICE,51.6,667.0,103.6,432.0
570158,2026-10-05 16:23:36,WAT,0.0,0.0,101.9,783.0
570159,2026-10-05 16:23:36,MAC,4.5,63.0,103.1,402.0
570160,2026-10-05 16:26:37,AIR,1.4,28.0,102.9,1007.0
570161,2026-10-05 16:26:37,ICE,51.6,667.0,103.6,432.0
570162,2026-10-05 16:26:37,WAT,0.0,0.0,101.9,783.0
570163,2026-10-05 16:26:37,MAC,4.5,63.0,103.1,402.0
570164,2026-10-05 16:29:39,AIR,1.4,28.0,102.9,1007.0
570165,2026-10-05 16:29:39,ICE,62.0,778.0,103.4,449.0
570166,2026-10-05 16:29:39,WAT,0.0,0.0,101.9,783.0
570167,2026-10-05 16:29:39,MAC,4.5,63.0,103.1,402.0
570168,2026-10-05 16:32:40,AIR,1.4,28.0,102.9,1007.0
570169,2026-10-05 16:32:40,ICE,62.0,778.0,103.4,449.0
570170,2026-10-05 16:32:40,WAT,0.0,0.0,101.9,783.0
570171,2026-10-05 16:32:40,MAC,4.5,63.0,103.1,402.0
570172,2026-10-05 16:35:42,AIR,1.4,28.0,102.9,1007.0
570173,2026-10-05 16:35:42,ICE,62.0,778.0,103.4,449.0
570174,2026-10-05 16:35:42,WAT,0.0,0.0,101.9,783.0
570175,2026-10-05 16:35:42,MAC,4.5,63.0,103.1,402.0
570176,2026-10-05 16:38:43,AIR,1.4,28.0,102.9,1007.0
570177,2026-10-05 16:38:43,ICE,62.0,778.0,103.4,449.0
570178,2026-10-05 16:38:43,WAT,0.0,0.0,101.9,783.0
570179,2026-10-05 16:38:43,MAC,4.5,63.0,103.1,402.0
570180,2026-10-05 16:41:45,AIR,1.4,28.0,102.9,1007.0
570181,2026-10-05 16:41:45,ICE,62.0,778.0,103.4,449.0
570182,2026-10-05 16:41:45,WAT,0.0,0.0,101.9,783.0
570183,2026-10-05 16:41:45,MAC,4.5,63.0,103.1,402.0
570184,2026-10-05 16:44:46,AIR,1.4,28.0,102.9,1007.0
570185,2026-10-05 16:44:46,ICE,62.0,778.0,103.4,449.0
570186,2026-10-05 16:44:46,WAT,0.0,0.0,101.9,783.0
570187,2026-10-05 16:44:46,MAC,4.5,63.0,103.1,402.0
570188,2026-10-05 16:47:47,AIR,1.4,28.0,102.9,1007.0
570189,2026-10-05 16:47:47,ICE,62.0,778.0,103.4,449.0
570190,2026-10-05 16:47:47,WAT,0.0,0.0,101.9,783.0
570191,2026-10-05 16:47:47,MAC,4.5,63.0,103.1,402.0
570192,2026-10-05 16:50:49,AIR,1.4,28.0,102.9,1007.0
570193,2026-10-05 16:50:49,ICE,1.4,29.0,103.8,469.0
570194,2026-10-05 16:50:49,WAT,0.0,0.0,101.9,783.0
570195,2026-10-05 16:50:49,MAC,4.5,63.0,103.1,402.0
570196,2026-10-05 16:53:51,AIR,1.4,28.0,102.9,1007.0
570197,2026-10-05 16:53:51,ICE,1.4,29.0,103.8,469.0
570198,2026-10-05 16:53:51,WAT,0.0,0.0,101.9,783.0
570199,2026-10-05 16:53:51,MAC,4.5,63.0,103.1,402.0
570200,2026-10-05 16:56:52,AIR,1.4,28.0,102.9,1007.0
570201,2026-10-05 16:56:52,ICE,1.4,29.0,103.8,469.0
570202,2026-10-05 16:56:52,WAT,0.0,0.0,101.9,783.0
570203,2026-10-05 16:56:52,MAC,4.5,63.0,103.1,402.0
570204,2026-10-05 16:59:53,AIR,1.4,28.0,102.9,1007.0
570205,2026-10-05 16:59:53,ICE,1.4,29.0,103.8,469.0
570206,2026-10-05 16:59:53,WAT,0.0,0.0,101.9,783.0
570207,2026-10-05 16:59:53,MAC,4.5,63.0,103.1,402.0
570208,2026-10-05 17:02:55,AIR,1.4,28.0,102.9,1007.0
570209,2026-10-05 17:02:55,ICE,1.4,29.0,103.8,469.0
570210,2026-10-05 17:02:55,WAT,0.0,0.0,101.9,783.0
570211,2026-10-05 17:02:55,MAC,4.5,63.0,103.1,402.0
570212,2026-10-05 17:05:56,AIR,1.4,28.0,102.9,1007.0
570213,2026-10-05 17:05:56,ICE,39.1,495.0,104.0,485.0
570214,2026-10-05 17:05:56,WAT,0.0,0.0,101.9,783.0
570215,2026-10-05 17:05:56,MAC,4.5,63.0,103.1,402.0
570216,2026-10-05 17:08:58,AIR,1.4,28.0,102.9,1007.0
570217,2026-10-05 17:08:58,ICE,39.1,495.0,104.0,485.0
570218,2026-10-05 17:08:58,WAT,0.0,0.0,101.9,783.0
570219,2026-10-05 17:08:58,MAC,4.5,63.0,103.1,402.0
570220,2026-10-05 17:11:59,AIR,1.4,28.0,102.9,1007.0
570221,2026-10-05 17:11:59,ICE,39.1,495.0,104.0,485.0
570222,2026-10-05 17:11:59,WAT,0.0,0.0,101.9,783.0
570223,2026-10-05 17:11:59,MAC,4.5,63.0,103.1,402.0
570224,2026-10-05 17:15:01,AIR,1.4,28.0,102.9,1007.0
570225,2026-10-05 17:15:01,ICE,39.1,495.0,104.0,485.0
570226,2026-10-05 17:15:01,WAT,0.0,0.0,101.9,783.0
570227,2026-10-05 17:15:01,MAC,4.5,63.0,103.1,402.0
570228,2026-10-05 17:18:03,AIR,1.4,28.0,102.9,1007.0
570229,2026-10-05 17:18:03,ICE,39.1,495.0,104.0,485.0
570230,2026-10-05 17:18:03,WAT,0.0,0.0,101.9,783.0
570231,2026-10-05 17:18:03,MAC,4.5,63.0,103.1,402.0
570232,2026-10-05 17:21:05,AIR,1.4,28.0,102.9,1007.0
570233,2026-10-05 17:21:05,ICE,39.1,495.0,104.0,485.0
570234,2026-10-05 17:21:05,WAT,0.0,0.0,101.9,783.0
570235,2026-10-05 17:21:05,MAC,4.5,63.0,103.1,402.0
570236,2026-10-05 17:24:06,AIR,1.4,28.0,102.9,1007.0
570237,2026-10-05 17:24:06,ICE,39.1,495.0,104.0,485.0
570238,2026-10-05 17:24:06,WAT,0.0,0.0,101.9,783.0
570239,2026-10-05 17:24:06,MAC,4.5,63.0,103.1,402.0
570240,2026-10-05 17:27:08,AIR,1.4,28.0,102.9,1007.0
570241,2026-10-05 17:27:08,ICE,39.1,495.0,104.0,485.0
570242,2026-10-05 17:27:08,WAT,0.0,0.0,101.9,783.0
570243,2026-10-05 17:27:08,MAC,4.5,63.0,103.1,402.0
570244,2026-10-05 17:30:09,AIR,1.4,28.0,102.9,1007.0
570245,2026-10-05 17:30:09,ICE,39.1,495.0,104.0,485.0
570246,2026-10-05 17:30:09,WAT,0.0,0.0,101.9,783.0
570247,2026-10-05 17:30:09,MAC,4.5,63.0,103.1,402.0
570248,2026-10-05 17:33:11,AIR,1.4,28.0,102.9,1007.0
570249,2026-10-05 17:33:11,ICE,39.1,495.0,104.0,485.0
570250,2026-10-05 17:33:11,WAT,0.0,0.0,101.9,783.0
570251,2026-10-05 17:33:11,MAC,4.5,63.0,103.1,402.0
570252,2026-10-05 17:36:12,AIR,1.4,28.0,102.9,1007.0
570253,2026-10-05 17:36:12,ICE,39.1,495.0,104.0,485.0
570254,2026-10-05 17:36:12,WAT,0.0,0.0,101.9,783.0
570255,2026-10-05 17:36:12,MAC,4.5,63.0,103.1,402.0
570256,2026-10-05 17:39:14,AIR,1.4,28.0,102.9,1007.0
570257,2026-10-05 17:39:14,ICE,39.1,495.0,104.0,485.0
570258,2026-10-05 17:39:14,WAT,0.0,0.0,101.9,783.0
570259,2026-10-05 17:39:14,MAC,4.5,63.0,103.1,402.0
570260,2026-10-05 17:42:15,AIR,1.4,28.0,102.9,1007.0
570261,2026-10-05 17:42:15,ICE,39.1,495.0,104.0,485.0
570262,2026-10-05 17:42:15,WAT,0.0,0.0,101.9,783.0
570263,2026-10-05 17:42:15,MAC,4.5,63.0,103.1,402.0
570264,2026-10-05 17:45:17,AIR,1.4,28.0,102.9,1007.0
570265,2026-10-05 17:45:17,ICE,39.1,495.0,104.0,485.0
570266,2026-10-05 17:45:17,WAT,0.0,0.0,101.9,783.0
570267,2026-10-05 17:45:17,MAC,4.5,63.0,103.1,402.0
570268,2026-10-05 17:48:19,AIR,1.4,28.0,102.9,1007.0
570269,2026-10-05 17:48:19,ICE,39.1,495.0,104.0,485.0
570270,2026-10-05 17:48:19,WAT,0.0,0.0,101.9,783.0
570271,2026-10-05 17:48:19,MAC,4.5,63.0,103.1,402.0
570272,2026-10-05 17:51:20,AIR,1.4,28.0,102.9,1007.0
570273,2026-10-05 17:51:20,ICE,39.1,495.0,104.0,485.0
570274,2026-10-05 17:51:20,WAT,0.0,0.0,101.9,783.0
570275,2026-10-05 17:51:20,MAC,4.5,63.0,103.1,402.0
570276,2026-10-05 17:54:22,AIR,1.4,28.0,102.9,1007.0
570277,2026-10-05 17:54:22,ICE,39.1,495.0,104.0,485.0
570278,2026-10-05 17:54:22,WAT,0.0,0.0,101.9,783.0
570279,2026-10-05 17:54:22,MAC,4.5,63.0,103.1,402.0
570280,2026-10-05 17:57:23,AIR,1.4,28.0,102.9,1007.0
570281,2026-10-05 17:57:23,ICE,39.1,495.0,104.0,485.0
570282,2026-10-05 17:57:23,WAT,0.0,0.0,101.9,783.0
570283,2026-10-05 17:57:23,MAC,4.5,63.0,103.1,402.0
570284,2026-10-05 18:00:25,AIR,1.4,28.0,102.9,1007.0
570285,2026-10-05 18:00:25,ICE,39.1,495.0,104.0,485.0
570286,2026-10-05 18:00:25,WAT,0.0,0.0,101.9,783.0
570287,2026-10-05 18:00:25,MAC,4.5,63.0,103.1,402.0
570288,2026-10-05 18:03:29,AIR,1.4,28.0,102.9,1007.0
570289,2026-10-05 18:03:29,ICE,39.1,495.0,104.0,485.0
570290,2026-10-05 18:03:29,WAT,0.0,0.0,101.9,783.0
570291,2026-10-05 18:03:29,MAC,4.5,63.0,103.1,402.0
570292,2026-10-05 18:06:30,AIR,1.4,28.0,102.9,1007.0
570293,2026-10-05 18:06:30,ICE,39.1,495.0,104.0,485.0
570294,2026-10-05 18:06:30,WAT,0.0,0.0,101.9,783.0
570295,2026-10-05 18:06:30,MAC,4.5,63.0,103.1,402.0
570296,2026-10-05 18:09:31,AIR,1.4,28.0,102.9,1007.0
570297,2026-10-05 18:09:31,ICE,39.1,495.0,104.0,485.0
570298,2026-10-05 18:09:31,WAT,0.0,0.0,101.9,783.0
570299,2026-10-05 18:09:31,MAC,4.5,63.0,103.1,402.0
570300,2026-10-05 18:12:33,AIR,1.4,28.0,102.9,1007.0
570301,2026-10-05 18:12:33,ICE,39.1,495.0,104.0,485.0
570302,2026-10-05 18:12:33,WAT,0.0,0.0,101.9,783.0
570303,2026-10-05 18:12:33,MAC,4.5,63.0,103.1,402.0
570304,2026-10-05 18:15:34,AIR,1.4,28.0,102.9,1007.0
570305,2026-10-05 18:15:34,ICE,2.8,27.0,103.2,553.0
570306,2026-10-05 18:15:34,WAT,0.0,0.0,101.9,783.0
570307,2026-10-05 18:15:34,MAC,4.5,63.0,103.1,402.0
570308,2026-10-05 18:18:36,AIR,1.4,28.0,102.9,1007.0
570309,2026-10-05 18:18:36,ICE,2.8,27.0,103.2,553.0
570310,2026-10-05 18:18:36,WAT,0.0,0.0,101.9,783.0
570311,2026-10-05 18:18:36,MAC,4.5,63.0,103.1,402.0
570312,2026-10-05 18:21:37,AIR,1.4,28.0,102.9,1007.0
570313,2026-10-05 18:21:37,ICE,2.8,27.0,103.2,553.0
570314,2026-10-05 18:21:37,WAT,0.0,0.0,101.9,783.0
570315,2026-10-05 18:21:37,MAC,4.5,63.0,103.1,402.0
570316,2026-10-05 18:24:38,AIR,1.4,28.0,102.9,1007.0
570317,2026-10-05 18:24:38,ICE,50.7,643.0,103.3,564.0
570318,2026-10-05 18:24:38,WAT,0.0,0.0,101.9,783.0
570319,2026-10-05 18:24:38,MAC,4.5,63.0,103.1,402.0
570320,2026-10-05 18:27:40,AIR,1.4,28.0,102.9,1007.0
570321,2026-10-05 18:27:40,ICE,39.4,501.0,102.9,565.0
570322,2026-10-05 18:27:40,WAT,0.0,0.0,101.9,783.0
570323,2026-10-05 18:27:40,MAC,4.5,63.0,103.1,402.0
570324,2026-10-05 18:30:41,AIR,1.4,28.0,102.9,1007.0
570325,2026-10-05 18:30:41,ICE,39.4,501.0,102.9,565.0
570326,2026-10-05 18:30:41,WAT,0.0,0.0,101.9,783.0
570327,2026-10-05 18:30:41,MAC,4.5,63.0,103.1,402.0
570328,2026-10-05 18:33:42,AIR,1.4,28.0,102.9,1007.0
570329,2026-10-05 18:33:42,ICE,39.4,501.0,102.9,565.0
570330,2026-10-05 18:33:42,WAT,0.0,0.0,101.9,783.0
570331,2026-10-05 18:33:42,MAC,4.5,63.0,103.1,402.0
570332,2026-10-05 18:36:44,AIR,1.4,28.0,102.9,1007.0
570333,2026-10-05 18:36:44,ICE,39.4,501.0,102.9,565.0
570334,2026-10-05 18:36:44,WAT,0.0,0.0,101.9,783.0
570335,2026-10-05 18:36:44,MAC,4.5,63.0,103.1,402.0
570336,2026-10-05 18:39:45,AIR,1.4,28.0,102.9,1007.0
570337,2026-10-05 18:39:45,ICE,39.4,501.0,102.9,565.0
570338,2026-10-05 18:39:45,WAT,0.0,0.0,101.9,783.0
570339,2026-10-05 18:39:45,MAC,4.5,63.0,103.1,402.0
570340,2026-10-05 18:42:46,AIR,1.4,28.0,102.9,1007.0
570341,2026-10-05 18:42:46,ICE,39.4,501.0,102.9,565.0
570342,2026-10-05 18:42:46,WAT,0.0,0.0,101.9,783.0
570343,2026-10-05 18:42:46,MAC,4.5,63.0,103.1,402.0
570344,2026-10-05 18:45:48,AIR,1.4,28.0,102.9,1007.0
570345,2026-10-05 18:45:48,ICE,39.4,501.0,102.9,565.0
570346,2026-10-05 18:45:48,WAT,0.0,0.0,101.9,783.0
570347,2026-10-05 18:45:48,MAC,4.5,63.0,103.1,402.0
570348,2026-10-05 18:48:50,AIR,1.4,28.0,102.9,1007.0
570349,2026-10-05 18:48:50,ICE,39.4,501.0,102.9,565.0
570350,2026-10-05 18:48:50,WAT,0.0,0.0,101.9,783.0
570351,2026-10-05 18:48:50,MAC,4.5,63.0,103.1,402.0
570352,2026-10-05 18:51:51,AIR,1.4,28.0,102.9,1007.0
570353,2026-10-05 18:51:51,ICE,39.4,501.0,102.9,565.0
570354,2026-10-05 18:51:51,WAT,0.0,0.0,101.9,783.0
570355,2026-10-05 18:51:51,MAC,4.5,63.0,103.1,402.0
570356,2026-10-05 18:54:52,AIR,1.4,28.0,102.9,1007.0
570357,2026-10-05 18:54:52,ICE,39.4,501.0,102.9,565.0
570358,2026-10-05 18:54:52,WAT,0.0,0.0,101.9,783.0
570359,2026-10-05 18:54:52,MAC,4.5,63.0,103.1,402.0
570360,2026-10-05 18:57:54,AIR,1.4,28.0,102.9,1007.0
570361,2026-10-05 18:57:54,ICE,39.4,501.0,102.9,565.0
570362,2026-10-05 18:57:54,WAT,0.0,0.0,101.9,783.0
570363,2026-10-05 18:57:54,MAC,4.5,63.0,103.1,402.0
570364,2026-10-05 19:00:55,AIR,1.4,28.0,102.9,1007.0
570365,2026-10-05 19:00:55,ICE,39.4,501.0,102.9,565.0
570366,2026-10-05 19:00:55,WAT,0.0,0.0,101.9,783.0
570367,2026-10-05 19:00:55,MAC,4.5,63.0,103.1,402.0
570368,2026-10-05 19:03:59,AIR,1.4,28.0,102.9,1007.0
570369,2026-10-05 19:03:59,ICE,39.4,501.0,102.9,565.0
570370,2026-10-05 19:03:59,WAT,0.0,0.0,101.9,783.0
570371,2026-10-05 19:03:59,MAC,4.5,63.0,103.1,402.0
570372,2026-10-05 19:07:00,AIR,1.4,28.0,102.9,1007.0
570373,2026-10-05 19:07:00,ICE,39.4,501.0,102.9,565.0
570374,2026-10-05 19:07:00,WAT,0.0,0.0,101.9,783.0
570375,2026-10-05 19:07:00,MAC,4.5,63.0,103.1,402.0
570376,2026-10-05 19:10:02,AIR,1.4,28.0,102.9,1007.0
570377,2026-10-05 19:10:02,ICE,39.4,501.0,102.9,565.0
570378,2026-10-05 19:10:02,WAT,0.0,0.0,101.9,783.0
570379,2026-10-05 19:10:02,MAC,4.5,63.0,103.1,402.0
570380,2026-10-05 19:13:06,AIR,1.4,28.0,102.9,1007.0
570381,2026-10-05 19:13:06,ICE,39.4,501.0,102.9,565.0
570382,2026-10-05 19:13:06,WAT,0.0,0.0,101.9,783.0
570383,2026-10-05 19:13:06,MAC,4.5,63.0,103.1,402.0
570384,2026-10-05 19:16:07,AIR,1.4,28.0,102.9,1007.0
570385,2026-10-05 19:16:07,ICE,39.4,501.0,102.9,565.0
570386,2026-10-05 19:16:07,WAT,0.0,0.0,101.9,783.0
570387,2026-10-05 19:16:07,MAC,4.5,63.0,103.1,402.0
570388,2026-10-05 19:19:09,AIR,1.4,28.0,102.9,1007.0
570389,2026-10-05 19:19:09,ICE,39.4,501.0,102.9,565.0
570390,2026-10-05 19:19:09,WAT,0.0,0.0,101.9,783.0
570391,2026-10-05 19:19:09,MAC,4.5,63.0,103.1,402.0
570392,2026-10-05 19:22:10,AIR,1.4,28.0,102.9,1007.0
570393,2026-10-05 19:22:10,ICE,39.4,501.0,102.9,565.0
570394,2026-10-05 19:22:10,WAT,0.0,0.0,101.9,783.0
570395,2026-10-05 19:22:10,MAC,4.5,63.0,103.1,402.0
570396,2026-10-05 19:25:12,AIR,1.4,28.0,102.9,1007.0
570397,2026-10-05 19:25:12,ICE,39.4,501.0,102.9,565.0
570398,2026-10-05 19:25:12,WAT,0.0,0.0,101.9,783.0
570399,2026-10-05 19:25:12,MAC,4.5,63.0,103.1,402.0
570400,2026-10-05 19:28:13,AIR,1.4,28.0,102.9,1007.0
570401,2026-10-05 19:28:13,ICE,39.4,501.0,102.9,565.0
570402,2026-10-05 19:28:13,WAT,0.0,0.0,101.9,783.0
570403,2026-10-05 19:28:13,MAC,4.5,63.0,103.1,402.0
570404,2026-10-05 19:31:15,AIR,1.4,28.0,102.9,1007.0
570405,2026-10-05 19:31:15,ICE,39.4,501.0,102.9,565.0
570406,2026-10-05 19:31:15,WAT,0.0,0.0,101.9,783.0
570407,2026-10-05 19:31:15,MAC,4.5,63.0,103.1,402.0
570408,2026-10-05 19:34:16,AIR,1.4,28.0,102.9,1007.0
570409,2026-10-05 19:34:16,ICE,39.4,501.0,102.9,565.0
570410,2026-10-05 19:34:16,WAT,0.0,0.0,101.9,783.0
570411,2026-10-05 19:34:16,MAC,4.5,63.0,103.1,402.0
570412,2026-10-05 19:37:17,AIR,1.4,28.0,102.9,1007.0
570413,2026-10-05 19:37:17,ICE,39.4,501.0,102.9,565.0
570414,2026-10-05 19:37:17,WAT,0.0,0.0,101.9,783.0
570415,2026-10-05 19:37:17,MAC,4.5,63.0,103.1,402.0
570416,2026-10-05 19:40:19,AIR,1.4,28.0,102.9,1007.0
570417,2026-10-05 19:40:19,ICE,39.4,501.0,102.9,565.0
570418,2026-10-05 19:40:19,WAT,0.0,0.0,101.9,783.0
570419,2026-10-05 19:40:19,MAC,4.5,63.0,103.1,402.0
570420,2026-10-05 19:43:20,AIR,1.4,28.0,102.9,1007.0
570421,2026-10-05 19:43:20,ICE,39.4,501.0,102.9,565.0
570422,2026-10-05 19:43:20,WAT,0.0,0.0,101.9,783.0
570423,2026-10-05 19:43:20,MAC,4.5,63.0,103.1,402.0
570424,2026-10-05 19:46:22,AIR,1.4,28.0,102.9,1007.0
570425,2026-10-05 19:46:22,ICE,39.4,501.0,102.9,565.0
570426,2026-10-05 19:46:22,WAT,0.0,0.0,101.9,783.0
570427,2026-10-05 19:46:22,MAC,4.5,63.0,103.1,402.0
570428,2026-10-05 19:49:23,AIR,1.4,28.0,102.9,1007.0
570429,2026-10-05 19:49:23,ICE,39.4,501.0,102.9,565.0
570430,2026-10-05 19:49:23,WAT,0.0,0.0,101.9,783.0
570431,2026-10-05 19:49:23,MAC,4.5,63.0,103.1,402.0
570432,2026-10-05 19:52:25,AIR,1.4,28.0,102.9,1007.0
570433,2026-10-05 19:52:25,ICE,39.4,501.0,102.9,565.0
570434,2026-10-05 19:52:25,WAT,0.0,0.0,101.9,783.0
570435,2026-10-05 19:52:25,MAC,4.5,63.0,103.1,402.0
570436,2026-10-05 19:55:26,AIR,1.4,28.0,102.9,1007.0
570437,2026-10-05 19:55:26,ICE,39.4,501.0,102.9,565.0
570438,2026-10-05 19:55:26,WAT,0.0,0.0,101.9,783.0
570439,2026-10-05 19:55:26,MAC,4.5,63.0,103.1,402.0
570440,2026-10-05 19:58:28,AIR,1.4,28.0,102.9,1007.0
570441,2026-10-05 19:58:28,ICE,39.4,501.0,102.9,565.0
570442,2026-10-05 19:58:28,WAT,0.0,0.0,101.9,783.0
570443,2026-10-05 19:58:28,MAC,4.5,63.0,103.1,402.0
570444,2026-10-05 20:01:29,AIR,1.4,28.0,102.9,1007.0
570445,2026-10-05 20:01:29,ICE,39.4,501.0,102.9,565.0
570446,2026-10-05 20:01:29,WAT,0.0,0.0,101.9,783.0
570447,2026-10-05 20:01:29,MAC,4.5,63.0,103.1,402.0
570448,2026-10-05 20:04:31,AIR,1.4,28.0,102.9,1007.0
570449,2026-10-05 20:04:31,ICE,39.4,501.0,102.9,565.0
570450,2026-10-05 20:04:31,WAT,0.0,0.0,101.9,783.0
570451,2026-10-05 20:04:31,MAC,4.5,63.0,103.1,402.0
570452,2026-10-05 20:07:32,AIR,1.4,28.0,102.9,1007.0
570453,2026-10-05 20:07:32,ICE,39.4,501.0,102.9,565.0
570454,2026-10-05 20:07:32,WAT,0.0,0.0,101.9,783.0
570455,2026-10-05 20:07:32,MAC,4.5,63.0,103.1,402.0
570456,2026-10-05 20:10:33,AIR,1.4,28.0,102.9,1007.0
570457,2026-10-05 20:10:33,ICE,39.4,501.0,102.9,565.0
570458,2026-10-05 20:10:33,WAT,0.0,0.0,101.9,783.0
570459,2026-10-05 20:10:33,MAC,4.5,63.0,103.1,402.0
570460,2026-10-05 20:13:35,AIR,1.4,28.0,102.9,1007.0
570461,2026-10-05 20:13:35,ICE,39.4,501.0,102.9,565.0
570462,2026-10-05 20:13:35,WAT,0.0,0.0,101.9,783.0
570463,2026-10-05 20:13:35,MAC,4.5,63.0,103.1,402.0
570464,2026-10-05 20:16:36,AIR,1.4,28.0,102.9,1007.0
570465,2026-10-05 20:16:36,ICE,39.4,501.0,102.9,565.0
570466,2026-10-05 20:16:36,WAT,0.0,0.0,101.9,783.0
570467,2026-10-05 20:16:36,MAC,4.5,63.0,103.1,402.0
570468,2026-10-05 20:19:37,AIR,1.4,28.0,102.9,1007.0
570469,2026-10-05 20:19:37,ICE,39.4,501.0,102.9,565.0
570470,2026-10-05 20:19:37,WAT,0.0,0.0,101.9,783.0
570471,2026-10-05 20:19:37,MAC,4.5,63.0,103.1,402.0
570472,2026-10-05 20:22:39,AIR,1.4,28.0,102.9,1007.0
570473,2026-10-05 20:22:39,ICE,39.4,501.0,102.9,565.0
570474,2026-10-05 20:22:39,WAT,0.0,0.0,101.9,783.0
570475,2026-10-05 20:22:39,MAC,4.5,63.0,103.1,402.0
570476,2026-10-05 20:25:40,AIR,1.4,28.0,102.9,1007.0
570477,2026-10-05 20:25:40,ICE,39.4,501.0,102.9,565.0
570478,2026-10-05 20:25:40,WAT,0.0,0.0,101.9,783.0
570479,2026-10-05 20:25:40,MAC,4.5,63.0,103.1,402.0
570480,2026-10-05 20:28:41,AIR,1.4,28.0,102.9,1007.0
570481,2026-10-05 20:28:41,ICE,39.4,501.0,102.9,565.0
570482,2026-10-05 20:28:41,WAT,0.0,0.0,101.9,783.0
570483,2026-10-05 20:28:41,MAC,24.6,513.0,102.8,688.0
570484,2026-10-05 20:31:43,AIR,1.4,28.0,102.9,1007.0
570485,2026-10-05 20:31:43,ICE,39.4,501.0,102.9,565.0
570486,2026-10-05 20:31:43,WAT,0.0,0.0,101.9,783.0
570487,2026-10-05 20:31:43,MAC,36.0,513.0,102.5,691.0
570488,2026-10-05 20:34:44,AIR,1.4,28.0,102.9,1007.0
570489,2026-10-05 20:34:44,ICE,39.4,501.0,102.9,565.0
570490,2026-10-05 20:34:44,WAT,0.0,0.0,101.9,783.0
570491,2026-10-05 20:34:44,MAC,36.0,513.0,102.5,691.0
570492,2026-10-05 20:37:46,AIR,1.4,28.0,102.9,1007.0
570493,2026-10-05 20:37:46,ICE,39.4,501.0,102.9,565.0
570494,2026-10-05 20:37:46,WAT,0.0,0.0,101.9,783.0
570495,2026-10-05 20:37:46,MAC,36.0,513.0,102.5,691.0
570496,2026-10-05 20:40:47,AIR,1.4,28.0,102.9,1007.0
570497,2026-10-05 20:40:47,ICE,39.4,501.0,102.9,565.0
570498,2026-10-05 20:40:47,WAT,0.0,0.0,101.9,783.0
570499,2026-10-05 20:40:47,MAC,36.0,513.0,102.5,691.0
570500,2026-10-05 20:43:48,AIR,1.4,28.0,102.9,1007.0
570501,2026-10-05 20:43:48,ICE,39.4,501.0,102.9,565.0
570502,2026-10-05 20:43:48,WAT,0.0,0.0,101.9,783.0
570503,2026-10-05 20:43:48,MAC,36.0,513.0,102.5,691.0
570504,2026-10-05 20:46:50,AIR,1.4,28.0,102.9,1007.0
570505,2026-10-05 20:46:50,ICE,39.4,501.0,102.9,565.0
570506,2026-10-05 20:46:50,WAT,0.0,0.0,101.9,783.0
570507,2026-10-05 20:46:50,MAC,36.0,513.0,102.5,691.0
570508,2026-10-05 20:49:54,AIR,1.4,28.0,102.9,1007.0
570509,2026-10-05 20:49:54,ICE,59.9,755.0,103.0,710.0
570510,2026-10-05 20:49:54,WAT,0.0,0.0,101.9,783.0
570511,2026-10-05 20:49:54,MAC,36.0,513.0,102.5,691.0
570512,2026-10-05 20:52:55,AIR,1.4,28.0,102.9,1007.0
570513,2026-10-05 20:52:55,ICE,59.9,755.0,103.0,710.0
570514,2026-10-05 20:52:55,WAT,0.0,0.0,101.9,783.0
570515,2026-10-05 20:52:55,MAC,36.0,513.0,102.5,691.0
570516,2026-10-05 20:55:57,AIR,1.4,28.0,102.9,1007.0
570517,2026-10-05 20:55:57,ICE,59.9,755.0,103.0,710.0
570518,2026-10-05 20:55:57,WAT,0.0,0.0,101.9,783.0
570519,2026-10-05 20:55:57,MAC,46.3,571.0,102.9,715.0
570520,2026-10-05 20:58:58,AIR,1.4,28.0,102.9,1007.0
570521,2026-10-05 20:58:58,ICE,59.9,755.0,103.0,710.0
570522,2026-10-05 20:58:58,WAT,0.0,0.0,101.9,783.0
570523,2026-10-05 20:58:58,MAC,46.3,571.0,102.9,715.0
570524,2026-10-05 21:02:00,AIR,1.4,28.0,102.9,1007.0
570525,2026-10-05 21:02:00,ICE,59.9,755.0,103.0,710.0
570526,2026-10-05 21:02:00,WAT,0.0,0.0,101.9,783.0
570527,2026-10-05 21:02:00,MAC,46.3,571.0,102.9,715.0
570528,2026-10-05 21:05:01,AIR,1.4,28.0,102.9,1007.0
570529,2026-10-05 21:05:01,ICE,59.9,755.0,103.0,710.0
570530,2026-10-05 21:05:01,WAT,0.0,0.0,101.9,783.0
570531,2026-10-05 21:05:01,MAC,33.6,433.0,103.3,725.0
570532,2026-10-05 21:08:03,AIR,1.4,28.0,102.9,1007.0
570533,2026-10-05 21:08:03,ICE,59.9,755.0,103.0,710.0
570534,2026-10-05 21:08:03,WAT,0.0,0.0,101.9,783.0
570535,2026-10-05 21:08:03,MAC,44.5,546.0,103.3,728.0
570536,2026-10-05 21:11:04,AIR,1.4,28.0,102.9,1007.0
570537,2026-10-05 21:11:04,ICE,3.8,37.0,103.7,728.0
570538,2026-10-05 21:11:04,WAT,0.0,0.0,101.9,783.0
570539,2026-10-05 21:11:04,MAC,44.5,546.0,103.3,728.0
570540,2026-10-05 21:14:06,AIR,1.4,28.0,102.9,1007.0
570541,2026-10-05 21:14:06,ICE,3.8,37.0,103.7,728.0
570542,2026-10-05 21:14:06,WAT,0.0,0.0,101.9,783.0
570543,2026-10-05 21:14:06,MAC,44.5,546.0,103.3,728.0
570544,2026-10-05 21:17:07,AIR,1.4,28.0,102.9,1007.0
570545,2026-10-05 21:17:07,ICE,3.8,37.0,103.7,728.0
570546,2026-10-05 21:17:07,WAT,0.0,0.0,101.9,783.0
570547,2026-10-05 21:17:07,MAC,44.5,546.0,103.3,728.0
570548,2026-10-05 21:20:08,AIR,1.4,28.0,102.9,1007.0
570549,2026-10-05 21:20:08,ICE,3.8,37.0,103.7,728.0
570550,2026-10-05 21:20:08,WAT,0.0,0.0,101.9,783.0
570551,2026-10-05 21:20:08,MAC,44.5,546.0,103.3,728.0
570552,2026-10-05 21:23:10,AIR,1.4,28.0,102.9,1007.0
570553,2026-10-05 21:23:10,ICE,3.8,37.0,103.7,728.0
570554,2026-10-05 21:23:10,WAT,0.0,0.0,101.9,783.0
570555,2026-10-05 21:23:10,MAC,45.5,571.0,102.8,741.0
570556,2026-10-05 21:26:11,AIR,1.4,28.0,102.9,1007.0
570557,2026-10-05 21:26:11,ICE,39.9,505.0,103.3,744.0
570558,2026-10-05 21:26:11,WAT,0.0,0.0,101.9,783.0
570559,2026-10-05 21:26:11,MAC,45.5,571.0,102.8,741.0
570560,2026-10-05 21:29:13,AIR,1.4,28.0,102.9,1007.0
570561,2026-10-05 21:29:13,ICE,39.9,505.0,103.3,744.0
570562,2026-10-05 21:29:13,WAT,0.0,0.0,101.9,783.0
570563,2026-10-05 21:29:13,MAC,45.5,571.0,102.8,741.0
570564,2026-10-05 21:32:15,AIR,1.4,28.0,102.9,1007.0
570565,2026-10-05 21:32:15,ICE,39.9,505.0,103.3,744.0
570566,2026-10-05 21:32:15,WAT,0.0,0.0,101.9,783.0
570567,2026-10-05 21:32:15,MAC,45.5,571.0,102.8,741.0
570568,2026-10-05 21:35:16,AIR,1.4,28.0,102.9,1007.0
570569,2026-10-05 21:35:16,ICE,39.9,505.0,103.3,744.0
570570,2026-10-05 21:35:16,WAT,0.0,0.0,101.9,783.0
570571,2026-10-05 21:35:16,MAC,45.5,571.0,102.8,741.0
570572,2026-10-05 21:38:18,AIR,1.4,28.0,102.9,1007.0
570573,2026-10-05 21:38:18,ICE,39.9,505.0,103.3,744.0
570574,2026-10-05 21:38:18,WAT,0.0,0.0,101.9,783.0
570575,2026-10-05 21:38:18,MAC,45.5,571.0,102.8,741.0
570576,2026-10-05 21:41:19,AIR,1.4,28.0,102.9,1007.0
570577,2026-10-05 21:41:19,ICE,39.9,505.0,103.3,744.0
570578,2026-10-05 21:41:19,WAT,0.0,0.0,101.9,783.0
570579,2026-10-05 21:41:19,MAC,46.3,565.0,102.8,761.0
570580,2026-10-05 21:44:20,AIR,1.4,28.0,102.9,1007.0
570581,2026-10-05 21:44:20,ICE,39.9,505.0,103.3,744.0
570582,2026-10-05 21:44:20,WAT,0.0,0.0,101.9,783.0
570583,2026-10-05 21:44:20,MAC,46.3,565.0,102.8,761.0
570584,2026-10-05 21:47:22,AIR,1.4,28.0,102.9,1007.0
570585,2026-10-05 21:47:22,ICE,39.9,505.0,103.3,744.0
570586,2026-10-05 21:47:22,WAT,0.0,0.0,101.9,783.0
570587,2026-10-05 21:47:22,MAC,46.3,565.0,102.8,761.0
570588,2026-10-05 21:50:23,AIR,1.4,28.0,102.9,1007.0
570589,2026-10-05 21:50:23,ICE,39.9,505.0,103.3,744.0
570590,2026-10-05 21:50:23,WAT,0.0,0.0,101.9,783.0
570591,2026-10-05 21:50:23,MAC,46.3,565.0,102.8,761.0
570592,2026-10-05 21:53:25,AIR,1.4,28.0,102.9,1007.0
570593,2026-10-05 21:53:25,ICE,39.9,505.0,103.3,744.0
570594,2026-10-05 21:53:25,WAT,0.0,0.0,101.9,783.0
570595,2026-10-05 21:53:25,MAC,46.3,565.0,102.8,761.0
570596,2026-10-05 21:56:26,AIR,1.4,28.0,102.9,1007.0
570597,2026-10-05 21:56:26,ICE,39.9,505.0,103.3,744.0
570598,2026-10-05 21:56:26,WAT,0.0,0.0,101.9,783.0
570599,2026-10-05 21:56:26,MAC,46.3,565.0,102.8,761.0
570600,2026-10-05 21:59:27,AIR,1.4,28.0,102.9,1007.0
570601,2026-10-05 21:59:27,ICE,1.4,29.0,103.2,778.0
570602,2026-10-05 21:59:27,WAT,0.0,0.0,101.9,783.0
570603,2026-10-05 21:59:27,MAC,44.3,577.0,103.2,780.0
570604,2026-10-05 22:02:29,AIR,1.4,28.0,102.9,1007.0
570605,2026-10-05 22:02:29,ICE,1.4,29.0,103.2,778.0
570606,2026-10-05 22:02:29,WAT,0.0,0.0,101.9,783.0
570607,2026-10-05 22:02:29,MAC,44.3,577.0,103.2,780.0
570608,2026-10-05 22:05:30,AIR,1.4,28.0,102.9,1007.0
570609,2026-10-05 22:05:30,ICE,1.4,29.0,103.2,778.0
570610,2026-10-05 22:05:30,WAT,0.0,0.0,101.9,783.0
570611,2026-10-05 22:05:30,MAC,44.3,577.0,103.2,780.0
570612,2026-10-05 22:08:32,AIR,1.4,28.0,102.9,1007.0
570613,2026-10-05 22:08:32,ICE,1.4,29.0,103.2,778.0
570614,2026-10-05 22:08:32,WAT,0.0,0.0,101.9,783.0
570615,2026-10-05 22:08:32,MAC,44.3,577.0,103.2,780.0
570616,2026-10-05 22:11:33,AIR,1.4,28.0,102.9,1007.0
570617,2026-10-05 22:11:33,ICE,1.4,29.0,103.2,778.0
570618,2026-10-05 22:11:33,WAT,0.0,0.0,101.9,783.0
570619,2026-10-05 22:11:33,MAC,44.3,577.0,103.2,780.0
570620,2026-10-05 22:14:34,AIR,1.4,28.0,102.9,1007.0
570621,2026-10-05 22:14:34,ICE,140.7,1365.0,103.2,793.0
570622,2026-10-05 22:14:34,WAT,0.0,0.0,101.9,783.0
570623,2026-10-05 22:14:34,MAC,44.3,577.0,103.2,780.0
570624,2026-10-05 22:17:36,AIR,1.4,28.0,102.9,1007.0
570625,2026-10-05 22:17:36,ICE,140.7,1365.0,103.2,793.0
570626,2026-10-05 22:17:36,WAT,0.0,0.0,101.9,783.0
570627,2026-10-05 22:17:36,MAC,44.3,577.0,103.2,780.0
570628,2026-10-05 22:20:37,AIR,1.4,28.0,102.9,1007.0
570629,2026-10-05 22:20:37,ICE,140.7,1365.0,103.2,793.0
570630,2026-10-05 22:20:37,WAT,0.0,0.0,101.9,783.0
570631,2026-10-05 22:20:37,MAC,44.3,577.0,103.2,780.0
570632,2026-10-05 22:23:39,AIR,1.4,28.0,102.9,1007.0
570633,2026-10-05 22:23:39,ICE,140.7,1365.0,103.2,793.0
570634,2026-10-05 22:23:39,WAT,0.0,0.0,101.9,783.0
570635,2026-10-05 22:23:39,MAC,38.5,496.0,103.3,803.0
570636,2026-10-05 22:26:40,AIR,1.4,28.0,102.9,1007.0
570637,2026-10-05 22:26:40,ICE,140.7,1365.0,103.2,793.0
570638,2026-10-05 22:26:40,WAT,0.0,0.0,101.9,783.0
570639,2026-10-05 22:26:40,MAC,38.5,496.0,103.3,803.0
570640,2026-10-05 22:29:41,AIR,1.4,28.0,102.9,1007.0
570641,2026-10-05 22:29:41,ICE,140.7,1365.0,103.2,793.0
570642,2026-10-05 22:29:41,WAT,0.0,0.0,101.9,783.0
570643,2026-10-05 22:29:41,MAC,38.5,496.0,103.3,803.0
570644,2026-10-05 22:32:42,AIR,1.4,28.0,102.9,1007.0
570645,2026-10-05 22:32:42,ICE,140.7,1365.0,103.2,793.0
570646,2026-10-05 22:32:42,WAT,0.0,0.0,101.9,783.0
570647,2026-10-05 22:32:42,MAC,38.5,496.0,103.3,803.0
570648,2026-10-05 22:35:44,AIR,1.4,28.0,102.9,1007.0
570649,2026-10-05 22:35:44,ICE,140.7,1365.0,103.2,793.0
570650,2026-10-05 22:35:44,WAT,0.0,0.0,101.9,783.0
570651,2026-10-05 22:35:44,MAC,38.5,496.0,103.3,803.0
570652,2026-10-05 22:38:45,AIR,1.4,28.0,102.9,1007.0
570653,2026-10-05 22:38:45,ICE,140.7,1365.0,103.2,793.0
570654,2026-10-05 22:38:45,WAT,0.0,0.0,101.9,783.0
570655,2026-10-05 22:38:45,MAC,38.5,496.0,103.3,803.0
570656,2026-10-05 22:41:46,AIR,1.4,28.0,102.9,1007.0
570657,2026-10-05 22:41:46,ICE,140.7,1365.0,103.2,793.0
570658,2026-10-05 22:41:46,WAT,0.0,0.0,101.9,783.0
570659,2026-10-05 22:41:46,MAC,38.5,496.0,103.3,803.0
570660,2026-10-05 22:44:48,AIR,1.4,28.0,102.9,1007.0
570661,2026-10-05 22:44:48,ICE,140.7,1365.0,103.2,793.0
570662,2026-10-05 22:44:48,WAT,0.0,0.0,101.9,783.0
570663,2026-10-05 22:44:48,MAC,38.5,496.0,103.3,803.0
570664,2026-10-05 22:47:49,AIR,1.4,28.0,102.9,1007.0
570665,2026-10-05 22:47:49,ICE,1.4,29.0,102.5,827.0
570666,2026-10-05 22:47:49,WAT,0.0,0.0,101.9,783.0
570667,2026-10-05 22:47:49,MAC,38.5,496.0,103.3,803.0
570668,2026-10-05 22:50:50,AIR,1.4,28.0,102.9,1007.0
570669,2026-10-05 22:50:50,ICE,60.0,748.0,102.1,829.0
570670,2026-10-05 22:50:50,WAT,0.0,0.0,101.9,783.0
570671,2026-10-05 22:50:50,MAC,38.5,496.0,103.3,803.0
570672,2026-10-05 22:53:52,AIR,1.4,28.0,102.9,1007.0
570673,2026-10-05 22:53:52,ICE,60.0,748.0,102.1,829.0
570674,2026-10-05 22:53:52,WAT,0.0,0.0,101.9,783.0
570675,2026-10-05 22:53:52,MAC,38.5,496.0,103.3,803.0
570676,2026-10-05 22:56:53,AIR,1.4,28.0,102.9,1007.0
570677,2026-10-05 22:56:53,ICE,60.0,748.0,102.1,829.0
570678,2026-10-05 22:56:53,WAT,0.0,0.0,101.9,783.0
570679,2026-10-05 22:56:53,MAC,45.1,542.0,102.0,836.0
570680,2026-10-05 22:59:55,AIR,1.4,28.0,102.9,1007.0
570681,2026-10-05 22:59:55,ICE,60.0,748.0,102.1,829.0
570682,2026-10-05 22:59:55,WAT,0.0,0.0,101.9,783.0
570683,2026-10-05 22:59:55,MAC,41.9,530.0,102.0,838.0
570684,2026-10-05 23:02:56,AIR,1.4,28.0,102.9,1007.0
570685,2026-10-05 23:02:56,ICE,60.0,748.0,102.1,829.0
570686,2026-10-05 23:02:56,WAT,0.0,0.0,101.9,783.0
570687,2026-10-05 23:02:56,MAC,41.9,530.0,102.0,838.0
570688,2026-10-05 23:05:57,AIR,1.4,28.0,102.9,1007.0
570689,2026-10-05 23:05:57,ICE,60.0,748.0,102.1,829.0
570690,2026-10-05 23:05:57,WAT,0.0,0.0,101.9,783.0
570691,2026-10-05 23:05:57,MAC,41.9,530.0,102.0,838.0
570692,2026-10-05 23:08:58,AIR,1.4,28.0,102.9,1007.0
570693,2026-10-05 23:08:58,ICE,60.0,748.0,102.1,829.0
570694,2026-10-05 23:08:58,WAT,0.0,0.0,101.9,783.0
570695,2026-10-05 23:08:58,MAC,41.9,530.0,102.0,838.0
570696,2026-10-05 23:12:00,AIR,1.4,28.0,102.9,1007.0
570697,2026-10-05 23:12:00,ICE,60.0,748.0,102.1,829.0
570698,2026-10-05 23:12:00,WAT,0.0,0.0,101.9,783.0
570699,2026-10-05 23:12:00,MAC,41.9,530.0,102.0,838.0
570700,2026-10-05 23:15:02,AIR,1.4,28.0,102.9,1007.0
570701,2026-10-05 23:15:02,ICE,60.0,748.0,102.1,829.0
570702,2026-10-05 23:15:02,WAT,0.0,0.0,101.9,783.0
570703,2026-10-05 23:15:02,MAC,41.9,530.0,102.0,838.0
570704,2026-10-05 23:18:04,AIR,1.4,28.0,102.9,1007.0
570705,2026-10-05 23:18:04,ICE,49.9,638.0,102.4,857.0
570706,2026-10-05 23:18:04,WAT,0.0,0.0,101.9,783.0
570707,2026-10-05 23:18:04,MAC,41.9,530.0,102.0,838.0
570708,2026-10-05 23:21:05,AIR,1.4,28.0,102.9,1007.0
570709,2026-10-05 23:21:05,ICE,49.9,638.0,102.4,857.0
570710,2026-10-05 23:21:05,WAT,0.0,0.0,101.9,783.0
570711,2026-10-05 23:21:05,MAC,41.9,530.0,102.0,838.0
570712,2026-10-05 23:24:07,AIR,1.4,28.0,102.9,1007.0
570713,2026-10-05 23:24:07,ICE,49.9,638.0,102.4,857.0
570714,2026-10-05 23:24:07,WAT,0.0,0.0,101.9,783.0
570715,2026-10-05 23:24:07,MAC,41.9,530.0,102.0,838.0
570716,2026-10-05 23:27:09,AIR,1.4,28.0,102.9,1007.0
570717,2026-10-05 23:27:09,ICE,49.9,638.0,102.4,857.0
570718,2026-10-05 23:27:09,WAT,0.0,0.0,101.9,783.0
570719,2026-10-05 23:27:09,MAC,41.9,530.0,102.0,838.0
570720,2026-10-05 23:30:11,AIR,1.4,28.0,102.9,1007.0
570721,2026-10-05 23:30:11,ICE,49.9,638.0,102.4,857.0
570722,2026-10-05 23:30:11,WAT,0.0,0.0,101.9,783.0
570723,2026-10-05 23:30:11,MAC,41.9,530.0,102.0,838.0
570724,2026-10-05 23:33:13,AIR,1.4,28.0,102.9,1007.0
570725,2026-10-05 23:33:13,ICE,49.9,638.0,102.4,857.0
570726,2026-10-05 23:33:13,WAT,0.0,0.0,101.9,783.0
570727,2026-10-05 23:33:13,MAC,41.9,530.0,102.0,838.0
570728,2026-10-05 23:36:14,AIR,1.4,28.0,102.9,1007.0
570729,2026-10-05 23:36:14,ICE,49.9,638.0,102.4,857.0
570730,2026-10-05 23:36:14,WAT,0.0,0.0,101.9,783.0
570731,2026-10-05 23:36:14,MAC,41.9,530.0,102.0,838.0
570732,2026-10-05 23:39:16,AIR,1.4,28.0,102.9,1007.0
570733,2026-10-05 23:39:16,ICE,49.9,638.0,102.4,857.0
570734,2026-10-05 23:39:16,WAT,0.0,0.0,101.9,783.0
570735,2026-10-05 23:39:16,MAC,41.9,530.0,102.0,838.0
570736,2026-10-05 23:42:17,AIR,1.4,28.0,102.9,1007.0
570737,2026-10-05 23:42:17,ICE,49.9,638.0,102.4,857.0
570738,2026-10-05 23:42:17,WAT,0.0,0.0,101.9,783.0
570739,2026-10-05 23:42:17,MAC,41.9,530.0,102.0,838.0
570740,2026-10-05 23:45:18,AIR,1.4,28.0,102.9,1007.0
570741,2026-10-05 23:45:18,ICE,49.9,638.0,102.4,857.0
570742,2026-10-05 23:45:18,WAT,0.0,0.0,101.9,783.0
570743,2026-10-05 23:45:18,MAC,41.9,530.0,102.0,838.0
570744,2026-10-05 23:48:20,AIR,1.4,28.0,102.9,1007.0
570745,2026-10-05 23:48:20,ICE,49.9,638.0,102.4,857.0
570746,2026-10-05 23:48:20,WAT,0.0,0.0,101.9,783.0
570747,2026-10-05 23:48:20,MAC,8.3,97.0,102.7,888.0
570748,2026-10-05 23:51:21,AIR,1.4,28.0,102.9,1007.0
570749,2026-10-05 23:51:21,ICE,49.9,638.0,102.4,857.0
570750,2026-10-05 23:51:21,WAT,0.0,0.0,101.9,783.0
570751,2026-10-05 23:51:21,MAC,8.3,97.0,102.7,888.0
570752,2026-10-05 23:54:22,AIR,1.4,28.0,102.9,1007.0
570753,2026-10-05 23:54:22,ICE,49.9,638.0,102.4,857.0
570754,2026-10-05 23:54:22,WAT,0.0,0.0,101.9,783.0
570755,2026-10-05 23:54:22,MAC,8.3,97.0,102.7,888.0
570756,2026-10-05 23:57:24,AIR,1.4,28.0,102.9,1007.0
570757,2026-10-05 23:57:24,ICE,49.9,638.0,102.4,857.0
570758,2026-10-05 23:57:24,WAT,0.0,0.0,101.9,783.0
570759,2026-10-05 23:57:24,MAC,8.3,97.0,102.7,888.0
570760,2026-10-06 00:00:25,AIR,1.4,28.0,102.9,1007.0
570761,2026-10-06 00:00:25,ICE,49.9,638.0,102.4,857.0
570762,2026-10-06 00:00:25,WAT,0.0,0.0,101.9,783.0
570763,2026-10-06 00:00:25,MAC,8.3,97.0,102.7,888.0
570764,2026-10-06 00:03:50,AIR,1.4,28.0,102.9,1007.0
570765,2026-10-06 00:03:50,ICE,49.9,638.0,102.4,857.0
570766,2026-10-06 00:03:50,WAT,0.0,0.0,101.9,783.0
570767,2026-10-06 00:03:50,MAC,8.3,97.0,102.7,888.0
570768,2026-10-06 00:06:51,AIR,1.4,28.0,102.9,1007.0
570769,2026-10-06 00:06:51,ICE,49.9,638.0,102.4,857.0
570770,2026-10-06 00:06:51,WAT,0.0,0.0,101.9,783.0
570771,2026-10-06 00:06:51,MAC,8.3,97.0,102.7,888.0
570772,2026-10-06 00:09:52,AIR,1.4,28.0,102.9,1007.0
570773,2026-10-06 00:09:52,ICE,49.9,638.0,102.4,857.0
570774,2026-10-06 00:09:52,WAT,0.0,0.0,101.9,783.0
570775,2026-10-06 00:09:52,MAC,8.3,97.0,102.7,888.0
570776,2026-10-06 00:12:54,AIR,1.4,28.0,102.9,1007.0
570777,2026-10-06 00:12:54,ICE,49.9,638.0,102.4,857.0
570778,2026-10-06 00:12:54,WAT,0.0,0.0,101.9,783.0
570779,2026-10-06 00:12:54,MAC,8.3,97.0,102.7,888.0
570780,2026-10-06 00:15:55,AIR,1.4,28.0,102.9,1007.0
570781,2026-10-06 00:15:55,ICE,49.9,638.0,102.4,857.0
570782,2026-10-06 00:15:55,WAT,0.0,0.0,101.9,783.0
570783,2026-10-06 00:15:55,MAC,8.3,97.0,102.7,888.0
570784,2026-10-06 00:18:56,AIR,1.4,28.0,102.9,1007.0
570785,2026-10-06 00:18:56,ICE,60.3,763.0,102.9,918.0
570786,2026-10-06 00:18:56,WAT,0.0,0.0,101.9,783.0
570787,2026-10-06 00:18:56,MAC,8.3,97.0,102.7,888.0
570788,2026-10-06 00:21:58,AIR,1.4,28.0,102.9,1007.0
570789,2026-10-06 00:21:58,ICE,60.3,763.0,102.9,918.0
570790,2026-10-06 00:21:58,WAT,0.0,0.0,101.9,783.0
570791,2026-10-06 00:21:58,MAC,8.3,97.0,102.7,888.0
570792,2026-10-06 00:24:59,AIR,1.4,28.0,102.9,1007.0
570793,2026-10-06 00:24:59,ICE,3.0,29.0,103.2,924.0
570794,2026-10-06 00:24:59,WAT,0.0,0.0,101.9,783.0
570795,2026-10-06 00:24:59,MAC,8.3,97.0,102.7,888.0
570796,2026-10-06 00:28:01,AIR,1.4,28.0,102.9,1007.0
570797,2026-10-06 00:28:01,ICE,3.0,29.0,103.2,924.0
570798,2026-10-06 00:28:01,WAT,0.0,0.0,101.9,783.0
570799,2026-10-06 00:28:01,MAC,8.3,97.0,102.7,888.0
570800,2026-10-06 00:31:00,AIR,1.4,28.0,102.9,1007.0
570801,2026-10-06 00:31:00,ICE,41.5,523.0,103.2,930.0
570802,2026-10-06 00:31:00,WAT,0.0,0.0,101.9,783.0
570803,2026-10-06 00:31:00,MAC,8.3,97.0,102.7,888.0
570804,2026-10-06 00:34:02,AIR,1.4,28.0,102.9,1007.0
570805,2026-10-06 00:34:02,ICE,41.5,523.0,103.2,930.0
570806,2026-10-06 00:34:02,WAT,0.0,0.0,101.9,783.0
570807,2026-10-06 00:34:02,MAC,8.3,97.0,102.7,888.0
570808,2026-10-06 00:37:03,AIR,1.4,28.0,102.9,1007.0
570809,2026-10-06 00:37:03,ICE,41.5,523.0,103.2,930.0
570810,2026-10-06 00:37:03,WAT,0.0,0.0,101.9,783.0
570811,2026-10-06 00:37:03,MAC,8.3,97.0,102.7,888.0
570812,2026-10-06 00:40:05,AIR,1.4,28.0,102.9,1007.0
570813,2026-10-06 00:40:05,ICE,41.5,523.0,103.2,930.0
570814,2026-10-06 00:40:05,WAT,0.0,0.0,101.9,783.0
570815,2026-10-06 00:40:05,MAC,8.3,97.0,102.7,888.0
570816,2026-10-06 00:43:06,AIR,1.4,28.0,102.9,1007.0
570817,2026-10-06 00:43:06,ICE,41.5,523.0,103.2,930.0
570818,2026-10-06 00:43:06,WAT,0.0,0.0,101.9,783.0
570819,2026-10-06 00:43:06,MAC,8.3,97.0,102.7,888.0
570820,2026-10-06 00:46:09,AIR,1.4,28.0,102.9,1007.0
570821,2026-10-06 00:46:09,ICE,41.5,523.0,103.2,930.0
570822,2026-10-06 00:46:09,WAT,0.0,0.0,101.9,783.0
570823,2026-10-06 00:46:09,MAC,8.3,97.0,102.7,888.0
570824,2026-10-06 00:49:11,AIR,1.4,28.0,102.9,1007.0
570825,2026-10-06 00:49:11,ICE,41.5,523.0,103.2,930.0
570826,2026-10-06 00:49:11,WAT,0.0,0.0,101.9,783.0
570827,2026-10-06 00:49:11,MAC,8.3,97.0,102.7,888.0
570828,2026-10-06 00:52:12,AIR,1.4,28.0,102.9,1007.0
570829,2026-10-06 00:52:12,ICE,41.5,523.0,103.2,930.0
570830,2026-10-06 00:52:12,WAT,0.0,0.0,101.9,783.0
570831,2026-10-06 00:52:12,MAC,8.3,97.0,102.7,888.0
570832,2026-10-06 00:55:13,AIR,1.4,28.0,102.9,1007.0
570833,2026-10-06 00:55:13,ICE,41.5,523.0,103.2,930.0
570834,2026-10-06 00:55:13,WAT,0.0,0.0,101.9,783.0
570835,2026-10-06 00:55:13,MAC,8.3,97.0,102.7,888.0
570836,2026-10-06 00:58:15,AIR,1.4,28.0,102.9,1007.0
570837,2026-10-06 00:58:15,ICE,41.5,523.0,103.2,930.0
570838,2026-10-06 00:58:15,WAT,0.0,0.0,101.9,783.0
570839,2026-10-06 00:58:15,MAC,8.3,97.0,102.7,888.0
570840,2026-10-06 01:01:16,AIR,1.4,28.0,102.9,1007.0
570841,2026-10-06 01:01:16,ICE,41.5,523.0,103.2,930.0
570842,2026-10-06 01:01:16,WAT,0.0,0.0,101.9,783.0
570843,2026-10-06 01:01:16,MAC,8.3,97.0,102.7,888.0
570844,2026-10-06 01:04:17,AIR,1.4,28.0,102.9,1007.0
570845,2026-10-06 01:04:17,ICE,41.5,523.0,103.2,930.0
570846,2026-10-06 01:04:17,WAT,0.0,0.0,101.9,783.0
570847,2026-10-06 01:04:17,MAC,8.3,97.0,102.7,888.0
570848,2026-10-06 01:07:18,AIR,1.4,28.0,102.9,1007.0
570849,2026-10-06 01:07:18,ICE,41.5,523.0,103.2,930.0
570850,2026-10-06 01:07:18,WAT,0.0,0.0,101.9,783.0
570851,2026-10-06 01:07:18,MAC,8.3,97.0,102.7,888.0
570852,2026-10-06 01:10:20,AIR,1.4,28.0,102.9,1007.0
570853,2026-10-06 01:10:20,ICE,41.5,523.0,103.2,930.0
570854,2026-10-06 01:10:20,WAT,0.0,0.0,101.9,783.0
570855,2026-10-06 01:10:20,MAC,8.3,97.0,102.7,888.0
570856,2026-10-06 01:13:21,AIR,1.4,28.0,102.9,1007.0
570857,2026-10-06 01:13:21,ICE,41.5,523.0,103.2,930.0
570858,2026-10-06 01:13:21,WAT,0.0,0.0,101.9,783.0
570859,2026-10-06 01:13:21,MAC,8.3,97.0,102.7,888.0
570860,2026-10-06 01:16:22,AIR,1.4,28.0,102.9,1007.0
570861,2026-10-06 01:16:22,ICE,41.5,523.0,103.2,930.0
570862,2026-10-06 01:16:22,WAT,0.0,0.0,101.9,783.0
570863,2026-10-06 01:16:22,MAC,8.3,97.0,102.7,888.0
570864,2026-10-06 01:19:24,AIR,1.4,28.0,102.9,1007.0
570865,2026-10-06 01:19:24,ICE,41.5,523.0,103.2,930.0
570866,2026-10-06 01:19:24,WAT,0.0,0.0,101.9,783.0
570867,2026-10-06 01:19:24,MAC,4.2,65.0,102.9,980.0
570868,2026-10-06 01:22:25,AIR,1.4,28.0,102.9,1007.0
570869,2026-10-06 01:22:25,ICE,41.5,523.0,103.2,930.0
570870,2026-10-06 01:22:25,WAT,0.0,0.0,101.9,783.0
570871,2026-10-06 01:22:25,MAC,4.2,65.0,102.9,980.0
570872,2026-10-06 01:25:26,AIR,1.4,28.0,102.9,1007.0
570873,2026-10-06 01:25:26,ICE,41.5,523.0,103.2,930.0
570874,2026-10-06 01:25:26,WAT,0.0,0.0,101.9,783.0
570875,2026-10-06 01:25:26,MAC,4.2,65.0,102.9,980.0
570876,2026-10-06 01:28:28,AIR,1.4,28.0,102.9,1007.0
570877,2026-10-06 01:28:28,ICE,41.5,523.0,103.2,930.0
570878,2026-10-06 01:28:28,WAT,0.0,0.0,101.9,783.0
570879,2026-10-06 01:28:28,MAC,4.2,65.0,102.9,980.0
570880,2026-10-06 01:31:29,AIR,1.4,28.0,102.9,1007.0
570881,2026-10-06 01:31:29,ICE,41.5,523.0,103.2,930.0
570882,2026-10-06 01:31:29,WAT,0.0,0.0,101.9,783.0
570883,2026-10-06 01:31:29,MAC,4.2,65.0,102.9,980.0
570884,2026-10-06 01:34:31,AIR,1.4,28.0,102.9,1007.0
570885,2026-10-06 01:34:31,ICE,41.5,523.0,103.2,930.0
570886,2026-10-06 01:34:31,WAT,0.0,0.0,101.9,783.0
570887,2026-10-06 01:34:31,MAC,4.2,65.0,102.9,980.0
570888,2026-10-06 01:37:32,AIR,1.4,28.0,102.9,1007.0
570889,2026-10-06 01:37:32,ICE,41.5,523.0,103.2,930.0
570890,2026-10-06 01:37:32,WAT,0.0,0.0,101.9,783.0
570891,2026-10-06 01:37:32,MAC,4.2,65.0,102.9,980.0
570892,2026-10-06 01:40:33,AIR,1.4,28.0,102.9,1007.0
570893,2026-10-06 01:40:33,ICE,41.5,523.0,103.2,930.0
570894,2026-10-06 01:40:33,WAT,0.0,0.0,101.9,783.0
570895,2026-10-06 01:40:33,MAC,4.2,65.0,102.9,980.0
570896,2026-10-06 01:43:35,AIR,1.4,28.0,102.9,1007.0
570897,2026-10-06 01:43:35,ICE,41.5,523.0,103.2,930.0
570898,2026-10-06 01:43:35,WAT,0.0,0.0,101.9,783.0
570899,2026-10-06 01:43:35,MAC,4.2,65.0,102.9,980.0
570900,2026-10-06 01:46:36,AIR,1.4,28.0,102.9,1007.0
570901,2026-10-06 01:46:36,ICE,41.5,523.0,103.2,930.0
570902,2026-10-06 01:46:36,WAT,0.0,0.0,101.9,783.0
570903,2026-10-06 01:46:36,MAC,4.2,65.0,102.9,980.0
570904,2026-10-06 01:49:37,AIR,1.4,28.0,102.9,1007.0
570905,2026-10-06 01:49:37,ICE,41.5,523.0,103.2,930.0
570906,2026-10-06 01:49:37,WAT,0.0,0.0,101.9,783.0
570907,2026-10-06 01:49:37,MAC,4.2,65.0,102.9,980.0
570908,2026-10-06 01:52:39,AIR,1.4,28.0,102.9,1007.0
570909,2026-10-06 01:52:39,ICE,41.5,523.0,103.2,930.0
570910,2026-10-06 01:52:39,WAT,0.0,0.0,101.9,783.0
570911,2026-10-06 01:52:39,MAC,4.2,65.0,102.9,980.0
570912,2026-10-06 01:55:40,AIR,1.4,28.0,102.9,1007.0
570913,2026-10-06 01:55:40,ICE,41.5,523.0,103.2,930.0
570914,2026-10-06 01:55:40,WAT,0.0,0.0,101.9,783.0
570915,2026-10-06 01:55:40,MAC,4.2,65.0,102.9,980.0
570916,2026-10-06 01:58:41,AIR,1.4,28.0,102.9,1007.0
570917,2026-10-06 01:58:41,ICE,41.5,523.0,103.2,930.0
570918,2026-10-06 01:58:41,WAT,0.0,0.0,101.9,783.0
570919,2026-10-06 01:58:41,MAC,4.2,65.0,102.9,980.0
570920,2026-10-06 02:01:43,AIR,1.4,28.0,102.9,1007.0
570921,2026-10-06 02:01:43,ICE,53.9,688.0,102.9,1019.0
570922,2026-10-06 02:01:43,WAT,0.0,0.0,101.9,783.0
570923,2026-10-06 02:01:43,MAC,4.2,65.0,102.9,980.0
570924,2026-10-06 02:04:44,AIR,1.4,28.0,102.9,1007.0
570925,2026-10-06 02:04:44,ICE,53.9,688.0,102.9,1019.0
570926,2026-10-06 02:04:44,WAT,0.0,0.0,101.9,783.0
570927,2026-10-06 02:04:44,MAC,4.2,65.0,102.9,980.0
570928,2026-10-06 02:07:46,AIR,1.4,28.0,102.9,1007.0
570929,2026-10-06 02:07:46,ICE,64.1,797.0,102.9,1025.0
570930,2026-10-06 02:07:46,WAT,0.0,0.0,101.9,783.0
570931,2026-10-06 02:07:46,MAC,4.2,65.0,102.9,980.0
570932,2026-10-06 02:10:45,AIR,1.4,28.0,102.9,1007.0
570933,2026-10-06 02:10:45,ICE,64.1,797.0,102.9,1025.0
570934,2026-10-06 02:10:45,WAT,0.0,0.0,101.9,783.0
570935,2026-10-06 02:10:45,MAC,4.2,65.0,102.9,980.0
570936,2026-10-06 02:13:46,AIR,1.4,28.0,102.9,1007.0
570937,2026-10-06 02:13:46,ICE,64.1,797.0,102.9,1025.0
570938,2026-10-06 02:13:46,WAT,0.0,0.0,101.9,783.0
570939,2026-10-06 02:13:46,MAC,4.2,65.0,102.9,980.0
570940,2026-10-06 02:16:47,AIR,1.4,28.0,102.9,1007.0
570941,2026-10-06 02:16:47,ICE,64.1,797.0,102.9,1025.0
570942,2026-10-06 02:16:47,WAT,0.0,0.0,101.9,783.0
570943,2026-10-06 02:16:47,MAC,4.2,65.0,102.9,980.0
570944,2026-10-06 02:19:49,AIR,1.4,28.0,102.9,1007.0
570945,2026-10-06 02:19:49,ICE,64.1,797.0,102.9,1025.0
570946,2026-10-06 02:19:49,WAT,0.0,0.0,101.9,783.0
570947,2026-10-06 02:19:49,MAC,4.2,65.0,102.9,980.0
570948,2026-10-06 02:22:50,AIR,1.4,28.0,102.9,1007.0
570949,2026-10-06 02:22:50,ICE,64.1,797.0,102.9,1025.0
570950,2026-10-06 02:22:50,WAT,0.0,0.0,101.9,783.0
570951,2026-10-06 02:22:50,MAC,4.2,65.0,102.9,980.0
570952,2026-10-06 02:25:51,AIR,1.4,28.0,102.9,1007.0
570953,2026-10-06 02:25:51,ICE,64.1,797.0,102.9,1025.0
570954,2026-10-06 02:25:51,WAT,0.0,0.0,101.9,783.0
570955,2026-10-06 02:25:51,MAC,4.2,65.0,102.9,980.0
570956,2026-10-06 02:28:52,AIR,1.4,28.0,102.9,1007.0
570957,2026-10-06 02:28:52,ICE,64.1,797.0,102.9,1025.0
570958,2026-10-06 02:28:52,WAT,0.0,0.0,101.9,783.0
570959,2026-10-06 02:28:52,MAC,4.2,65.0,102.9,980.0
570960,2026-10-06 02:31:54,AIR,1.4,28.0,102.9,1007.0
570961,2026-10-06 02:31:54,ICE,64.1,797.0,102.9,1025.0
570962,2026-10-06 02:31:54,WAT,0.0,0.0,101.9,783.0
570963,2026-10-06 02:31:54,MAC,4.2,65.0,102.9,980.0
570964,2026-10-06 02:34:55,AIR,1.4,28.0,102.9,1007.0
570965,2026-10-06 02:34:55,ICE,64.1,797.0,102.9,1025.0
570966,2026-10-06 02:34:55,WAT,0.0,0.0,101.9,783.0
570967,2026-10-06 02:34:55,MAC,4.2,65.0,102.9,980.0
570968,2026-10-06 02:37:57,AIR,1.4,28.0,102.9,1007.0
570969,2026-10-06 02:37:57,ICE,64.1,797.0,102.9,1025.0
570970,2026-10-06 02:37:57,WAT,0.0,0.0,101.9,783.0
570971,2026-10-06 02:37:57,MAC,4.2,65.0,102.9,980.0
570972,2026-10-06 02:40:58,AIR,1.4,28.0,102.9,1007.0
570973,2026-10-06 02:40:58,ICE,64.1,797.0,102.9,1025.0
570974,2026-10-06 02:40:58,WAT,0.0,0.0,101.9,783.0
570975,2026-10-06 02:40:58,MAC,4.2,65.0,102.9,980.0
570976,2026-10-06 02:44:01,AIR,1.4,28.0,102.9,1007.0
570977,2026-10-06 02:44:01,ICE,1.5,29.0,103.3,1061.0
570978,2026-10-06 02:44:01,WAT,0.0,0.0,101.9,783.0
570979,2026-10-06 02:44:01,MAC,4.2,65.0,102.9,980.0
570980,2026-10-06 02:47:03,AIR,1.4,28.0,102.9,1007.0
570981,2026-10-06 02:47:03,ICE,1.5,29.0,103.3,1061.0
570982,2026-10-06 02:47:03,WAT,0.0,0.0,101.9,783.0
570983,2026-10-06 02:47:03,MAC,4.2,65.0,102.9,980.0
570984,2026-10-06 02:50:05,AIR,1.4,28.0,102.9,1007.0
570985,2026-10-06 02:50:05,ICE,1.5,29.0,103.3,1061.0
570986,2026-10-06 02:50:05,WAT,0.0,0.0,101.9,783.0
570987,2026-10-06 02:50:05,MAC,4.2,65.0,102.9,980.0
570988,2026-10-06 02:53:06,AIR,1.4,28.0,102.9,1007.0
570989,2026-10-06 02:53:06,ICE,1.5,29.0,103.3,1061.0
570990,2026-10-06 02:53:06,WAT,0.0,0.0,101.9,783.0
570991,2026-10-06 02:53:06,MAC,4.2,65.0,102.9,980.0
570992,2026-10-06 02:56:08,AIR,1.4,28.0,102.9,1007.0
570993,2026-10-06 02:56:08,ICE,50.6,649.0,102.9,1075.0
570994,2026-10-06 02:56:08,WAT,0.0,0.0,101.9,783.0
570995,2026-10-06 02:56:08,MAC,4.2,65.0,102.9,980.0
570996,2026-10-06 02:59:09,AIR,1.4,28.0,102.9,1007.0
570997,2026-10-06 02:59:09,ICE,39.0,492.0,102.9,1076.0
570998,2026-10-06 02:59:09,WAT,0.0,0.0,101.9,783.0
570999,2026-10-06 02:59:09,MAC,4.2,65.0,102.9,980.0
571000,2026-10-06 03:02:10,AIR,1.4,28.0,102.9,1007.0
571001,2026-10-06 03:02:10,ICE,39.0,492.0,102.9,1076.0
571002,2026-10-06 03:02:10,WAT,0.0,0.0,101.9,783.0
571003,2026-10-06 03:02:10,MAC,4.2,65.0,102.9,980.0
571004,2026-10-06 03:05:12,AIR,1.4,28.0,102.9,1007.0
571005,2026-10-06 03:05:12,ICE,39.0,492.0,102.9,1076.0
571006,2026-10-06 03:05:12,WAT,0.0,0.0,101.9,783.0
571007,2026-10-06 03:05:12,MAC,4.2,65.0,102.9,980.0
571008,2026-10-06 03:08:13,AIR,1.4,28.0,102.9,1007.0
571009,2026-10-06 03:08:13,ICE,39.0,492.0,102.9,1076.0
571010,2026-10-06 03:08:13,WAT,0.0,0.0,101.9,783.0
571011,2026-10-06 03:08:13,MAC,4.2,65.0,102.9,980.0
571012,2026-10-06 03:11:14,AIR,1.4,28.0,102.9,1007.0
571013,2026-10-06 03:11:14,ICE,39.0,492.0,102.9,1076.0
571014,2026-10-06 03:11:14,WAT,0.0,0.0,101.9,783.0
571015,2026-10-06 03:11:14,MAC,4.2,65.0,102.9,980.0
571016,2026-10-06 03:14:13,AIR,1.4,28.0,102.9,1007.0
571017,2026-10-06 03:14:13,ICE,39.0,492.0,102.9,1076.0
571018,2026-10-06 03:14:13,WAT,0.0,0.0,101.9,783.0
571019,2026-10-06 03:14:13,MAC,4.2,65.0,102.9,980.0
571020,2026-10-06 03:17:14,AIR,1.4,28.0,102.9,1007.0
571021,2026-10-06 03:17:14,ICE,39.0,492.0,102.9,1076.0
571022,2026-10-06 03:17:14,WAT,0.0,0.0,101.9,783.0
571023,2026-10-06 03:17:14,MAC,4.2,65.0,102.9,980.0
571024,2026-10-06 03:20:15,AIR,1.4,28.0,102.9,1007.0
571025,2026-10-06 03:20:15,ICE,39.0,492.0,102.9,1076.0
571026,2026-10-06 03:20:15,WAT,0.0,0.0,101.9,783.0
571027,2026-10-06 03:20:15,MAC,4.2,65.0,102.9,980.0
571028,2026-10-06 03:23:17,AIR,1.4,28.0,102.9,1007.0
571029,2026-10-06 03:23:17,ICE,39.0,492.0,102.9,1076.0
571030,2026-10-06 03:23:17,WAT,0.0,0.0,101.9,783.0
571031,2026-10-06 03:23:17,MAC,4.2,65.0,102.9,980.0
571032,2026-10-06 03:26:18,AIR,1.4,28.0,102.9,1007.0
571033,2026-10-06 03:26:18,ICE,39.0,492.0,102.9,1076.0
571034,2026-10-06 03:26:18,WAT,0.0,0.0,101.9,783.0
571035,2026-10-06 03:26:18,MAC,4.2,65.0,102.9,980.0
571036,2026-10-06 03:29:20,AIR,1.4,28.0,102.9,1007.0
571037,2026-10-06 03:29:20,ICE,39.0,492.0,102.9,1076.0
571038,2026-10-06 03:29:20,WAT,0.0,0.0,101.9,783.0
571039,2026-10-06 03:29:20,MAC,4.2,65.0,102.9,980.0
571040,2026-10-06 03:32:21,AIR,1.4,28.0,102.9,1007.0
571041,2026-10-06 03:32:21,ICE,39.0,492.0,102.9,1076.0
571042,2026-10-06 03:32:21,WAT,0.0,0.0,101.9,783.0
571043,2026-10-06 03:32:21,MAC,4.2,65.0,102.9,980.0
571044,2026-10-06 03:35:22,AIR,1.4,28.0,102.9,1007.0
571045,2026-10-06 03:35:22,ICE,39.0,492.0,102.9,1076.0
571046,2026-10-06 03:35:22,WAT,0.0,0.0,101.9,783.0
571047,2026-10-06 03:35:22,MAC,4.2,65.0,102.9,980.0
571048,2026-10-06 03:38:24,AIR,1.4,28.0,102.9,1007.0
571049,2026-10-06 03:38:24,ICE,39.0,492.0,102.9,1076.0
571050,2026-10-06 03:38:24,WAT,0.0,0.0,101.9,783.0
571051,2026-10-06 03:38:24,MAC,4.2,65.0,102.9,980.0
571052,2026-10-06 03:41:25,AIR,1.4,28.0,102.9,1007.0
571053,2026-10-06 03:41:25,ICE,39.0,492.0,102.9,1076.0
571054,2026-10-06 03:41:25,WAT,0.0,0.0,101.9,783.0
571055,2026-10-06 03:41:25,MAC,4.2,65.0,102.9,980.0
571056,2026-10-06 03:44:26,AIR,1.4,28.0,102.9,1007.0
571057,2026-10-06 03:44:26,ICE,39.0,492.0,102.9,1076.0
571058,2026-10-06 03:44:26,WAT,0.0,0.0,101.9,783.0
571059,2026-10-06 03:44:26,MAC,4.2,65.0,102.9,980.0
571060,2026-10-06 03:47:27,AIR,1.4,28.0,102.9,1007.0
571061,2026-10-06 03:47:27,ICE,39.0,492.0,102.9,1076.0
571062,2026-10-06 03:47:27,WAT,0.0,0.0,101.9,783.0
571063,2026-10-06 03:47:27,MAC,4.2,65.0,102.9,980.0
571064,2026-10-06 03:50:29,AIR,1.4,28.0,102.9,1007.0
571065,2026-10-06 03:50:29,ICE,39.0,492.0,102.9,1076.0
571066,2026-10-06 03:50:29,WAT,0.0,0.0,101.9,783.0
571067,2026-10-06 03:50:29,MAC,4.2,65.0,102.9,980.0
571068,2026-10-06 03:53:30,AIR,1.4,28.0,102.9,1007.0
571069,2026-10-06 03:53:30,ICE,39.0,492.0,102.9,1076.0
571070,2026-10-06 03:53:30,WAT,0.0,0.0,101.9,783.0
571071,2026-10-06 03:53:30,MAC,4.2,65.0,102.9,980.0
571072,2026-10-06 03:56:31,AIR,1.4,28.0,102.9,1007.0
571073,2026-10-06 03:56:31,ICE,39.0,492.0,102.9,1076.0
571074,2026-10-06 03:56:31,WAT,0.0,0.0,101.9,783.0
571075,2026-10-06 03:56:31,MAC,4.2,65.0,102.9,980.0
571076,2026-10-06 03:59:32,AIR,1.4,28.0,102.9,1007.0
571077,2026-10-06 03:59:32,ICE,39.0,492.0,102.9,1076.0
571078,2026-10-06 03:59:32,WAT,0.0,0.0,101.9,783.0
571079,2026-10-06 03:59:32,MAC,4.2,65.0,102.9,980.0
571080,2026-10-06 04:02:34,AIR,1.4,28.0,102.9,1007.0
571081,2026-10-06 04:02:34,ICE,39.0,492.0,102.9,1076.0
571082,2026-10-06 04:02:34,WAT,0.0,0.0,101.9,783.0
571083,2026-10-06 04:02:34,MAC,4.2,65.0,102.9,980.0
571084,2026-10-06 04:05:35,AIR,1.4,28.0,102.9,1007.0
571085,2026-10-06 04:05:35,ICE,39.0,492.0,102.9,1076.0
571086,2026-10-06 04:05:35,WAT,0.0,0.0,101.9,783.0
571087,2026-10-06 04:05:35,MAC,4.2,65.0,102.9,980.0
571088,2026-10-06 04:08:36,AIR,1.4,28.0,102.9,1007.0
571089,2026-10-06 04:08:36,ICE,39.0,492.0,102.9,1076.0
571090,2026-10-06 04:08:36,WAT,0.0,0.0,101.9,783.0
571091,2026-10-06 04:08:36,MAC,4.2,65.0,102.9,980.0
571092,2026-10-06 04:11:37,AIR,1.4,28.0,102.9,1007.0
571093,2026-10-06 04:11:37,ICE,39.0,492.0,102.9,1076.0
571094,2026-10-06 04:11:37,WAT,0.0,0.0,101.9,783.0
571095,2026-10-06 04:11:37,MAC,4.2,65.0,102.9,980.0
571096,2026-10-06 04:14:38,AIR,1.4,28.0,102.9,1007.0
571097,2026-10-06 04:14:38,ICE,39.0,492.0,102.9,1076.0
571098,2026-10-06 04:14:38,WAT,0.0,0.0,101.9,783.0
571099,2026-10-06 04:14:38,MAC,4.2,65.0,102.9,980.0
571100,2026-10-06 04:17:40,AIR,1.4,28.0,102.9,1007.0
571101,2026-10-06 04:17:40,ICE,39.0,492.0,102.9,1076.0
571102,2026-10-06 04:17:40,WAT,0.0,0.0,101.9,783.0
571103,2026-10-06 04:17:40,MAC,4.2,65.0,102.9,980.0
571104,2026-10-06 04:20:41,AIR,1.4,28.0,102.9,1007.0
571105,2026-10-06 04:20:41,ICE,39.0,492.0,102.9,1076.0
571106,2026-10-06 04:20:41,WAT,0.0,0.0,101.9,783.0
571107,2026-10-06 04:20:41,MAC,4.2,65.0,102.9,980.0
571108,2026-10-06 04:23:42,AIR,1.4,28.0,102.9,1007.0
571109,2026-10-06 04:23:42,ICE,39.0,492.0,102.9,1076.0
571110,2026-10-06 04:23:42,WAT,0.0,0.0,101.9,783.0
571111,2026-10-06 04:23:42,MAC,4.2,65.0,102.9,980.0
571112,2026-10-06 04:26:44,AIR,1.4,28.0,102.9,1007.0
571113,2026-10-06 04:26:44,ICE,51.9,662.0,102.9,1165.0
571114,2026-10-06 04:26:44,WAT,0.0,0.0,101.9,783.0
571115,2026-10-06 04:26:44,MAC,4.2,65.0,102.9,980.0
571116,2026-10-06 04:29:45,AIR,1.4,28.0,102.9,1007.0
571117,2026-10-06 04:29:45,ICE,51.9,662.0,102.9,1165.0
571118,2026-10-06 04:29:45,WAT,0.0,0.0,101.9,783.0
571119,2026-10-06 04:29:45,MAC,4.2,65.0,102.9,980.0
571120,2026-10-06 04:32:46,AIR,1.4,28.0,102.9,1007.0
571121,2026-10-06 04:32:46,ICE,51.9,662.0,102.9,1165.0
571122,2026-10-06 04:32:46,WAT,0.0,0.0,101.9,783.0
571123,2026-10-06 04:32:46,MAC,4.2,65.0,102.9,980.0
571124,2026-10-06 04:35:49,AIR,1.4,28.0,102.9,1007.0
571125,2026-10-06 04:35:49,ICE,51.9,662.0,102.9,1165.0
571126,2026-10-06 04:35:49,WAT,0.0,0.0,101.9,783.0
571127,2026-10-06 04:35:49,MAC,4.2,65.0,102.9,980.0
571128,2026-10-06 04:38:51,AIR,1.4,28.0,102.9,1007.0
571129,2026-10-06 04:38:51,ICE,1.7,29.0,102.9,1177.0
571130,2026-10-06 04:38:51,WAT,0.0,0.0,101.9,783.0
571131,2026-10-06 04:38:51,MAC,4.2,65.0,102.9,980.0
571132,2026-10-06 04:41:52,AIR,1.4,28.0,102.9,1007.0
571133,2026-10-06 04:41:52,ICE,1.7,29.0,102.9,1177.0
571134,2026-10-06 04:41:52,WAT,0.0,0.0,101.9,783.0
571135,2026-10-06 04:41:52,MAC,4.2,65.0,102.9,980.0
571136,2026-10-06 04:44:53,AIR,1.4,28.0,102.9,1007.0
571137,2026-10-06 04:44:53,ICE,1.7,29.0,102.9,1177.0
571138,2026-10-06 04:44:53,WAT,0.0,0.0,101.9,783.0
571139,2026-10-06 04:44:53,MAC,4.2,65.0,102.9,980.0
571140,2026-10-06 04:47:54,AIR,1.4,28.0,102.9,1007.0
571141,2026-10-06 04:47:54,ICE,1.7,29.0,102.9,1177.0
571142,2026-10-06 04:47:54,WAT,0.0,0.0,101.9,783.0
571143,2026-10-06 04:47:54,MAC,4.2,65.0,102.9,980.0
571144,2026-10-06 04:50:56,AIR,1.4,28.0,102.9,1007.0
571145,2026-10-06 04:50:56,ICE,1.7,29.0,102.9,1177.0
571146,2026-10-06 04:50:56,WAT,0.0,0.0,101.9,783.0
571147,2026-10-06 04:50:56,MAC,4.2,65.0,102.9,980.0
571148,2026-10-06 04:53:57,AIR,1.4,28.0,102.9,1007.0
571149,2026-10-06 04:53:57,ICE,38.4,485.0,102.8,1192.0
571150,2026-10-06 04:53:57,WAT,0.0,0.0,101.9,783.0
571151,2026-10-06 04:53:57,MAC,4.2,65.0,102.9,980.0
571152,2026-10-06 04:56:59,AIR,1.4,28.0,102.9,1007.0
571153,2026-10-06 04:56:59,ICE,38.4,485.0,102.8,1192.0
571154,2026-10-06 04:56:59,WAT,0.0,0.0,101.9,783.0
571155,2026-10-06 04:56:59,MAC,4.2,65.0,102.9,980.0
571156,2026-10-06 05:00:00,AIR,1.4,28.0,102.9,1007.0
571157,2026-10-06 05:00:00,ICE,38.4,485.0,102.8,1192.0
571158,2026-10-06 05:00:00,WAT,0.0,0.0,101.9,783.0
571159,2026-10-06 05:00:00,MAC,4.2,65.0,102.9,980.0
571160,2026-10-06 05:03:44,AIR,1.4,28.0,102.9,1007.0
571161,2026-10-06 05:03:44,ICE,38.4,485.0,102.8,1192.0
571162,2026-10-06 05:03:44,WAT,0.0,0.0,101.9,783.0
571163,2026-10-06 05:03:44,MAC,4.2,65.0,102.9,980.0
571164,2026-10-06 05:06:45,AIR,1.4,28.0,102.9,1007.0
571165,2026-10-06 05:06:45,ICE,38.4,485.0,102.8,1192.0
571166,2026-10-06 05:06:45,WAT,0.0,0.0,101.9,783.0
571167,2026-10-06 05:06:45,MAC,4.2,65.0,102.9,980.0
571168,2026-10-06 05:09:46,AIR,1.4,28.0,102.9,1007.0
571169,2026-10-06 05:09:46,ICE,38.4,485.0,102.8,1192.0
571170,2026-10-06 05:09:46,WAT,0.0,0.0,101.9,783.0
571171,2026-10-06 05:09:46,MAC,4.2,65.0,102.9,980.0
571172,2026-10-06 05:12:48,AIR,1.4,28.0,102.9,1007.0
571173,2026-10-06 05:12:48,ICE,38.4,485.0,102.8,1192.0
571174,2026-10-06 05:12:48,WAT,0.0,0.0,101.9,783.0
571175,2026-10-06 05:12:48,MAC,4.2,65.0,102.9,980.0
571176,2026-10-06 05:15:49,AIR,1.4,28.0,102.9,1007.0
571177,2026-10-06 05:15:49,ICE,38.4,485.0,102.8,1192.0
571178,2026-10-06 05:15:49,WAT,0.0,0.0,101.9,783.0
571179,2026-10-06 05:15:49,MAC,4.2,65.0,102.9,980.0
571180,2026-10-06 05:18:50,AIR,1.4,28.0,102.9,1007.0
571181,2026-10-06 05:18:50,ICE,38.4,485.0,102.8,1192.0
571182,2026-10-06 05:18:50,WAT,0.0,0.0,101.9,783.0
571183,2026-10-06 05:18:50,MAC,4.2,65.0,102.9,980.0
571184,2026-10-06 05:21:51,AIR,1.4,28.0,102.9,1007.0
571185,2026-10-06 05:21:51,ICE,38.4,485.0,102.8,1192.0
571186,2026-10-06 05:21:51,WAT,0.0,0.0,101.9,783.0
571187,2026-10-06 05:21:51,MAC,4.2,65.0,102.9,980.0
571188,2026-10-06 05:24:53,AIR,1.4,28.0,102.9,1007.0
571189,2026-10-06 05:24:53,ICE,38.4,485.0,102.8,1192.0
571190,2026-10-06 05:24:53,WAT,0.0,0.0,101.9,783.0
571191,2026-10-06 05:24:53,MAC,4.2,65.0,102.9,980.0
571192,2026-10-06 05:27:54,AIR,1.4,28.0,102.9,1007.0
571193,2026-10-06 05:27:54,ICE,38.4,485.0,102.8,1192.0
571194,2026-10-06 05:27:54,WAT,0.0,0.0,101.9,783.0
571195,2026-10-06 05:27:54,MAC,4.2,65.0,102.9,980.0
571196,2026-10-06 05:30:55,AIR,1.4,28.0,102.9,1007.0
571197,2026-10-06 05:30:55,ICE,38.4,485.0,102.8,1192.0
571198,2026-10-06 05:30:55,WAT,0.0,0.0,101.9,783.0
571199,2026-10-06 05:30:55,MAC,4.2,65.0,102.9,980.0
571200,2026-10-06 05:33:57,AIR,1.4,28.0,102.9,1007.0
571201,2026-10-06 05:33:57,ICE,38.4,485.0,102.8,1192.0
571202,2026-10-06 05:33:57,WAT,0.0,0.0,101.9,783.0
571203,2026-10-06 05:33:57,MAC,4.2,65.0,102.9,980.0
571204,2026-10-06 05:36:58,AIR,1.4,28.0,102.9,1007.0
571205,2026-10-06 05:36:58,ICE,38.4,485.0,102.8,1192.0
571206,2026-10-06 05:36:58,WAT,0.0,0.0,101.9,783.0
571207,2026-10-06 05:36:58,MAC,4.2,65.0,102.9,980.0
571208,2026-10-06 05:39:59,AIR,1.4,28.0,102.9,1007.0
571209,2026-10-06 05:39:59,ICE,38.4,485.0,102.8,1192.0
571210,2026-10-06 05:39:59,WAT,0.0,0.0,101.9,783.0
571211,2026-10-06 05:39:59,MAC,4.2,65.0,102.9,980.0
571212,2026-10-06 05:43:01,AIR,1.4,28.0,102.9,1007.0
571213,2026-10-06 05:43:01,ICE,38.4,485.0,102.8,1192.0
571214,2026-10-06 05:43:01,WAT,0.0,0.0,101.9,783.0
571215,2026-10-06 05:43:01,MAC,4.2,65.0,102.9,980.0
571216,2026-10-06 05:46:02,AIR,1.4,28.0,102.9,1007.0
571217,2026-10-06 05:46:02,ICE,38.4,485.0,102.8,1192.0
571218,2026-10-06 05:46:02,WAT,0.0,0.0,101.9,783.0
571219,2026-10-06 05:46:02,MAC,4.2,65.0,102.9,980.0
571220,2026-10-06 05:49:04,AIR,1.4,28.0,102.9,1007.0
571221,2026-10-06 05:49:04,ICE,38.4,485.0,102.8,1192.0
571222,2026-10-06 05:49:04,WAT,0.0,0.0,101.9,783.0
571223,2026-10-06 05:49:04,MAC,4.2,65.0,102.9,980.0
571224,2026-10-06 05:52:05,AIR,1.4,28.0,102.9,1007.0
571225,2026-10-06 05:52:05,ICE,38.4,485.0,102.8,1192.0
571226,2026-10-06 05:52:05,WAT,0.0,0.0,101.9,783.0
571227,2026-10-06 05:52:05,MAC,4.2,65.0,102.9,980.0
571228,2026-10-06 05:55:07,AIR,1.4,28.0,102.9,1007.0
571229,2026-10-06 05:55:07,ICE,38.4,485.0,102.8,1192.0
571230,2026-10-06 05:55:07,WAT,0.0,0.0,101.9,783.0
571231,2026-10-06 05:55:07,MAC,4.2,65.0,102.9,980.0
571232,2026-10-06 05:58:08,AIR,1.4,28.0,102.9,1007.0
571233,2026-10-06 05:58:08,ICE,38.4,485.0,102.8,1192.0
571234,2026-10-06 05:58:08,WAT,0.0,0.0,101.9,783.0
571235,2026-10-06 05:58:08,MAC,4.2,65.0,102.9,980.0
571236,2026-10-06 06:01:09,AIR,1.4,28.0,102.9,1007.0
571237,2026-10-06 06:01:09,ICE,38.4,485.0,102.8,1192.0
571238,2026-10-06 06:01:09,WAT,0.0,0.0,101.9,783.0
571239,2026-10-06 06:01:09,MAC,4.2,65.0,102.9,980.0
571240,2026-10-06 06:04:21,AIR,1.4,28.0,102.9,1007.0
571241,2026-10-06 06:04:21,ICE,38.4,485.0,102.8,1192.0
571242,2026-10-06 06:04:21,WAT,0.0,0.0,101.9,783.0
571243,2026-10-06 06:04:21,MAC,4.2,65.0,102.9,980.0
571244,2026-10-06 06:07:22,AIR,1.4,28.0,102.9,1007.0
571245,2026-10-06 06:07:22,ICE,38.4,485.0,102.8,1192.0
571246,2026-10-06 06:07:22,WAT,0.0,0.0,101.9,783.0
571247,2026-10-06 06:07:22,MAC,4.2,65.0,102.9,980.0
571248,2026-10-06 06:10:25,AIR,1.4,28.0,102.9,1007.0
571249,2026-10-06 06:10:25,ICE,38.4,485.0,102.8,1192.0
571250,2026-10-06 06:10:25,WAT,0.0,0.0,101.9,783.0
571251,2026-10-06 06:10:25,MAC,4.2,65.0,102.9,980.0
571252,2026-10-06 06:13:27,AIR,1.4,28.0,102.9,1007.0
571253,2026-10-06 06:13:27,ICE,38.4,485.0,102.8,1192.0
571254,2026-10-06 06:13:27,WAT,0.0,0.0,101.9,783.0
571255,2026-10-06 06:13:27,MAC,4.2,65.0,102.9,980.0
571256,2026-10-06 06:16:28,AIR,1.4,28.0,102.9,1007.0
571257,2026-10-06 06:16:28,ICE,38.4,485.0,102.8,1192.0
571258,2026-10-06 06:16:28,WAT,0.0,0.0,101.9,783.0
571259,2026-10-06 06:16:28,MAC,4.2,65.0,102.9,980.0
571260,2026-10-06 06:19:29,AIR,1.4,28.0,102.9,1007.0
571261,2026-10-06 06:19:29,ICE,38.4,485.0,102.8,1192.0
571262,2026-10-06 06:19:29,WAT,0.0,0.0,101.9,783.0
571263,2026-10-06 06:19:29,MAC,4.2,65.0,102.9,980.0
571264,2026-10-06 06:22:30,AIR,1.4,28.0,102.9,1007.0
571265,2026-10-06 06:22:30,ICE,61.7,777.0,103.7,1281.0
571266,2026-10-06 06:22:30,WAT,0.0,0.0,101.9,783.0
571267,2026-10-06 06:22:30,MAC,4.2,65.0,102.9,980.0
571268,2026-10-06 06:25:32,AIR,1.4,28.0,102.9,1007.0
571269,2026-10-06 06:25:32,ICE,61.7,777.0,103.7,1281.0
571270,2026-10-06 06:25:32,WAT,0.0,0.0,101.9,783.0
571271,2026-10-06 06:25:32,MAC,4.2,65.0,102.9,980.0
571272,2026-10-06 06:28:33,AIR,1.4,28.0,102.9,1007.0
571273,2026-10-06 06:28:33,ICE,61.7,777.0,103.7,1281.0
571274,2026-10-06 06:28:33,WAT,0.0,0.0,101.9,783.0
571275,2026-10-06 06:28:33,MAC,4.2,65.0,102.9,980.0
571276,2026-10-06 06:31:35,AIR,1.4,28.0,102.9,1007.0
571277,2026-10-06 06:31:35,ICE,61.7,777.0,103.7,1281.0
571278,2026-10-06 06:31:35,WAT,0.0,0.0,101.9,783.0
571279,2026-10-06 06:31:35,MAC,4.2,65.0,102.9,980.0
571280,2026-10-06 06:34:36,AIR,1.4,28.0,102.9,1007.0
571281,2026-10-06 06:34:36,ICE,61.7,777.0,103.7,1281.0
571282,2026-10-06 06:34:36,WAT,0.0,0.0,101.9,783.0
571283,2026-10-06 06:34:36,MAC,4.2,65.0,102.9,980.0
571284,2026-10-06 06:37:39,AIR,1.4,28.0,102.9,1007.0
571285,2026-10-06 06:37:39,ICE,61.7,777.0,103.7,1281.0
571286,2026-10-06 06:37:39,WAT,0.0,0.0,101.9,783.0
571287,2026-10-06 06:37:39,MAC,4.2,65.0,102.9,980.0
571288,2026-10-06 06:40:41,AIR,1.4,28.0,102.9,1007.0
571289,2026-10-06 06:40:41,ICE,61.7,777.0,103.7,1281.0
571290,2026-10-06 06:40:41,WAT,0.0,0.0,101.9,783.0
571291,2026-10-06 06:40:41,MAC,4.2,65.0,102.9,980.0
571292,2026-10-06 06:43:42,AIR,1.4,28.0,102.9,1007.0
571293,2026-10-06 06:43:42,ICE,1.4,29.0,103.3,1303.0
571294,2026-10-06 06:43:42,WAT,0.0,0.0,101.9,783.0
571295,2026-10-06 06:43:42,MAC,4.2,65.0,102.9,980.0
571296,2026-10-06 06:46:43,AIR,1.4,28.0,102.9,1007.0
571297,2026-10-06 06:46:43,ICE,1.4,29.0,103.3,1303.0
571298,2026-10-06 06:46:43,WAT,0.0,0.0,101.9,783.0
571299,2026-10-06 06:46:43,MAC,4.2,65.0,102.9,980.0
571300,2026-10-06 06:49:44,AIR,1.4,28.0,102.9,1007.0
571301,2026-10-06 06:49:44,ICE,1.4,29.0,103.3,1303.0
571302,2026-10-06 06:49:44,WAT,0.0,0.0,101.9,783.0
571303,2026-10-06 06:49:44,MAC,4.2,65.0,102.9,980.0
571304,2026-10-06 06:52:46,AIR,1.4,28.0,102.9,1007.0
571305,2026-10-06 06:52:46,ICE,1.4,29.0,103.3,1303.0
571306,2026-10-06 06:52:46,WAT,0.0,0.0,101.9,783.0
571307,2026-10-06 06:52:46,MAC,4.2,65.0,102.9,980.0
571308,2026-10-06 06:55:48,AIR,1.4,28.0,102.9,1007.0
571309,2026-10-06 06:55:48,ICE,1.4,29.0,103.3,1303.0
571310,2026-10-06 06:55:48,WAT,0.0,0.0,101.9,783.0
571311,2026-10-06 06:55:48,MAC,4.2,65.0,102.9,980.0
571312,2026-10-06 06:58:49,AIR,1.4,28.0,102.9,1007.0
571313,2026-10-06 06:58:49,ICE,51.4,663.0,102.9,1318.0
571314,2026-10-06 06:58:49,WAT,0.0,0.0,101.9,783.0
571315,2026-10-06 06:58:49,MAC,4.2,65.0,102.9,980.0
571316,2026-10-06 07:01:51,AIR,1.4,28.0,102.9,1007.0
571317,2026-10-06 07:01:51,ICE,39.0,489.0,102.9,1319.0
571318,2026-10-06 07:01:51,WAT,0.0,0.0,101.9,783.0
571319,2026-10-06 07:01:51,MAC,4.2,65.0,102.9,980.0
571320,2026-10-06 07:04:52,AIR,1.4,28.0,102.9,1007.0
571321,2026-10-06 07:04:52,ICE,39.0,489.0,102.9,1319.0
571322,2026-10-06 07:04:52,WAT,0.0,0.0,101.9,783.0
571323,2026-10-06 07:04:52,MAC,4.2,65.0,102.9,980.0
571324,2026-10-06 07:07:53,AIR,1.4,28.0,102.9,1007.0
571325,2026-10-06 07:07:53,ICE,39.0,489.0,102.9,1319.0
571326,2026-10-06 07:07:53,WAT,0.0,0.0,101.9,783.0
571327,2026-10-06 07:07:53,MAC,4.2,65.0,102.9,980.0
571328,2026-10-06 07:10:55,AIR,1.4,28.0,102.9,1007.0
571329,2026-10-06 07:10:55,ICE,39.0,489.0,102.9,1319.0
571330,2026-10-06 07:10:55,WAT,0.0,0.0,101.9,783.0
571331,2026-10-06 07:10:55,MAC,4.2,65.0,102.9,980.0
571332,2026-10-06 07:13:56,AIR,1.4,28.0,102.9,1007.0
571333,2026-10-06 07:13:56,ICE,39.0,489.0,102.9,1319.0
571334,2026-10-06 07:13:56,WAT,0.0,0.0,101.9,783.0
571335,2026-10-06 07:13:56,MAC,4.2,65.0,102.9,980.0
571336,2026-10-06 07:16:57,AIR,1.4,28.0,102.9,1007.0
571337,2026-10-06 07:16:57,ICE,39.0,489.0,102.9,1319.0
571338,2026-10-06 07:16:57,WAT,0.0,0.0,101.9,783.0
571339,2026-10-06 07:16:57,MAC,4.2,65.0,102.9,980.0
571340,2026-10-06 07:19:58,AIR,1.4,28.0,102.9,1007.0
571341,2026-10-06 07:19:58,ICE,39.0,489.0,102.9,1319.0
571342,2026-10-06 07:19:58,WAT,0.0,0.0,101.9,783.0
571343,2026-10-06 07:19:58,MAC,4.2,65.0,102.9,980.0
571344,2026-10-06 07:22:59,AIR,1.4,28.0,102.9,1007.0
571345,2026-10-06 07:22:59,ICE,39.0,489.0,102.9,1319.0
571346,2026-10-06 07:22:59,WAT,0.0,0.0,101.9,783.0
571347,2026-10-06 07:22:59,MAC,4.2,65.0,102.9,980.0
571348,2026-10-06 07:26:01,AIR,1.4,28.0,102.9,1007.0
571349,2026-10-06 07:26:01,ICE,39.0,489.0,102.9,1319.0
571350,2026-10-06 07:26:01,WAT,0.0,0.0,101.9,783.0
571351,2026-10-06 07:26:01,MAC,4.2,65.0,102.9,980.0
571352,2026-10-06 07:29:02,AIR,1.4,28.0,102.9,1007.0
571353,2026-10-06 07:29:02,ICE,39.0,489.0,102.9,1319.0
571354,2026-10-06 07:29:02,WAT,0.0,0.0,101.9,783.0
571355,2026-10-06 07:29:02,MAC,4.2,65.0,102.9,980.0
571356,2026-10-06 07:32:04,AIR,1.4,28.0,102.9,1007.0
571357,2026-10-06 07:32:04,ICE,39.0,489.0,102.9,1319.0
571358,2026-10-06 07:32:04,WAT,0.0,0.0,101.9,783.0
571359,2026-10-06 07:32:04,MAC,4.2,65.0,102.9,980.0
571360,2026-10-06 07:35:06,AIR,1.4,28.0,102.9,1007.0
571361,2026-10-06 07:35:06,ICE,39.0,489.0,102.9,1319.0
571362,2026-10-06 07:35:06,WAT,0.0,0.0,101.9,783.0
571363,2026-10-06 07:35:06,MAC,4.2,65.0,102.9,980.0
571364,2026-10-06 07:38:07,AIR,1.4,28.0,102.9,1007.0
571365,2026-10-06 07:38:07,ICE,39.0,489.0,102.9,1319.0
571366,2026-10-06 07:38:07,WAT,0.0,0.0,101.9,783.0
571367,2026-10-06 07:38:07,MAC,4.2,65.0,102.9,980.0
571368,2026-10-06 07:41:08,AIR,1.4,28.0,102.9,1007.0
571369,2026-10-06 07:41:08,ICE,39.0,489.0,102.9,1319.0
571370,2026-10-06 07:41:08,WAT,0.0,0.0,101.9,783.0
571371,2026-10-06 07:41:08,MAC,4.2,65.0,102.9,980.0
571372,2026-10-06 07:44:10,AIR,1.4,28.0,102.9,1007.0
571373,2026-10-06 07:44:10,ICE,39.0,489.0,102.9,1319.0
571374,2026-10-06 07:44:10,WAT,0.0,0.0,101.9,783.0
571375,2026-10-06 07:44:10,MAC,4.2,65.0,102.9,980.0
571376,2026-10-06 07:47:11,AIR,1.4,28.0,102.9,1007.0
571377,2026-10-06 07:47:11,ICE,39.0,489.0,102.9,1319.0
571378,2026-10-06 07:47:11,WAT,0.0,0.0,101.9,783.0
571379,2026-10-06 07:47:11,MAC,4.2,65.0,102.9,980.0
571380,2026-10-06 07:50:13,AIR,1.4,28.0,102.9,1007.0
571381,2026-10-06 07:50:13,ICE,39.0,489.0,102.9,1319.0
571382,2026-10-06 07:50:13,WAT,0.0,0.0,101.9,783.0
571383,2026-10-06 07:50:13,MAC,4.2,65.0,102.9,980.0
571384,2026-10-06 07:53:14,AIR,1.4,28.0,102.9,1007.0
571385,2026-10-06 07:53:14,ICE,39.0,489.0,102.9,1319.0
571386,2026-10-06 07:53:14,WAT,0.0,0.0,101.9,783.0
571387,2026-10-06 07:53:14,MAC,4.2,65.0,102.9,980.0
571388,2026-10-06 07:56:15,AIR,1.4,28.0,102.9,1007.0
571389,2026-10-06 07:56:15,ICE,39.0,489.0,102.9,1319.0
571390,2026-10-06 07:56:15,WAT,0.0,0.0,101.9,783.0
571391,2026-10-06 07:56:15,MAC,4.2,65.0,102.9,980.0
571392,2026-10-06 07:59:17,AIR,1.4,28.0,102.9,1007.0
571393,2026-10-06 07:59:17,ICE,39.0,489.0,102.9,1319.0
571394,2026-10-06 07:59:17,WAT,0.0,0.0,101.9,783.0
571395,2026-10-06 07:59:17,MAC,4.2,65.0,102.9,980.0
571396,2026-10-06 08:02:19,AIR,1.4,28.0,102.9,1007.0
571397,2026-10-06 08:02:19,ICE,39.0,489.0,102.9,1319.0
571398,2026-10-06 08:02:19,WAT,0.0,0.0,101.9,783.0
571399,2026-10-06 08:02:19,MAC,4.2,65.0,102.9,980.0
571400,2026-10-06 08:05:20,AIR,1.4,28.0,102.9,1007.0
571401,2026-10-06 08:05:20,ICE,39.0,489.0,102.9,1319.0
571402,2026-10-06 08:05:20,WAT,0.0,0.0,101.9,783.0
571403,2026-10-06 08:05:20,MAC,4.2,65.0,102.9,980.0
571404,2026-10-06 08:08:22,AIR,1.4,28.0,102.9,1007.0
571405,2026-10-06 08:08:22,ICE,39.0,489.0,102.9,1319.0
571406,2026-10-06 08:08:22,WAT,0.0,0.0,101.9,783.0
571407,2026-10-06 08:08:22,MAC,4.2,65.0,102.9,980.0
571408,2026-10-06 08:11:23,AIR,1.4,28.0,102.9,1007.0
571409,2026-10-06 08:11:23,ICE,39.0,489.0,102.9,1319.0
571410,2026-10-06 08:11:23,WAT,0.0,0.0,101.9,783.0
571411,2026-10-06 08:11:23,MAC,4.2,65.0,102.9,980.0
571412,2026-10-06 08:14:24,AIR,1.4,28.0,102.9,1007.0
571413,2026-10-06 08:14:24,ICE,39.0,489.0,102.9,1319.0
571414,2026-10-06 08:14:24,WAT,0.0,0.0,101.9,783.0
571415,2026-10-06 08:14:24,MAC,4.2,65.0,102.9,980.0
571416,2026-10-06 08:17:26,AIR,1.4,28.0,102.9,1007.0
571417,2026-10-06 08:17:26,ICE,39.0,489.0,102.9,1319.0
571418,2026-10-06 08:17:26,WAT,0.0,0.0,101.9,783.0
571419,2026-10-06 08:17:26,MAC,4.2,65.0,102.9,980.0
571420,2026-10-06 08:20:27,AIR,1.4,28.0,102.9,1007.0
571421,2026-10-06 08:20:27,ICE,39.0,489.0,102.9,1319.0
571422,2026-10-06 08:20:27,WAT,0.0,0.0,101.9,783.0
571423,2026-10-06 08:20:27,MAC,4.2,65.0,102.9,980.0
571424,2026-10-06 08:23:28,AIR,1.4,28.0,102.9,1007.0
571425,2026-10-06 08:23:28,ICE,39.0,489.0,102.9,1319.0
571426,2026-10-06 08:23:28,WAT,0.0,0.0,101.9,783.0
571427,2026-10-06 08:23:28,MAC,4.2,65.0,102.9,980.0
571428,2026-10-06 08:26:30,AIR,1.4,28.0,102.9,1007.0
571429,2026-10-06 08:26:30,ICE,39.0,489.0,102.9,1319.0
571430,2026-10-06 08:26:30,WAT,0.0,0.0,101.9,783.0
571431,2026-10-06 08:26:30,MAC,4.2,65.0,102.9,980.0
571432,2026-10-06 08:29:31,AIR,1.4,28.0,102.9,1007.0
571433,2026-10-06 08:29:31,ICE,60.4,755.0,103.7,1408.0
571434,2026-10-06 08:29:31,WAT,0.0,0.0,101.9,783.0
571435,2026-10-06 08:29:31,MAC,4.2,65.0,102.9,980.0
571436,2026-10-06 08:32:32,AIR,1.4,28.0,102.9,1007.0
571437,2026-10-06 08:32:32,ICE,60.4,755.0,103.7,1408.0
571438,2026-10-06 08:32:32,WAT,0.0,0.0,101.9,783.0
571439,2026-10-06 08:32:32,MAC,4.2,65.0,102.9,980.0
571440,2026-10-06 08:35:34,AIR,1.4,28.0,102.9,1007.0
571441,2026-10-06 08:35:34,ICE,60.4,755.0,103.7,1408.0
571442,2026-10-06 08:35:34,WAT,0.0,0.0,101.9,783.0
571443,2026-10-06 08:35:34,MAC,4.2,65.0,102.9,980.0
571444,2026-10-06 08:38:35,AIR,1.4,28.0,102.9,1007.0
571445,2026-10-06 08:38:35,ICE,60.4,755.0,103.7,1408.0
571446,2026-10-06 08:38:35,WAT,0.0,0.0,101.9,783.0
571447,2026-10-06 08:38:35,MAC,4.2,65.0,102.9,980.0
571448,2026-10-06 08:41:37,AIR,1.4,28.0,102.9,1007.0
571449,2026-10-06 08:41:37,ICE,60.4,755.0,103.7,1408.0
571450,2026-10-06 08:41:37,WAT,0.0,0.0,101.9,783.0
571451,2026-10-06 08:41:37,MAC,4.2,65.0,102.9,980.0
571452,2026-10-06 08:44:38,AIR,1.4,28.0,102.9,1007.0
571453,2026-10-06 08:44:38,ICE,60.4,755.0,103.7,1408.0
571454,2026-10-06 08:44:38,WAT,0.0,0.0,101.9,783.0
571455,2026-10-06 08:44:38,MAC,4.2,65.0,102.9,980.0
571456,2026-10-06 08:47:39,AIR,1.4,28.0,102.9,1007.0
571457,2026-10-06 08:47:39,ICE,60.4,755.0,103.7,1408.0
571458,2026-10-06 08:47:39,WAT,0.0,0.0,101.9,783.0
571459,2026-10-06 08:47:39,MAC,4.2,65.0,102.9,980.0
571460,2026-10-06 08:50:41,AIR,1.4,28.0,102.9,1007.0
571461,2026-10-06 08:50:41,ICE,60.4,755.0,103.7,1408.0
571462,2026-10-06 08:50:41,WAT,0.0,0.0,101.9,783.0
571463,2026-10-06 08:50:41,MAC,4.2,65.0,102.9,980.0
571464,2026-10-06 08:53:42,AIR,1.4,28.0,102.9,1007.0
571465,2026-10-06 08:53:42,ICE,60.4,755.0,103.7,1408.0
571466,2026-10-06 08:53:42,WAT,0.0,0.0,101.9,783.0
571467,2026-10-06 08:53:42,MAC,4.2,65.0,102.9,980.0
571468,2026-10-06 08:56:43,AIR,1.4,28.0,102.9,1007.0
571469,2026-10-06 08:56:43,ICE,60.4,755.0,103.7,1408.0
571470,2026-10-06 08:56:43,WAT,0.0,0.0,101.9,783.0
571471,2026-10-06 08:56:43,MAC,4.2,65.0,102.9,980.0
571472,2026-10-06 08:59:45,AIR,1.4,28.0,102.9,1007.0
571473,2026-10-06 08:59:45,ICE,60.4,755.0,103.7,1408.0
571474,2026-10-06 08:59:45,WAT,0.0,0.0,101.9,783.0
571475,2026-10-06 08:59:45,MAC,4.2,65.0,102.9,980.0
571476,2026-10-06 09:02:46,AIR,1.4,28.0,102.9,1007.0
571477,2026-10-06 09:02:46,ICE,3.0,29.0,103.3,1440.0
571478,2026-10-06 09:02:46,WAT,0.0,0.0,101.9,783.0
571479,2026-10-06 09:02:46,MAC,4.2,65.0,102.9,980.0
571480,2026-10-06 09:05:47,AIR,1.4,28.0,102.9,1007.0
571481,2026-10-06 09:05:47,ICE,3.0,29.0,103.3,1440.0
571482,2026-10-06 09:05:47,WAT,0.0,0.0,101.9,783.0
571483,2026-10-06 09:05:47,MAC,4.2,65.0,102.9,980.0
571484,2026-10-06 09:08:49,AIR,1.4,28.0,102.9,1007.0
571485,2026-10-06 09:08:49,ICE,3.0,29.0,103.3,1440.0
571486,2026-10-06 09:08:49,WAT,0.0,0.0,101.9,783.0
571487,2026-10-06 09:08:49,MAC,4.2,65.0,102.9,980.0
571488,2026-10-06 09:11:50,AIR,1.4,28.0,102.9,1007.0
571489,2026-10-06 09:11:50,ICE,3.0,29.0,103.3,1440.0
571490,2026-10-06 09:11:50,WAT,0.0,0.0,101.9,783.0
571491,2026-10-06 09:11:50,MAC,4.2,65.0,102.9,980.0
571492,2026-10-06 09:14:51,AIR,1.4,28.0,102.9,1007.0
571493,2026-10-06 09:14:51,ICE,50.0,651.0,102.9,14.0
571494,2026-10-06 09:14:51,WAT,0.0,0.0,101.9,783.0
571495,2026-10-06 09:14:51,MAC,4.2,65.0,102.9,980.0
571496,2026-10-06 09:17:52,AIR,1.4,28.0,102.9,1007.0
571497,2026-10-06 09:17:52,ICE,39.2,501.0,102.9,15.0
571498,2026-10-06 09:17:52,WAT,0.0,0.0,101.9,783.0
571499,2026-10-06 09:17:52,MAC,4.2,65.0,102.9,980.0
571500,2026-10-06 09:20:54,AIR,1.4,28.0,102.9,1007.0
571501,2026-10-06 09:20:54,ICE,39.2,501.0,102.9,15.0
571502,2026-10-06 09:20:54,WAT,0.0,0.0,101.9,783.0
571503,2026-10-06 09:20:54,MAC,4.2,65.0,102.9,980.0
571504,2026-10-06 09:23:55,AIR,1.4,28.0,102.9,1007.0
571505,2026-10-06 09:23:55,ICE,39.2,501.0,102.9,15.0
571506,2026-10-06 09:23:55,WAT,0.0,0.0,101.9,783.0
571507,2026-10-06 09:23:55,MAC,4.2,65.0,102.9,980.0
571508,2026-10-06 09:26:57,AIR,1.4,28.0,102.9,1007.0
571509,2026-10-06 09:26:57,ICE,39.2,501.0,102.9,15.0
571510,2026-10-06 09:26:57,WAT,0.0,0.0,101.9,783.0
571511,2026-10-06 09:26:57,MAC,4.2,65.0,102.9,980.0
571512,2026-10-06 09:29:58,AIR,1.4,28.0,102.9,1007.0
571513,2026-10-06 09:29:58,ICE,39.2,501.0,102.9,15.0
571514,2026-10-06 09:29:58,WAT,0.0,0.0,101.9,783.0
571515,2026-10-06 09:29:58,MAC,4.2,65.0,102.9,980.0
571516,2026-10-06 09:32:59,AIR,1.4,28.0,102.9,1007.0
571517,2026-10-06 09:32:59,ICE,39.2,501.0,102.9,15.0
571518,2026-10-06 09:32:59,WAT,0.0,0.0,101.9,783.0
571519,2026-10-06 09:32:59,MAC,4.2,65.0,102.9,980.0
571520,2026-10-06 09:36:01,AIR,1.4,28.0,102.9,1007.0
571521,2026-10-06 09:36:01,ICE,39.2,501.0,102.9,15.0
571522,2026-10-06 09:36:01,WAT,0.0,0.0,101.9,783.0
571523,2026-10-06 09:36:01,MAC,4.2,65.0,102.9,980.0
571524,2026-10-06 09:39:03,AIR,1.4,28.0,102.9,1007.0
571525,2026-10-06 09:39:03,ICE,39.2,501.0,102.9,15.0
571526,2026-10-06 09:39:03,WAT,0.0,0.0,101.9,783.0
571527,2026-10-06 09:39:03,MAC,4.2,65.0,102.9,980.0
571528,2026-10-06 09:42:04,AIR,1.4,28.0,102.9,1007.0
571529,2026-10-06 09:42:04,ICE,39.2,501.0,102.9,15.0
571530,2026-10-06 09:42:04,WAT,0.0,0.0,101.9,783.0
571531,2026-10-06 09:42:04,MAC,4.2,65.0,102.9,980.0
571532,2026-10-06 09:45:06,AIR,1.4,28.0,102.9,1007.0
571533,2026-10-06 09:45:06,ICE,39.2,501.0,102.9,15.0
571534,2026-10-06 09:45:06,WAT,0.0,0.0,101.9,783.0
571535,2026-10-06 09:45:06,MAC,4.2,65.0,102.9,980.0
571536,2026-10-06 09:48:07,AIR,1.4,28.0,102.9,1007.0
571537,2026-10-06 09:48:07,ICE,39.2,501.0,102.9,15.0
571538,2026-10-06 09:48:07,WAT,0.0,0.0,101.9,783.0
571539,2026-10-06 09:48:07,MAC,4.2,65.0,102.9,980.0
571540,2026-10-06 09:51:08,AIR,1.4,28.0,102.9,1007.0
571541,2026-10-06 09:51:08,ICE,39.2,501.0,102.9,15.0
571542,2026-10-06 09:51:08,WAT,0.0,0.0,101.9,783.0
571543,2026-10-06 09:51:08,MAC,4.2,65.0,102.9,980.0
571544,2026-10-06 09:54:10,AIR,1.4,28.0,102.9,1007.0
571545,2026-10-06 09:54:10,ICE,39.2,501.0,102.9,15.0
571546,2026-10-06 09:54:10,WAT,0.0,0.0,101.9,783.0
571547,2026-10-06 09:54:10,MAC,4.2,65.0,102.9,980.0
571548,2026-10-06 09:57:11,AIR,1.4,28.0,102.9,1007.0
571549,2026-10-06 09:57:11,ICE,39.2,501.0,102.9,15.0
571550,2026-10-06 09:57:11,WAT,0.0,0.0,101.9,783.0
571551,2026-10-06 09:57:11,MAC,4.2,65.0,102.9,980.0
571552,2026-10-06 10:00:13,AIR,1.4,28.0,102.9,1007.0
571553,2026-10-06 10:00:13,ICE,39.2,501.0,102.9,15.0
571554,2026-10-06 10:00:13,WAT,0.0,0.0,101.9,783.0
571555,2026-10-06 10:00:13,MAC,4.2,65.0,102.9,980.0
571556,2026-10-06 10:03:20,AIR,1.4,28.0,102.9,1007.0
571557,2026-10-06 10:03:20,ICE,39.2,501.0,102.9,15.0
571558,2026-10-06 10:03:20,WAT,0.0,0.0,101.9,783.0
571559,2026-10-06 10:03:20,MAC,4.2,65.0,102.9,980.0
571560,2026-10-06 10:06:21,AIR,1.4,28.0,102.9,1007.0
571561,2026-10-06 10:06:21,ICE,39.2,501.0,102.9,15.0
571562,2026-10-06 10:06:21,WAT,0.0,0.0,101.9,783.0
571563,2026-10-06 10:06:21,MAC,4.2,65.0,102.9,980.0
571564,2026-10-06 10:09:23,AIR,1.4,28.0,102.9,1007.0
571565,2026-10-06 10:09:23,ICE,39.2,501.0,102.9,15.0
571566,2026-10-06 10:09:23,WAT,0.0,0.0,101.9,783.0
571567,2026-10-06 10:09:23,MAC,4.2,65.0,102.9,980.0
571568,2026-10-06 10:12:24,AIR,1.4,28.0,102.9,1007.0
571569,2026-10-06 10:12:24,ICE,39.2,501.0,102.9,15.0
571570,2026-10-06 10:12:24,WAT,0.0,0.0,101.9,783.0
571571,2026-10-06 10:12:24,MAC,4.2,65.0,102.9,980.0
571572,2026-10-06 10:15:25,AIR,1.4,28.0,102.9,1007.0
571573,2026-10-06 10:15:25,ICE,39.2,501.0,102.9,15.0
571574,2026-10-06 10:15:25,WAT,0.0,0.0,101.9,783.0
571575,2026-10-06 10:15:25,MAC,4.2,65.0,102.9,980.0
571576,2026-10-06 10:18:27,AIR,1.4,28.0,102.9,1007.0
571577,2026-10-06 10:18:27,ICE,39.2,501.0,102.9,15.0
571578,2026-10-06 10:18:27,WAT,0.0,0.0,101.9,783.0
571579,2026-10-06 10:18:27,MAC,4.2,65.0,102.9,980.0
571580,2026-10-06 10:21:28,AIR,1.4,28.0,102.9,1007.0
571581,2026-10-06 10:21:28,ICE,39.2,501.0,102.9,15.0
571582,2026-10-06 10:21:28,WAT,0.0,0.0,101.9,783.0
571583,2026-10-06 10:21:28,MAC,4.2,65.0,102.9,980.0
571584,2026-10-06 10:24:30,AIR,1.4,28.0,102.9,1007.0
571585,2026-10-06 10:24:30,ICE,39.2,501.0,102.9,15.0
571586,2026-10-06 10:24:30,WAT,0.0,0.0,101.9,783.0
571587,2026-10-06 10:24:30,MAC,4.2,65.0,102.9,980.0
571588,2026-10-06 10:27:31,AIR,1.4,28.0,102.9,1007.0
571589,2026-10-06 10:27:31,ICE,39.2,501.0,102.9,15.0
571590,2026-10-06 10:27:31,WAT,0.0,0.0,101.9,783.0
571591,2026-10-06 10:27:31,MAC,4.2,65.0,102.9,980.0
571592,2026-10-06 10:30:33,AIR,1.4,28.0,102.9,1007.0
571593,2026-10-06 10:30:33,ICE,39.2,501.0,102.9,15.0
571594,2026-10-06 10:30:33,WAT,0.0,0.0,101.9,783.0
571595,2026-10-06 10:30:33,MAC,4.2,65.0,102.9,980.0
571596,2026-10-06 10:33:36,AIR,1.4,28.0,102.9,1007.0
571597,2026-10-06 10:33:36,ICE,39.2,501.0,102.9,15.0
571598,2026-10-06 10:33:36,WAT,0.0,0.0,101.9,783.0
571599,2026-10-06 10:33:36,MAC,4.2,65.0,102.9,980.0
571600,2026-10-06 10:36:38,AIR,1.4,28.0,102.9,1007.0
571601,2026-10-06 10:36:38,ICE,39.2,501.0,102.9,15.0
571602,2026-10-06 10:36:38,WAT,0.0,0.0,101.9,783.0
571603,2026-10-06 10:36:38,MAC,4.2,65.0,102.9,980.0
571604,2026-10-06 10:39:39,AIR,1.4,28.0,102.9,1007.0
571605,2026-10-06 10:39:39,ICE,39.2,501.0,102.9,15.0
571606,2026-10-06 10:39:39,WAT,0.0,0.0,101.9,783.0
571607,2026-10-06 10:39:39,MAC,4.2,65.0,102.9,980.0
571608,2026-10-06 10:42:40,AIR,1.4,28.0,102.9,1007.0
571609,2026-10-06 10:42:40,ICE,39.2,501.0,102.9,15.0
571610,2026-10-06 10:42:40,WAT,0.0,0.0,101.9,783.0
571611,2026-10-06 10:42:40,MAC,4.2,65.0,102.9,980.0
571612,2026-10-06 10:45:41,AIR,1.4,28.0,102.9,1007.0
571613,2026-10-06 10:45:41,ICE,39.2,501.0,102.9,15.0
571614,2026-10-06 10:45:41,WAT,0.0,0.0,101.9,783.0
571615,2026-10-06 10:45:41,MAC,4.2,65.0,102.9,980.0
571616,2026-10-06 10:48:43,AIR,1.4,28.0,102.9,1007.0
571617,2026-10-06 10:48:43,ICE,39.2,501.0,102.9,15.0
571618,2026-10-06 10:48:43,WAT,0.0,0.0,101.9,783.0
571619,2026-10-06 10:48:43,MAC,4.2,65.0,102.9,980.0
571620,2026-10-06 10:51:45,AIR,1.4,28.0,102.9,1007.0
571621,2026-10-06 10:51:45,ICE,39.2,501.0,102.9,15.0
571622,2026-10-06 10:51:45,WAT,0.0,0.0,101.9,783.0
571623,2026-10-06 10:51:45,MAC,4.2,65.0,102.9,980.0
571624,2026-10-06 10:54:46,AIR,1.4,28.0,102.9,1007.0
571625,2026-10-06 10:54:46,ICE,60.6,764.0,102.9,112.0
571626,2026-10-06 10:54:46,WAT,0.0,0.0,101.9,783.0
571627,2026-10-06 10:54:46,MAC,4.2,65.0,102.9,980.0
571628,2026-10-06 10:57:48,AIR,1.4,28.0,102.9,1007.0
571629,2026-10-06 10:57:48,ICE,60.6,764.0,102.9,112.0
571630,2026-10-06 10:57:48,WAT,0.0,0.0,101.9,783.0
571631,2026-10-06 10:57:48,MAC,4.2,65.0,102.9,980.0
571632,2026-10-06 11:00:49,AIR,1.4,28.0,102.9,1007.0
571633,2026-10-06 11:00:49,ICE,60.6,764.0,102.9,112.0
571634,2026-10-06 11:00:49,WAT,0.0,0.0,101.9,783.0
571635,2026-10-06 11:00:49,MAC,4.2,65.0,102.9,980.0
571636,2026-10-06 11:03:50,AIR,1.4,28.0,102.9,1007.0
571637,2026-10-06 11:03:50,ICE,60.6,764.0,102.9,112.0
571638,2026-10-06 11:03:50,WAT,0.0,0.0,101.9,783.0
571639,2026-10-06 11:03:50,MAC,4.2,65.0,102.9,980.0
571640,2026-10-06 11:06:51,AIR,1.4,28.0,102.9,1007.0
571641,2026-10-06 11:06:51,ICE,60.6,764.0,102.9,112.0
571642,2026-10-06 11:06:51,WAT,0.0,0.0,101.9,783.0
571643,2026-10-06 11:06:51,MAC,4.2,65.0,102.9,980.0
571644,2026-10-06 11:09:52,AIR,1.4,28.0,102.9,1007.0
571645,2026-10-06 11:09:52,ICE,60.6,764.0,102.9,112.0
571646,2026-10-06 11:09:52,WAT,0.0,0.0,101.9,783.0
571647,2026-10-06 11:09:52,MAC,4.2,65.0,102.9,980.0
571648,2026-10-06 11:12:54,AIR,1.4,28.0,102.9,1007.0
571649,2026-10-06 11:12:54,ICE,60.6,764.0,102.9,112.0
571650,2026-10-06 11:12:54,WAT,0.0,0.0,101.9,783.0
571651,2026-10-06 11:12:54,MAC,4.2,65.0,102.9,980.0
571652,2026-10-06 11:15:55,AIR,1.4,28.0,102.9,1007.0
571653,2026-10-06 11:15:55,ICE,60.6,764.0,102.9,112.0
571654,2026-10-06 11:15:55,WAT,0.0,0.0,101.9,783.0
571655,2026-10-06 11:15:55,MAC,4.2,65.0,102.9,980.0
571656,2026-10-06 11:18:56,AIR,1.4,28.0,102.9,1007.0
571657,2026-10-06 11:18:56,ICE,60.6,764.0,102.9,112.0
571658,2026-10-06 11:18:56,WAT,0.0,0.0,101.9,783.0
571659,2026-10-06 11:18:56,MAC,4.2,65.0,102.9,980.0
571660,2026-10-06 11:21:58,AIR,1.4,28.0,102.9,1007.0
571661,2026-10-06 11:21:58,ICE,60.6,764.0,102.9,112.0
571662,2026-10-06 11:21:58,WAT,0.0,0.0,101.9,783.0
571663,2026-10-06 11:21:58,MAC,4.2,65.0,102.9,980.0
571664,2026-10-06 11:24:59,AIR,1.4,28.0,102.9,1007.0
571665,2026-10-06 11:24:59,ICE,60.6,764.0,102.9,112.0
571666,2026-10-06 11:24:59,WAT,0.0,0.0,101.9,783.0
571667,2026-10-06 11:24:59,MAC,4.2,65.0,102.9,980.0
571668,2026-10-06 11:28:01,AIR,1.4,28.0,102.9,1007.0
571669,2026-10-06 11:28:01,ICE,3.0,29.0,102.9,145.0
571670,2026-10-06 11:28:01,WAT,0.0,0.0,101.9,783.0
571671,2026-10-06 11:28:01,MAC,4.2,65.0,102.9,980.0
571672,2026-10-06 11:31:03,AIR,1.4,28.0,102.9,1007.0
571673,2026-10-06 11:31:03,ICE,3.0,29.0,102.9,145.0
571674,2026-10-06 11:31:03,WAT,0.0,0.0,101.9,783.0
571675,2026-10-06 11:31:03,MAC,4.2,65.0,102.9,980.0
571676,2026-10-06 11:34:04,AIR,1.4,28.0,102.9,1007.0
571677,2026-10-06 11:34:04,ICE,3.0,29.0,102.9,145.0
571678,2026-10-06 11:34:04,WAT,0.0,0.0,101.9,783.0
571679,2026-10-06 11:34:04,MAC,4.2,65.0,102.9,980.0
571680,2026-10-06 11:37:06,AIR,1.4,28.0,102.9,1007.0
571681,2026-10-06 11:37:06,ICE,3.0,29.0,102.9,145.0
571682,2026-10-06 11:37:06,WAT,0.0,0.0,101.9,783.0
571683,2026-10-06 11:37:06,MAC,4.2,65.0,102.9,980.0
571684,2026-10-06 11:40:07,AIR,1.4,28.0,102.9,1007.0
571685,2026-10-06 11:40:07,ICE,50.8,665.0,102.8,160.0
571686,2026-10-06 11:40:07,WAT,0.0,0.0,101.9,783.0
571687,2026-10-06 11:40:07,MAC,4.2,65.0,102.9,980.0
571688,2026-10-06 11:43:09,AIR,1.4,28.0,102.9,1007.0
571689,2026-10-06 11:43:09,ICE,38.9,498.0,102.9,161.0
571690,2026-10-06 11:43:09,WAT,0.0,0.0,101.9,783.0
571691,2026-10-06 11:43:09,MAC,4.2,65.0,102.9,980.0
571692,2026-10-06 11:46:10,AIR,1.4,28.0,102.9,1007.0
571693,2026-10-06 11:46:10,ICE,38.9,498.0,102.9,161.0
571694,2026-10-06 11:46:10,WAT,0.0,0.0,101.9,783.0
571695,2026-10-06 11:46:10,MAC,4.2,65.0,102.9,980.0
571696,2026-10-06 11:49:12,AIR,1.4,28.0,102.9,1007.0
571697,2026-10-06 11:49:12,ICE,38.9,498.0,102.9,161.0
571698,2026-10-06 11:49:12,WAT,0.0,0.0,101.9,783.0
571699,2026-10-06 11:49:12,MAC,4.2,65.0,102.9,980.0
571700,2026-10-06 11:52:13,AIR,1.4,28.0,102.9,1007.0
571701,2026-10-06 11:52:13,ICE,38.9,498.0,102.9,161.0
571702,2026-10-06 11:52:13,WAT,0.0,0.0,101.9,783.0
571703,2026-10-06 11:52:13,MAC,4.2,65.0,102.9,980.0
571704,2026-10-06 11:55:15,AIR,1.4,28.0,102.9,1007.0
571705,2026-10-06 11:55:15,ICE,38.9,498.0,102.9,161.0
571706,2026-10-06 11:55:15,WAT,0.0,0.0,101.9,783.0
571707,2026-10-06 11:55:15,MAC,5.7,77.0,102.4,173.0
571708,2026-10-06 11:58:16,AIR,1.4,28.0,102.9,1007.0
571709,2026-10-06 11:58:16,ICE,38.9,498.0,102.9,161.0
571710,2026-10-06 11:58:16,WAT,0.0,0.0,101.9,783.0
571711,2026-10-06 11:58:16,MAC,5.7,77.0,102.4,173.0
571712,2026-10-06 12:01:18,AIR,1.4,28.0,102.9,1007.0
571713,2026-10-06 12:01:18,ICE,38.9,498.0,102.9,161.0
571714,2026-10-06 12:01:18,WAT,0.0,0.0,101.9,783.0
571715,2026-10-06 12:01:18,MAC,5.7,77.0,102.4,173.0
571716,2026-10-06 12:04:19,AIR,1.4,28.0,102.9,1007.0
571717,2026-10-06 12:04:19,ICE,38.9,498.0,102.9,161.0
571718,2026-10-06 12:04:19,WAT,0.0,0.0,101.9,783.0
571719,2026-10-06 12:04:19,MAC,5.7,77.0,102.4,173.0
571720,2026-10-06 12:07:20,AIR,1.4,28.0,102.9,1007.0
571721,2026-10-06 12:07:20,ICE,38.9,498.0,102.9,161.0
571722,2026-10-06 12:07:20,WAT,0.0,0.0,101.9,783.0
571723,2026-10-06 12:07:20,MAC,5.7,77.0,102.4,173.0
571724,2026-10-06 12:10:22,AIR,1.4,28.0,102.9,1007.0
571725,2026-10-06 12:10:22,ICE,38.9,498.0,102.9,161.0
571726,2026-10-06 12:10:22,WAT,0.0,0.0,101.9,783.0
571727,2026-10-06 12:10:22,MAC,5.7,77.0,102.4,173.0
571728,2026-10-06 12:13:24,AIR,1.4,28.0,102.9,1007.0
571729,2026-10-06 12:13:24,ICE,38.9,498.0,102.9,161.0
571730,2026-10-06 12:13:24,WAT,0.0,0.0,101.9,783.0
571731,2026-10-06 12:13:24,MAC,5.7,77.0,102.4,173.0
571732,2026-10-06 12:16:26,AIR,1.4,28.0,102.9,1007.0
571733,2026-10-06 12:16:26,ICE,38.9,498.0,102.9,161.0
571734,2026-10-06 12:16:26,WAT,0.0,0.0,101.9,783.0
571735,2026-10-06 12:16:26,MAC,5.7,77.0,102.4,173.0
571736,2026-10-06 12:19:28,AIR,1.4,28.0,102.9,1007.0
571737,2026-10-06 12:19:28,ICE,38.9,498.0,102.9,161.0
571738,2026-10-06 12:19:28,WAT,0.0,0.0,101.9,783.0
571739,2026-10-06 12:19:28,MAC,5.7,77.0,102.4,173.0
571740,2026-10-06 12:22:29,AIR,1.4,28.0,102.9,1007.0
571741,2026-10-06 12:22:29,ICE,38.9,498.0,102.9,161.0
571742,2026-10-06 12:22:29,WAT,0.0,0.0,101.9,783.0
571743,2026-10-06 12:22:29,MAC,5.7,77.0,102.4,173.0
571744,2026-10-06 12:25:31,AIR,1.4,28.0,102.9,1007.0
571745,2026-10-06 12:25:31,ICE,38.9,498.0,102.9,161.0
571746,2026-10-06 12:25:31,WAT,0.0,0.0,101.9,783.0
571747,2026-10-06 12:25:31,MAC,5.7,77.0,102.4,173.0
571748,2026-10-06 12:28:32,AIR,1.4,28.0,102.9,1007.0
571749,2026-10-06 12:28:32,ICE,38.9,498.0,102.9,161.0
571750,2026-10-06 12:28:32,WAT,0.0,0.0,101.9,783.0
571751,2026-10-06 12:28:32,MAC,5.7,77.0,102.4,173.0
571752,2026-10-06 12:31:33,AIR,1.4,28.0,102.9,1007.0
571753,2026-10-06 12:31:33,ICE,38.9,498.0,102.9,161.0
571754,2026-10-06 12:31:33,WAT,0.0,0.0,101.9,783.0
571755,2026-10-06 12:31:33,MAC,5.7,77.0,102.4,173.0
571756,2026-10-06 12:34:35,AIR,1.4,28.0,102.9,1007.0
571757,2026-10-06 12:34:35,ICE,38.9,498.0,102.9,161.0
571758,2026-10-06 12:34:35,WAT,0.0,0.0,101.9,783.0
571759,2026-10-06 12:34:35,MAC,5.7,77.0,102.4,173.0
571760,2026-10-06 12:37:36,AIR,1.4,28.0,102.9,1007.0
571761,2026-10-06 12:37:36,ICE,38.9,498.0,102.9,161.0
571762,2026-10-06 12:37:36,WAT,0.0,0.0,101.9,783.0
571763,2026-10-06 12:37:36,MAC,5.7,77.0,102.4,173.0
571764,2026-10-06 12:40:38,AIR,1.4,28.0,102.9,1007.0
571765,2026-10-06 12:40:38,ICE,38.9,498.0,102.9,161.0
571766,2026-10-06 12:40:38,WAT,0.0,0.0,101.9,783.0
571767,2026-10-06 12:40:38,MAC,5.7,77.0,102.4,173.0
571768,2026-10-06 12:43:39,AIR,1.4,28.0,102.9,1007.0
571769,2026-10-06 12:43:39,ICE,38.9,498.0,102.9,161.0
571770,2026-10-06 12:43:39,WAT,0.0,0.0,101.9,783.0
571771,2026-10-06 12:43:39,MAC,5.7,77.0,102.4,173.0
571772,2026-10-06 12:46:40,AIR,1.4,28.0,102.9,1007.0
571773,2026-10-06 12:46:40,ICE,38.9,498.0,102.9,161.0
571774,2026-10-06 12:46:40,WAT,0.0,0.0,101.9,783.0
571775,2026-10-06 12:46:40,MAC,5.7,77.0,102.4,173.0
571776,2026-10-06 12:49:42,AIR,1.4,28.0,102.9,1007.0
571777,2026-10-06 12:49:42,ICE,38.9,498.0,102.9,161.0
571778,2026-10-06 12:49:42,WAT,0.0,0.0,101.9,783.0
571779,2026-10-06 12:49:42,MAC,5.7,77.0,102.4,173.0
571780,2026-10-06 12:52:43,AIR,1.4,28.0,102.9,1007.0
571781,2026-10-06 12:52:43,ICE,38.9,498.0,102.9,161.0
571782,2026-10-06 12:52:43,WAT,0.0,0.0,101.9,783.0
571783,2026-10-06 12:52:43,MAC,5.7,77.0,102.4,173.0
571784,2026-10-06 12:55:44,AIR,1.4,28.0,102.9,1007.0
571785,2026-10-06 12:55:44,ICE,38.9,498.0,102.9,161.0
571786,2026-10-06 12:55:44,WAT,0.0,0.0,101.9,783.0
571787,2026-10-06 12:55:44,MAC,5.7,77.0,102.4,173.0
571788,2026-10-06 12:58:46,AIR,1.4,28.0,102.9,1007.0
571789,2026-10-06 12:58:46,ICE,38.9,498.0,102.9,161.0
571790,2026-10-06 12:58:46,WAT,0.0,0.0,101.9,783.0
571791,2026-10-06 12:58:46,MAC,5.7,77.0,102.4,173.0
571792,2026-10-06 13:01:47,AIR,1.4,28.0,102.9,1007.0
571793,2026-10-06 13:01:47,ICE,38.9,498.0,102.9,161.0
571794,2026-10-06 13:01:47,WAT,0.0,0.0,101.9,783.0
571795,2026-10-06 13:01:47,MAC,5.7,77.0,102.4,173.0
571796,2026-10-06 13:04:49,AIR,1.4,28.0,102.9,1007.0
571797,2026-10-06 13:04:49,ICE,38.9,498.0,102.9,161.0
571798,2026-10-06 13:04:49,WAT,0.0,0.0,101.9,783.0
571799,2026-10-06 13:04:49,MAC,5.7,77.0,102.4,173.0
571800,2026-10-06 13:07:50,AIR,1.4,28.0,102.9,1007.0
571801,2026-10-06 13:07:50,ICE,38.9,498.0,102.9,161.0
571802,2026-10-06 13:07:50,WAT,0.0,0.0,101.9,783.0
571803,2026-10-06 13:07:50,MAC,5.7,77.0,102.4,173.0
571804,2026-10-06 13:10:51,AIR,1.4,28.0,102.9,1007.0
571805,2026-10-06 13:10:51,ICE,50.9,660.0,102.9,250.0
571806,2026-10-06 13:10:51,WAT,0.0,0.0,101.9,783.0
571807,2026-10-06 13:10:51,MAC,5.7,77.0,102.4,173.0
571808,2026-10-06 13:13:52,AIR,1.4,28.0,102.9,1007.0
571809,2026-10-06 13:13:52,ICE,50.9,660.0,102.9,250.0
571810,2026-10-06 13:13:52,WAT,0.0,0.0,101.9,783.0
571811,2026-10-06 13:13:52,MAC,5.7,77.0,102.4,173.0
571812,2026-10-06 13:16:54,AIR,1.4,28.0,102.9,1007.0
571813,2026-10-06 13:16:54,ICE,50.9,660.0,102.9,250.0
571814,2026-10-06 13:16:54,WAT,0.0,0.0,101.9,783.0
571815,2026-10-06 13:16:54,MAC,5.7,77.0,102.4,173.0
571816,2026-10-06 13:19:55,AIR,1.4,28.0,102.9,1007.0
571817,2026-10-06 13:19:55,ICE,3.0,29.0,102.9,259.0
571818,2026-10-06 13:19:55,WAT,0.0,0.0,101.9,783.0
571819,2026-10-06 13:19:55,MAC,5.7,77.0,102.4,173.0
571820,2026-10-06 13:22:56,AIR,1.4,28.0,102.9,1007.0
571821,2026-10-06 13:22:56,ICE,3.0,29.0,102.9,259.0
571822,2026-10-06 13:22:56,WAT,0.0,0.0,101.9,783.0
571823,2026-10-06 13:22:56,MAC,5.7,77.0,102.4,173.0
571824,2026-10-06 13:25:58,AIR,1.4,28.0,102.9,1007.0
571825,2026-10-06 13:25:58,ICE,3.0,29.0,102.9,259.0
571826,2026-10-06 13:25:58,WAT,0.0,0.0,101.9,783.0
571827,2026-10-06 13:25:58,MAC,5.7,77.0,102.4,173.0
571828,2026-10-06 13:28:59,AIR,1.4,28.0,102.9,1007.0
571829,2026-10-06 13:28:59,ICE,3.0,29.0,102.9,259.0
571830,2026-10-06 13:28:59,WAT,0.0,0.0,101.9,783.0
571831,2026-10-06 13:28:59,MAC,5.7,77.0,102.4,173.0
571832,2026-10-06 13:32:01,AIR,1.4,28.0,102.9,1007.0
571833,2026-10-06 13:32:01,ICE,3.0,29.0,102.9,259.0
571834,2026-10-06 13:32:01,WAT,0.0,0.0,101.9,783.0
571835,2026-10-06 13:32:01,MAC,5.7,77.0,102.4,173.0
571836,2026-10-06 13:35:02,AIR,1.4,28.0,102.9,1007.0
571837,2026-10-06 13:35:02,ICE,51.5,660.0,102.9,274.0
571838,2026-10-06 13:35:02,WAT,0.0,0.0,101.9,783.0
571839,2026-10-06 13:35:02,MAC,5.7,77.0,102.4,173.0
571840,2026-10-06 13:38:04,AIR,1.4,28.0,102.9,1007.0
571841,2026-10-06 13:38:04,ICE,40.4,515.0,103.2,275.0
571842,2026-10-06 13:38:04,WAT,0.0,0.0,101.9,783.0
571843,2026-10-06 13:38:04,MAC,5.7,77.0,102.4,173.0
571844,2026-10-06 13:41:06,AIR,1.4,28.0,102.9,1007.0
571845,2026-10-06 13:41:06,ICE,40.4,515.0,103.2,275.0
571846,2026-10-06 13:41:06,WAT,0.0,0.0,101.9,783.0
571847,2026-10-06 13:41:06,MAC,5.7,77.0,102.4,173.0
571848,2026-10-06 13:44:07,AIR,1.4,28.0,102.9,1007.0
571849,2026-10-06 13:44:07,ICE,40.4,515.0,103.2,275.0
571850,2026-10-06 13:44:07,WAT,0.0,0.0,101.9,783.0
571851,2026-10-06 13:44:07,MAC,5.7,77.0,102.4,173.0
571852,2026-10-06 13:47:08,AIR,1.4,28.0,102.9,1007.0
571853,2026-10-06 13:47:08,ICE,40.4,515.0,103.2,275.0
571854,2026-10-06 13:47:08,WAT,0.0,0.0,101.9,783.0
571855,2026-10-06 13:47:08,MAC,5.7,77.0,102.4,173.0
571856,2026-10-06 13:50:10,AIR,1.4,28.0,102.9,1007.0
571857,2026-10-06 13:50:10,ICE,40.4,515.0,103.2,275.0
571858,2026-10-06 13:50:10,WAT,0.0,0.0,101.9,783.0
571859,2026-10-06 13:50:10,MAC,5.7,77.0,102.4,173.0
571860,2026-10-06 13:53:11,AIR,1.4,28.0,102.9,1007.0
571861,2026-10-06 13:53:11,ICE,40.4,515.0,103.2,275.0
571862,2026-10-06 13:53:11,WAT,0.0,0.0,101.9,783.0
571863,2026-10-06 13:53:11,MAC,5.7,77.0,102.4,173.0
571864,2026-10-06 13:56:12,AIR,1.4,28.0,102.9,1007.0
571865,2026-10-06 13:56:12,ICE,40.4,515.0,103.2,275.0
571866,2026-10-06 13:56:12,WAT,0.0,0.0,101.9,783.0
571867,2026-10-06 13:56:12,MAC,5.7,77.0,102.4,173.0
571868,2026-10-06 13:59:14,AIR,1.4,28.0,102.9,1007.0
571869,2026-10-06 13:59:14,ICE,40.4,515.0,103.2,275.0
571870,2026-10-06 13:59:14,WAT,0.0,0.0,101.9,783.0
571871,2026-10-06 13:59:14,MAC,5.7,77.0,102.4,173.0
571872,2026-10-06 14:02:15,AIR,1.4,28.0,102.9,1007.0
571873,2026-10-06 14:02:15,ICE,40.4,515.0,103.2,275.0
571874,2026-10-06 14:02:15,WAT,0.0,0.0,101.9,783.0
571875,2026-10-06 14:02:15,MAC,5.7,77.0,102.4,173.0
571876,2026-10-06 14:05:17,AIR,1.4,28.0,102.9,1007.0
571877,2026-10-06 14:05:17,ICE,40.4,515.0,103.2,275.0
571878,2026-10-06 14:05:17,WAT,0.0,0.0,101.9,783.0
571879,2026-10-06 14:05:17,MAC,5.7,77.0,102.4,173.0
571880,2026-10-06 14:08:18,AIR,1.4,28.0,102.9,1007.0
571881,2026-10-06 14:08:18,ICE,40.4,515.0,103.2,275.0
571882,2026-10-06 14:08:18,WAT,0.0,0.0,101.9,783.0
571883,2026-10-06 14:08:18,MAC,5.7,77.0,102.4,173.0
571884,2026-10-06 14:11:20,AIR,1.4,28.0,102.9,1007.0
571885,2026-10-06 14:11:20,ICE,40.4,515.0,103.2,275.0
571886,2026-10-06 14:11:20,WAT,0.0,0.0,101.9,783.0
571887,2026-10-06 14:11:20,MAC,5.7,77.0,102.4,173.0
571888,2026-10-06 14:14:21,AIR,1.4,28.0,102.9,1007.0
571889,2026-10-06 14:14:21,ICE,40.4,515.0,103.2,275.0
571890,2026-10-06 14:14:21,WAT,0.0,0.0,101.9,783.0
571891,2026-10-06 14:14:21,MAC,5.7,77.0,102.4,173.0
571892,2026-10-06 14:17:22,AIR,1.4,28.0,102.9,1007.0
571893,2026-10-06 14:17:22,ICE,40.4,515.0,103.2,275.0
571894,2026-10-06 14:17:22,WAT,0.0,0.0,101.9,783.0
571895,2026-10-06 14:17:22,MAC,5.7,77.0,102.4,173.0
571896,2026-10-06 14:20:23,AIR,1.4,28.0,102.9,1007.0
571897,2026-10-06 14:20:23,ICE,40.4,515.0,103.2,275.0
571898,2026-10-06 14:20:23,WAT,0.0,0.0,101.9,783.0
571899,2026-10-06 14:20:23,MAC,5.7,77.0,102.4,173.0
571900,2026-10-06 14:23:24,AIR,1.4,28.0,102.9,1007.0
571901,2026-10-06 14:23:24,ICE,40.4,515.0,103.2,275.0
571902,2026-10-06 14:23:24,WAT,0.0,0.0,101.9,783.0
571903,2026-10-06 14:23:24,MAC,5.7,77.0,102.4,173.0
571904,2026-10-06 14:26:26,AIR,1.4,28.0,102.9,1007.0
571905,2026-10-06 14:26:26,ICE,40.4,515.0,103.2,275.0
571906,2026-10-06 14:26:26,WAT,0.0,0.0,101.9,783.0
571907,2026-10-06 14:26:26,MAC,5.7,77.0,102.4,173.0
571908,2026-10-06 14:29:28,AIR,1.4,28.0,102.9,1007.0
571909,2026-10-06 14:29:28,ICE,40.4,515.0,103.2,275.0
571910,2026-10-06 14:29:28,WAT,0.0,0.0,101.9,783.0
571911,2026-10-06 14:29:28,MAC,5.7,77.0,102.4,173.0
571912,2026-10-06 14:32:29,AIR,1.4,28.0,102.9,1007.0
571913,2026-10-06 14:32:29,ICE,40.4,515.0,103.2,275.0
571914,2026-10-06 14:32:29,WAT,0.0,0.0,101.9,783.0
571915,2026-10-06 14:32:29,MAC,5.7,77.0,102.4,173.0
571916,2026-10-06 14:35:30,AIR,1.4,28.0,102.9,1007.0
571917,2026-10-06 14:35:30,ICE,40.4,515.0,103.2,275.0
571918,2026-10-06 14:35:30,WAT,0.0,0.0,101.9,783.0
571919,2026-10-06 14:35:30,MAC,5.7,77.0,102.4,173.0
571920,2026-10-06 14:38:32,AIR,1.4,28.0,102.9,1007.0
571921,2026-10-06 14:38:32,ICE,40.4,515.0,103.2,275.0
571922,2026-10-06 14:38:32,WAT,0.0,0.0,101.9,783.0
571923,2026-10-06 14:38:32,MAC,5.7,77.0,102.4,173.0
571924,2026-10-06 14:41:33,AIR,1.4,28.0,102.9,1007.0
571925,2026-10-06 14:41:33,ICE,40.4,515.0,103.2,275.0
571926,2026-10-06 14:41:33,WAT,0.0,0.0,101.9,783.0
571927,2026-10-06 14:41:33,MAC,5.7,77.0,102.4,173.0
571928,2026-10-06 14:44:34,AIR,1.4,28.0,102.9,1007.0
571929,2026-10-06 14:44:34,ICE,40.4,515.0,103.2,275.0
571930,2026-10-06 14:44:34,WAT,0.0,0.0,101.9,783.0
571931,2026-10-06 14:44:34,MAC,5.7,77.0,102.4,173.0
571932,2026-10-06 14:47:36,AIR,1.4,28.0,102.9,1007.0
571933,2026-10-06 14:47:36,ICE,40.4,515.0,103.2,275.0
571934,2026-10-06 14:47:36,WAT,0.0,0.0,101.9,783.0
571935,2026-10-06 14:47:36,MAC,5.7,77.0,102.4,173.0
571936,2026-10-06 14:50:37,AIR,1.4,28.0,102.9,1007.0
571937,2026-10-06 14:50:37,ICE,40.4,515.0,103.2,275.0
571938,2026-10-06 14:50:37,WAT,0.0,0.0,101.9,783.0
571939,2026-10-06 14:50:37,MAC,5.7,77.0,102.4,173.0
571940,2026-10-06 14:53:38,AIR,1.4,28.0,102.9,1007.0
571941,2026-10-06 14:53:38,ICE,40.4,515.0,103.2,275.0
571942,2026-10-06 14:53:38,WAT,0.0,0.0,101.9,783.0
571943,2026-10-06 14:53:38,MAC,5.7,77.0,102.4,173.0
571944,2026-10-06 14:56:40,AIR,1.4,28.0,102.9,1007.0
571945,2026-10-06 14:56:40,ICE,40.4,515.0,103.2,275.0
571946,2026-10-06 14:56:40,WAT,0.0,0.0,101.9,783.0
571947,2026-10-06 14:56:40,MAC,5.7,77.0,102.4,173.0
571948,2026-10-06 14:59:41,AIR,1.4,28.0,102.9,1007.0
571949,2026-10-06 14:59:41,ICE,40.4,515.0,103.2,275.0
571950,2026-10-06 14:59:41,WAT,0.0,0.0,101.9,783.0
571951,2026-10-06 14:59:41,MAC,5.7,77.0,102.4,173.0
571952,2026-10-06 15:02:42,AIR,1.4,28.0,102.9,1007.0
571953,2026-10-06 15:02:42,ICE,40.4,515.0,103.2,275.0
571954,2026-10-06 15:02:42,WAT,0.0,0.0,101.9,783.0
571955,2026-10-06 15:02:42,MAC,5.7,77.0,102.4,173.0
571956,2026-10-06 15:05:44,AIR,1.4,28.0,102.9,1007.0
571957,2026-10-06 15:05:44,ICE,62.5,796.0,102.9,364.0
571958,2026-10-06 15:05:44,WAT,0.0,0.0,101.9,783.0
571959,2026-10-06 15:05:44,MAC,5.7,77.0,102.4,173.0
571960,2026-10-06 15:08:45,AIR,1.4,28.0,102.9,1007.0
571961,2026-10-06 15:08:45,ICE,62.5,796.0,102.9,364.0
571962,2026-10-06 15:08:45,WAT,0.0,0.0,101.9,783.0
571963,2026-10-06 15:08:45,MAC,5.7,77.0,102.4,173.0
571964,2026-10-06 15:11:46,AIR,1.4,28.0,102.9,1007.0
571965,2026-10-06 15:11:46,ICE,62.5,796.0,102.9,364.0
571966,2026-10-06 15:11:46,WAT,0.0,0.0,101.9,783.0
571967,2026-10-06 15:11:46,MAC,5.7,77.0,102.4,173.0
571968,2026-10-06 15:14:47,AIR,1.4,28.0,102.9,1007.0
571969,2026-10-06 15:14:47,ICE,62.5,796.0,102.9,364.0
571970,2026-10-06 15:14:47,WAT,0.0,0.0,101.9,783.0
571971,2026-10-06 15:14:47,MAC,5.7,77.0,102.4,173.0
571972,2026-10-06 15:17:49,AIR,1.4,28.0,102.9,1007.0
571973,2026-10-06 15:17:49,ICE,62.5,796.0,102.9,364.0
571974,2026-10-06 15:17:49,WAT,0.0,0.0,101.9,783.0
571975,2026-10-06 15:17:49,MAC,5.7,77.0,102.4,173.0
571976,2026-10-06 15:20:50,AIR,1.4,28.0,102.9,1007.0
571977,2026-10-06 15:20:50,ICE,62.5,796.0,102.9,364.0
571978,2026-10-06 15:20:50,WAT,0.0,0.0,101.9,783.0
571979,2026-10-06 15:20:50,MAC,5.7,77.0,102.4,173.0
571980,2026-10-06 15:23:52,AIR,1.4,28.0,102.9,1007.0
571981,2026-10-06 15:23:52,ICE,62.5,796.0,102.9,364.0
571982,2026-10-06 15:23:52,WAT,0.0,0.0,101.9,783.0
571983,2026-10-06 15:23:52,MAC,5.7,77.0,102.4,173.0
571984,2026-10-06 15:26:53,AIR,1.4,28.0,102.9,1007.0
571985,2026-10-06 15:26:53,ICE,3.0,29.0,102.9,384.0
571986,2026-10-06 15:26:53,WAT,0.0,0.0,101.9,783.0
571987,2026-10-06 15:26:53,MAC,5.7,77.0,102.4,173.0
571988,2026-10-06 15:29:54,AIR,1.4,28.0,102.9,1007.0
571989,2026-10-06 15:29:54,ICE,3.0,29.0,102.9,384.0
571990,2026-10-06 15:29:54,WAT,0.0,0.0,101.9,783.0
571991,2026-10-06 15:29:54,MAC,5.7,77.0,102.4,173.0
571992,2026-10-06 15:32:55,AIR,1.4,28.0,102.9,1007.0
571993,2026-10-06 15:32:55,ICE,3.0,29.0,102.9,384.0
571994,2026-10-06 15:32:55,WAT,0.0,0.0,101.9,783.0
571995,2026-10-06 15:32:55,MAC,5.7,77.0,102.4,173.0
571996,2026-10-06 15:35:57,AIR,1.4,28.0,102.9,1007.0
571997,2026-10-06 15:35:57,ICE,3.0,29.0,102.9,384.0
571998,2026-10-06 15:35:57,WAT,0.0,0.0,101.9,783.0
571999,2026-10-06 15:35:57,MAC,5.7,77.0,102.4,173.0
572000,2026-10-06 15:38:58,AIR,1.4,28.0,102.9,1007.0
572001,2026-10-06 15:38:58,ICE,3.0,29.0,102.9,384.0
572002,2026-10-06 15:38:58,WAT,0.0,0.0,101.9,783.0
572003,2026-10-06 15:38:58,MAC,5.7,77.0,102.4,173.0
572004,2026-10-06 15:42:00,AIR,1.4,28.0,102.9,1007.0
572005,2026-10-06 15:42:00,ICE,39.0,500.0,102.9,400.0
572006,2026-10-06 15:42:00,WAT,0.0,0.0,101.9,783.0
572007,2026-10-06 15:42:00,MAC,4.6,65.0,102.5,402.0
572008,2026-10-06 15:45:02,AIR,1.4,28.0,102.9,1007.0
572009,2026-10-06 15:45:02,ICE,39.0,500.0,102.9,400.0
572010,2026-10-06 15:45:02,WAT,0.0,0.0,101.9,783.0
572011,2026-10-06 15:45:02,MAC,4.6,65.0,102.5,402.0
572012,2026-10-06 15:48:06,AIR,1.4,28.0,102.9,1007.0
572013,2026-10-06 15:48:06,ICE,39.0,500.0,102.9,400.0
572014,2026-10-06 15:48:06,WAT,0.0,0.0,101.9,783.0
572015,2026-10-06 15:48:06,MAC,4.6,65.0,102.5,402.0
572016,2026-10-06 15:51:07,AIR,1.4,28.0,102.9,1007.0
572017,2026-10-06 15:51:07,ICE,39.0,500.0,102.9,400.0
572018,2026-10-06 15:51:07,WAT,0.0,0.0,101.9,783.0
572019,2026-10-06 15:51:07,MAC,4.6,65.0,102.5,402.0
572020,2026-10-06 15:54:08,AIR,1.4,28.0,102.9,1007.0
572021,2026-10-06 15:54:08,ICE,39.0,500.0,102.9,400.0
572022,2026-10-06 15:54:08,WAT,0.0,0.0,101.9,783.0
572023,2026-10-06 15:54:08,MAC,4.6,65.0,102.5,402.0
572024,2026-10-06 15:57:10,AIR,1.4,28.0,102.9,1007.0
572025,2026-10-06 15:57:10,ICE,39.0,500.0,102.9,400.0
572026,2026-10-06 15:57:10,WAT,0.0,0.0,101.9,783.0
572027,2026-10-06 15:57:10,MAC,4.6,65.0,102.5,402.0
572028,2026-10-06 16:00:12,AIR,1.4,28.0,102.9,1007.0
572029,2026-10-06 16:00:12,ICE,39.0,500.0,102.9,400.0
572030,2026-10-06 16:00:12,WAT,0.0,0.0,101.9,783.0
572031,2026-10-06 16:00:12,MAC,4.6,65.0,102.5,402.0
572032,2026-10-06 16:03:22,AIR,1.4,28.0,102.9,1007.0
572033,2026-10-06 16:03:22,ICE,39.0,500.0,102.9,400.0
572034,2026-10-06 16:03:22,WAT,0.0,0.0,101.9,783.0
572035,2026-10-06 16:03:22,MAC,4.6,65.0,102.5,402.0
572036,2026-10-06 16:06:23,AIR,1.4,28.0,102.9,1007.0
572037,2026-10-06 16:06:23,ICE,39.0,500.0,102.9,400.0
572038,2026-10-06 16:06:23,WAT,0.0,0.0,101.9,783.0
572039,2026-10-06 16:06:23,MAC,4.6,65.0,102.5,402.0
572040,2026-10-06 16:09:25,AIR,1.4,28.0,102.9,1007.0
572041,2026-10-06 16:09:25,ICE,39.0,500.0,102.9,400.0
572042,2026-10-06 16:09:25,WAT,0.0,0.0,101.9,783.0
572043,2026-10-06 16:09:25,MAC,4.6,65.0,102.5,402.0
572044,2026-10-06 16:12:26,AIR,1.4,28.0,102.9,1007.0
572045,2026-10-06 16:12:26,ICE,39.0,500.0,102.9,400.0
572046,2026-10-06 16:12:26,WAT,0.0,0.0,101.9,783.0
572047,2026-10-06 16:12:26,MAC,4.6,65.0,102.5,402.0
572048,2026-10-06 16:15:27,AIR,1.4,28.0,102.9,1007.0
572049,2026-10-06 16:15:27,ICE,39.0,500.0,102.9,400.0
572050,2026-10-06 16:15:27,WAT,0.0,0.0,101.9,783.0
572051,2026-10-06 16:15:27,MAC,4.6,65.0,102.5,402.0
572052,2026-10-06 16:18:29,AIR,1.4,28.0,102.9,1007.0
572053,2026-10-06 16:18:29,ICE,39.0,500.0,102.9,400.0
572054,2026-10-06 16:18:29,WAT,0.0,0.0,101.9,783.0
572055,2026-10-06 16:18:29,MAC,4.6,65.0,102.5,402.0
572056,2026-10-06 16:21:30,AIR,1.4,28.0,102.9,1007.0
572057,2026-10-06 16:21:30,ICE,39.0,500.0,102.9,400.0
572058,2026-10-06 16:21:30,WAT,0.0,0.0,101.9,783.0
572059,2026-10-06 16:21:30,MAC,4.6,65.0,102.5,402.0
572060,2026-10-06 16:24:31,AIR,1.4,28.0,102.9,1007.0
572061,2026-10-06 16:24:31,ICE,39.0,500.0,102.9,400.0
572062,2026-10-06 16:24:31,WAT,0.0,0.0,101.9,783.0
572063,2026-10-06 16:24:31,MAC,4.6,65.0,102.5,402.0
572064,2026-10-06 16:27:33,AIR,1.4,28.0,102.9,1007.0
572065,2026-10-06 16:27:33,ICE,39.0,500.0,102.9,400.0
572066,2026-10-06 16:27:33,WAT,0.0,0.0,101.9,783.0
572067,2026-10-06 16:27:33,MAC,4.6,65.0,102.5,402.0
572068,2026-10-06 16:30:34,AIR,1.4,28.0,102.9,1007.0
572069,2026-10-06 16:30:34,ICE,39.0,500.0,102.9,400.0
572070,2026-10-06 16:30:34,WAT,0.0,0.0,101.9,783.0
572071,2026-10-06 16:30:34,MAC,4.6,65.0,102.5,402.0
572072,2026-10-06 16:33:35,AIR,1.4,28.0,102.9,1007.0
572073,2026-10-06 16:33:35,ICE,39.0,500.0,102.9,400.0
572074,2026-10-06 16:33:35,WAT,0.0,0.0,101.9,783.0
572075,2026-10-06 16:33:35,MAC,4.6,65.0,102.5,402.0
572076,2026-10-06 16:36:38,AIR,1.4,28.0,102.9,1007.0
572077,2026-10-06 16:36:38,ICE,39.0,500.0,102.9,400.0
572078,2026-10-06 16:36:38,WAT,0.0,0.0,101.9,783.0
572079,2026-10-06 16:36:38,MAC,4.6,65.0,102.5,402.0
572080,2026-10-06 16:39:39,AIR,1.4,28.0,102.9,1007.0
572081,2026-10-06 16:39:39,ICE,39.0,500.0,102.9,400.0
572082,2026-10-06 16:39:39,WAT,0.0,0.0,101.9,783.0
572083,2026-10-06 16:39:39,MAC,4.6,65.0,102.5,402.0
572084,2026-10-06 16:42:40,AIR,1.4,28.0,102.9,1007.0
572085,2026-10-06 16:42:40,ICE,39.0,500.0,102.9,400.0
572086,2026-10-06 16:42:40,WAT,0.0,0.0,101.9,783.0
572087,2026-10-06 16:42:40,MAC,4.6,65.0,102.5,402.0
572088,2026-10-06 16:45:42,AIR,1.4,28.0,102.9,1007.0
572089,2026-10-06 16:45:42,ICE,39.0,500.0,102.9,400.0
572090,2026-10-06 16:45:42,WAT,0.0,0.0,101.9,783.0
572091,2026-10-06 16:45:42,MAC,4.6,65.0,102.5,402.0
572092,2026-10-06 16:48:43,AIR,1.4,28.0,102.9,1007.0
572093,2026-10-06 16:48:43,ICE,39.0,500.0,102.9,400.0
572094,2026-10-06 16:48:43,WAT,0.0,0.0,101.9,783.0
572095,2026-10-06 16:48:43,MAC,4.6,65.0,102.5,402.0
572096,2026-10-06 16:51:44,AIR,1.4,28.0,102.9,1007.0
572097,2026-10-06 16:51:44,ICE,39.0,500.0,102.9,400.0
572098,2026-10-06 16:51:44,WAT,0.0,0.0,101.9,783.0
572099,2026-10-06 16:51:44,MAC,4.6,65.0,102.5,402.0
572100,2026-10-06 16:54:45,AIR,1.4,28.0,102.9,1007.0
572101,2026-10-06 16:54:45,ICE,39.0,500.0,102.9,400.0
572102,2026-10-06 16:54:45,WAT,0.0,0.0,101.9,783.0
572103,2026-10-06 16:54:45,MAC,4.6,65.0,102.5,402.0
572104,2026-10-06 16:57:47,AIR,1.4,28.0,102.9,1007.0
572105,2026-10-06 16:57:47,ICE,39.0,500.0,102.9,400.0
572106,2026-10-06 16:57:47,WAT,0.0,0.0,101.9,783.0
572107,2026-10-06 16:57:47,MAC,4.6,65.0,102.5,402.0
572108,2026-10-06 17:00:48,AIR,1.4,28.0,102.9,1007.0
572109,2026-10-06 17:00:48,ICE,39.0,500.0,102.9,400.0
572110,2026-10-06 17:00:48,WAT,0.0,0.0,101.9,783.0
572111,2026-10-06 17:00:48,MAC,4.6,65.0,102.5,402.0
572112,2026-10-06 17:03:50,AIR,1.4,28.0,102.9,1007.0
572113,2026-10-06 17:03:50,ICE,39.0,500.0,102.9,400.0
572114,2026-10-06 17:03:50,WAT,0.0,0.0,101.9,783.0
572115,2026-10-06 17:03:50,MAC,4.6,65.0,102.5,402.0
572116,2026-10-06 17:06:51,AIR,1.4,28.0,102.9,1007.0
572117,2026-10-06 17:06:51,ICE,39.0,500.0,102.9,400.0
572118,2026-10-06 17:06:51,WAT,0.0,0.0,101.9,783.0
572119,2026-10-06 17:06:51,MAC,4.6,65.0,102.5,402.0
572120,2026-10-06 17:09:52,AIR,1.4,28.0,102.9,1007.0
572121,2026-10-06 17:09:52,ICE,39.0,500.0,102.9,400.0
572122,2026-10-06 17:09:52,WAT,0.0,0.0,101.9,783.0
572123,2026-10-06 17:09:52,MAC,4.6,65.0,102.5,402.0
572124,2026-10-06 17:12:54,AIR,1.4,28.0,102.9,1007.0
572125,2026-10-06 17:12:54,ICE,39.0,500.0,102.9,400.0
572126,2026-10-06 17:12:54,WAT,0.0,0.0,101.9,783.0
572127,2026-10-06 17:12:54,MAC,4.6,65.0,102.5,402.0
572128,2026-10-06 17:15:55,AIR,1.4,28.0,102.9,1007.0
572129,2026-10-06 17:15:55,ICE,39.0,500.0,102.9,400.0
572130,2026-10-06 17:15:55,WAT,0.0,0.0,101.9,783.0
572131,2026-10-06 17:15:55,MAC,4.6,65.0,102.5,402.0
572132,2026-10-06 17:18:56,AIR,1.4,28.0,102.9,1007.0
572133,2026-10-06 17:18:56,ICE,39.0,500.0,102.9,400.0
572134,2026-10-06 17:18:56,WAT,0.0,0.0,101.9,783.0
572135,2026-10-06 17:18:56,MAC,4.6,65.0,102.5,402.0
572136,2026-10-06 17:21:58,AIR,1.4,28.0,102.9,1007.0
572137,2026-10-06 17:21:58,ICE,60.4,770.0,103.7,499.0
572138,2026-10-06 17:21:58,WAT,0.0,0.0,101.9,783.0
572139,2026-10-06 17:21:58,MAC,4.6,65.0,102.5,402.0
572140,2026-10-06 17:24:59,AIR,1.4,28.0,102.9,1007.0
572141,2026-10-06 17:24:59,ICE,60.4,770.0,103.7,499.0
572142,2026-10-06 17:24:59,WAT,0.0,0.0,101.9,783.0
572143,2026-10-06 17:24:59,MAC,4.6,65.0,102.5,402.0
572144,2026-10-06 17:28:00,AIR,1.4,28.0,102.9,1007.0
572145,2026-10-06 17:28:00,ICE,60.4,770.0,103.7,499.0
572146,2026-10-06 17:28:00,WAT,0.0,0.0,101.9,783.0
572147,2026-10-06 17:28:00,MAC,4.6,65.0,102.5,402.0
572148,2026-10-06 17:31:02,AIR,1.4,28.0,102.9,1007.0
572149,2026-10-06 17:31:02,ICE,60.4,770.0,103.7,499.0
572150,2026-10-06 17:31:02,WAT,0.0,0.0,101.9,783.0
572151,2026-10-06 17:31:02,MAC,4.6,65.0,102.5,402.0
572152,2026-10-06 17:34:04,AIR,1.4,28.0,102.9,1007.0
572153,2026-10-06 17:34:04,ICE,60.4,770.0,103.7,499.0
572154,2026-10-06 17:34:04,WAT,0.0,0.0,101.9,783.0
572155,2026-10-06 17:34:04,MAC,4.6,65.0,102.5,402.0
572156,2026-10-06 17:37:05,AIR,1.4,28.0,102.9,1007.0
572157,2026-10-06 17:37:05,ICE,60.4,770.0,103.7,499.0
572158,2026-10-06 17:37:05,WAT,0.0,0.0,101.9,783.0
572159,2026-10-06 17:37:05,MAC,4.6,65.0,102.5,402.0
572160,2026-10-06 17:40:07,AIR,1.4,28.0,102.9,1007.0
572161,2026-10-06 17:40:07,ICE,60.4,770.0,103.7,499.0
572162,2026-10-06 17:40:07,WAT,0.0,0.0,101.9,783.0
572163,2026-10-06 17:40:07,MAC,4.6,65.0,102.5,402.0
572164,2026-10-06 17:43:08,AIR,1.4,28.0,102.9,1007.0
572165,2026-10-06 17:43:08,ICE,1.4,29.0,103.7,522.0
572166,2026-10-06 17:43:08,WAT,0.0,0.0,101.9,783.0
572167,2026-10-06 17:43:08,MAC,4.6,65.0,102.5,402.0
572168,2026-10-06 17:46:10,AIR,1.4,28.0,102.9,1007.0
572169,2026-10-06 17:46:10,ICE,1.4,29.0,103.7,522.0
572170,2026-10-06 17:46:10,WAT,0.0,0.0,101.9,783.0
572171,2026-10-06 17:46:10,MAC,4.6,65.0,102.5,402.0
572172,2026-10-06 17:49:11,AIR,1.4,28.0,102.9,1007.0
572173,2026-10-06 17:49:11,ICE,1.4,29.0,103.7,522.0
572174,2026-10-06 17:49:11,WAT,0.0,0.0,101.9,783.0
572175,2026-10-06 17:49:11,MAC,4.6,65.0,102.5,402.0
572176,2026-10-06 17:52:13,AIR,1.4,28.0,102.9,1007.0
572177,2026-10-06 17:52:13,ICE,1.4,29.0,103.7,522.0
572178,2026-10-06 17:52:13,WAT,0.0,0.0,101.9,783.0
572179,2026-10-06 17:52:13,MAC,4.6,65.0,102.5,402.0
572180,2026-10-06 17:55:14,AIR,1.4,28.0,102.9,1007.0
572181,2026-10-06 17:55:14,ICE,1.4,29.0,103.7,522.0
572182,2026-10-06 17:55:14,WAT,0.0,0.0,101.9,783.0
572183,2026-10-06 17:55:14,MAC,4.6,65.0,102.5,402.0
572184,2026-10-06 17:58:16,AIR,1.4,28.0,102.9,1007.0
572185,2026-10-06 17:58:16,ICE,39.9,504.0,104.1,537.0
572186,2026-10-06 17:58:16,WAT,0.0,0.0,101.9,783.0
572187,2026-10-06 17:58:16,MAC,4.6,65.0,102.5,402.0
572188,2026-10-06 18:01:17,AIR,1.4,28.0,102.9,1007.0
572189,2026-10-06 18:01:17,ICE,39.9,504.0,104.1,537.0
572190,2026-10-06 18:01:17,WAT,0.0,0.0,101.9,783.0
572191,2026-10-06 18:01:17,MAC,4.6,65.0,102.5,402.0
572192,2026-10-06 18:04:19,AIR,1.4,28.0,102.9,1007.0
572193,2026-10-06 18:04:19,ICE,39.9,504.0,104.1,537.0
572194,2026-10-06 18:04:19,WAT,0.0,0.0,101.9,783.0
572195,2026-10-06 18:04:19,MAC,4.6,65.0,102.5,402.0
572196,2026-10-06 18:07:21,AIR,1.4,28.0,102.9,1007.0
572197,2026-10-06 18:07:21,ICE,39.9,504.0,104.1,537.0
572198,2026-10-06 18:07:21,WAT,0.0,0.0,101.9,783.0
572199,2026-10-06 18:07:21,MAC,4.6,65.0,102.5,402.0
572200,2026-10-06 18:10:22,AIR,1.4,28.0,102.9,1007.0
572201,2026-10-06 18:10:22,ICE,39.9,504.0,104.1,537.0
572202,2026-10-06 18:10:22,WAT,0.0,0.0,101.9,783.0
572203,2026-10-06 18:10:22,MAC,4.6,65.0,102.5,402.0
572204,2026-10-06 18:13:24,AIR,1.4,28.0,102.9,1007.0
572205,2026-10-06 18:13:24,ICE,39.9,504.0,104.1,537.0
572206,2026-10-06 18:13:24,WAT,0.0,0.0,101.9,783.0
572207,2026-10-06 18:13:24,MAC,4.6,65.0,102.5,402.0
572208,2026-10-06 18:16:25,AIR,1.4,28.0,102.9,1007.0
572209,2026-10-06 18:16:25,ICE,39.9,504.0,104.1,537.0
572210,2026-10-06 18:16:25,WAT,0.0,0.0,101.9,783.0
572211,2026-10-06 18:16:25,MAC,4.6,65.0,102.5,402.0
572212,2026-10-06 18:19:27,AIR,1.4,28.0,102.9,1007.0
572213,2026-10-06 18:19:27,ICE,39.9,504.0,104.1,537.0
572214,2026-10-06 18:19:27,WAT,0.0,0.0,101.9,783.0
572215,2026-10-06 18:19:27,MAC,4.6,65.0,102.5,402.0
572216,2026-10-06 18:22:28,AIR,1.4,28.0,102.9,1007.0
572217,2026-10-06 18:22:28,ICE,39.9,504.0,104.1,537.0
572218,2026-10-06 18:22:28,WAT,0.0,0.0,101.9,783.0
572219,2026-10-06 18:22:28,MAC,4.6,65.0,102.5,402.0
572220,2026-10-06 18:25:30,AIR,1.4,28.0,102.9,1007.0
572221,2026-10-06 18:25:30,ICE,39.9,504.0,104.1,537.0
572222,2026-10-06 18:25:30,WAT,0.0,0.0,101.9,783.0
572223,2026-10-06 18:25:30,MAC,4.6,65.0,102.5,402.0
572224,2026-10-06 18:28:31,AIR,1.4,28.0,102.9,1007.0
572225,2026-10-06 18:28:31,ICE,39.9,504.0,104.1,537.0
572226,2026-10-06 18:28:31,WAT,0.0,0.0,101.9,783.0
572227,2026-10-06 18:28:31,MAC,4.6,65.0,102.5,402.0
572228,2026-10-06 18:31:33,AIR,1.4,28.0,102.9,1007.0
572229,2026-10-06 18:31:33,ICE,39.9,504.0,104.1,537.0
572230,2026-10-06 18:31:33,WAT,0.0,0.0,101.9,783.0
572231,2026-10-06 18:31:33,MAC,4.6,65.0,102.5,402.0
572232,2026-10-06 18:34:34,AIR,1.4,28.0,102.9,1007.0
572233,2026-10-06 18:34:34,ICE,39.9,504.0,104.1,537.0
572234,2026-10-06 18:34:34,WAT,0.0,0.0,101.9,783.0
572235,2026-10-06 18:34:34,MAC,4.6,65.0,102.5,402.0
572236,2026-10-06 18:37:36,AIR,1.4,28.0,102.9,1007.0
572237,2026-10-06 18:37:36,ICE,39.9,504.0,104.1,537.0
572238,2026-10-06 18:37:36,WAT,0.0,0.0,101.9,783.0
572239,2026-10-06 18:37:36,MAC,4.6,65.0,102.5,402.0
572240,2026-10-06 18:40:37,AIR,1.4,28.0,102.9,1007.0
572241,2026-10-06 18:40:37,ICE,39.9,504.0,104.1,537.0
572242,2026-10-06 18:40:37,WAT,0.0,0.0,101.9,783.0
572243,2026-10-06 18:40:37,MAC,4.6,65.0,102.5,402.0
572244,2026-10-06 18:43:39,AIR,1.4,28.0,102.9,1007.0
572245,2026-10-06 18:43:39,ICE,39.9,504.0,104.1,537.0
572246,2026-10-06 18:43:39,WAT,0.0,0.0,101.9,783.0
572247,2026-10-06 18:43:39,MAC,4.6,65.0,102.5,402.0
572248,2026-10-06 18:46:40,AIR,1.4,28.0,102.9,1007.0
572249,2026-10-06 18:46:40,ICE,39.9,504.0,104.1,537.0
572250,2026-10-06 18:46:40,WAT,0.0,0.0,101.9,783.0
572251,2026-10-06 18:46:40,MAC,4.6,65.0,102.5,402.0
572252,2026-10-06 18:49:41,AIR,1.4,28.0,102.9,1007.0
572253,2026-10-06 18:49:41,ICE,39.9,504.0,104.1,537.0
572254,2026-10-06 18:49:41,WAT,0.0,0.0,101.9,783.0
572255,2026-10-06 18:49:41,MAC,4.6,65.0,102.5,402.0
572256,2026-10-06 18:52:43,AIR,1.4,28.0,102.9,1007.0
572257,2026-10-06 18:52:43,ICE,39.9,504.0,104.1,537.0
572258,2026-10-06 18:52:43,WAT,0.0,0.0,101.9,783.0
572259,2026-10-06 18:52:43,MAC,4.6,65.0,102.5,402.0
572260,2026-10-06 18:55:44,AIR,1.4,28.0,102.9,1007.0
572261,2026-10-06 18:55:44,ICE,39.9,504.0,104.1,537.0
572262,2026-10-06 18:55:44,WAT,0.0,0.0,101.9,783.0
572263,2026-10-06 18:55:44,MAC,4.6,65.0,102.5,402.0
572264,2026-10-06 18:58:46,AIR,1.4,28.0,102.9,1007.0
572265,2026-10-06 18:58:46,ICE,39.9,504.0,104.1,537.0
572266,2026-10-06 18:58:46,WAT,0.0,0.0,101.9,783.0
572267,2026-10-06 18:58:46,MAC,4.6,65.0,102.5,402.0
572268,2026-10-06 19:01:47,AIR,1.4,28.0,102.9,1007.0
572269,2026-10-06 19:01:47,ICE,39.9,504.0,104.1,537.0
572270,2026-10-06 19:01:47,WAT,0.0,0.0,101.9,783.0
572271,2026-10-06 19:01:47,MAC,4.6,65.0,102.5,402.0
572272,2026-10-06 19:04:49,AIR,1.4,28.0,102.9,1007.0
572273,2026-10-06 19:04:49,ICE,39.9,504.0,104.1,537.0
572274,2026-10-06 19:04:49,WAT,0.0,0.0,101.9,783.0
572275,2026-10-06 19:04:49,MAC,4.6,65.0,102.5,402.0
572276,2026-10-06 19:07:50,AIR,1.4,28.0,102.9,1007.0
572277,2026-10-06 19:07:50,ICE,39.9,504.0,104.1,537.0
572278,2026-10-06 19:07:50,WAT,0.0,0.0,101.9,783.0
572279,2026-10-06 19:07:50,MAC,4.6,65.0,102.5,402.0
572280,2026-10-06 19:10:51,AIR,1.4,28.0,102.9,1007.0
572281,2026-10-06 19:10:51,ICE,39.9,504.0,104.1,537.0
572282,2026-10-06 19:10:51,WAT,0.0,0.0,101.9,783.0
572283,2026-10-06 19:10:51,MAC,4.6,65.0,102.5,402.0
572284,2026-10-06 19:13:52,AIR,1.4,28.0,102.9,1007.0
572285,2026-10-06 19:13:52,ICE,39.9,504.0,104.1,537.0
572286,2026-10-06 19:13:52,WAT,0.0,0.0,101.9,783.0
572287,2026-10-06 19:13:52,MAC,4.6,65.0,102.5,402.0
572288,2026-10-06 19:16:54,AIR,1.4,28.0,102.9,1007.0
572289,2026-10-06 19:16:54,ICE,39.9,504.0,104.1,537.0
572290,2026-10-06 19:16:54,WAT,0.0,0.0,101.9,783.0
572291,2026-10-06 19:16:54,MAC,4.6,65.0,102.5,402.0
572292,2026-10-06 19:19:55,AIR,1.4,28.0,102.9,1007.0
572293,2026-10-06 19:19:55,ICE,39.9,504.0,104.1,537.0
572294,2026-10-06 19:19:55,WAT,0.0,0.0,101.9,783.0
572295,2026-10-06 19:19:55,MAC,4.6,65.0,102.5,402.0
572296,2026-10-06 19:22:56,AIR,1.4,28.0,102.9,1007.0
572297,2026-10-06 19:22:56,ICE,39.9,504.0,104.1,537.0
572298,2026-10-06 19:22:56,WAT,0.0,0.0,101.9,783.0
572299,2026-10-06 19:22:56,MAC,4.6,65.0,102.5,402.0
572300,2026-10-06 19:25:58,AIR,1.4,28.0,102.9,1007.0
572301,2026-10-06 19:25:58,ICE,39.9,504.0,104.1,537.0
572302,2026-10-06 19:25:58,WAT,0.0,0.0,101.9,783.0
572303,2026-10-06 19:25:58,MAC,4.6,65.0,102.5,402.0
572304,2026-10-06 19:28:59,AIR,1.4,28.0,102.9,1007.0
572305,2026-10-06 19:28:59,ICE,39.9,504.0,104.1,537.0
572306,2026-10-06 19:28:59,WAT,0.0,0.0,101.9,783.0
572307,2026-10-06 19:28:59,MAC,4.6,65.0,102.5,402.0
572308,2026-10-06 19:31:59,AIR,1.4,28.0,102.9,1007.0
572309,2026-10-06 19:31:59,ICE,39.9,504.0,104.1,537.0
572310,2026-10-06 19:31:59,WAT,0.0,0.0,101.9,783.0
572311,2026-10-06 19:31:59,MAC,4.6,65.0,102.5,402.0
572312,2026-10-06 19:35:01,AIR,1.4,28.0,102.9,1007.0
572313,2026-10-06 19:35:01,ICE,39.9,504.0,104.1,537.0
572314,2026-10-06 19:35:01,WAT,0.0,0.0,101.9,783.0
572315,2026-10-06 19:35:01,MAC,4.6,65.0,102.5,402.0
572316,2026-10-06 19:38:03,AIR,1.4,28.0,102.9,1007.0
572317,2026-10-06 19:38:03,ICE,39.9,504.0,104.1,537.0
572318,2026-10-06 19:38:03,WAT,0.0,0.0,101.9,783.0
572319,2026-10-06 19:38:03,MAC,4.6,65.0,102.5,402.0
572320,2026-10-06 19:41:04,AIR,1.4,28.0,102.9,1007.0
572321,2026-10-06 19:41:04,ICE,39.9,504.0,104.1,537.0
572322,2026-10-06 19:41:04,WAT,0.0,0.0,101.9,783.0
572323,2026-10-06 19:41:04,MAC,4.6,65.0,102.5,402.0
572324,2026-10-06 19:44:05,AIR,1.4,28.0,102.9,1007.0
572325,2026-10-06 19:44:05,ICE,62.5,790.0,102.5,643.0
572326,2026-10-06 19:44:05,WAT,0.0,0.0,101.9,783.0
572327,2026-10-06 19:44:05,MAC,4.6,65.0,102.5,402.0
572328,2026-10-06 19:47:07,AIR,1.4,28.0,102.9,1007.0
572329,2026-10-06 19:47:07,ICE,62.5,790.0,102.5,643.0
572330,2026-10-06 19:47:07,WAT,0.0,0.0,101.9,783.0
572331,2026-10-06 19:47:07,MAC,4.6,65.0,102.5,402.0
572332,2026-10-06 19:50:10,AIR,1.4,28.0,102.9,1007.0
572333,2026-10-06 19:50:10,ICE,62.5,790.0,102.5,643.0
572334,2026-10-06 19:50:10,WAT,0.0,0.0,101.9,783.0
572335,2026-10-06 19:50:10,MAC,4.6,65.0,102.5,402.0
572336,2026-10-06 19:53:11,AIR,1.4,28.0,102.9,1007.0
572337,2026-10-06 19:53:11,ICE,62.5,790.0,102.5,643.0
572338,2026-10-06 19:53:11,WAT,0.0,0.0,101.9,783.0
572339,2026-10-06 19:53:11,MAC,4.6,65.0,102.5,402.0
572340,2026-10-06 19:56:13,AIR,1.4,28.0,102.9,1007.0
572341,2026-10-06 19:56:13,ICE,62.5,790.0,102.5,643.0
572342,2026-10-06 19:56:13,WAT,0.0,0.0,101.9,783.0
572343,2026-10-06 19:56:13,MAC,4.6,65.0,102.5,402.0
572344,2026-10-06 19:59:14,AIR,1.4,28.0,102.9,1007.0
572345,2026-10-06 19:59:14,ICE,62.5,790.0,102.5,643.0
572346,2026-10-06 19:59:14,WAT,0.0,0.0,101.9,783.0
572347,2026-10-06 19:59:14,MAC,4.6,65.0,102.5,402.0
572348,2026-10-06 20:02:16,AIR,1.4,28.0,102.9,1007.0
572349,2026-10-06 20:02:16,ICE,62.5,790.0,102.5,643.0
572350,2026-10-06 20:02:16,WAT,0.0,0.0,101.9,783.0
572351,2026-10-06 20:02:16,MAC,4.6,65.0,102.5,402.0
572352,2026-10-06 20:05:17,AIR,1.4,28.0,102.9,1007.0
572353,2026-10-06 20:05:17,ICE,62.5,790.0,102.5,643.0
572354,2026-10-06 20:05:17,WAT,0.0,0.0,101.9,783.0
572355,2026-10-06 20:05:17,MAC,4.6,65.0,102.5,402.0
572356,2026-10-06 20:08:19,AIR,1.4,28.0,102.9,1007.0
572357,2026-10-06 20:08:19,ICE,62.5,790.0,102.5,643.0
572358,2026-10-06 20:08:19,WAT,0.0,0.0,101.9,783.0
572359,2026-10-06 20:08:19,MAC,4.6,65.0,102.5,402.0
572360,2026-10-06 20:11:20,AIR,1.4,28.0,102.9,1007.0
572361,2026-10-06 20:11:20,ICE,62.5,790.0,102.5,643.0
572362,2026-10-06 20:11:20,WAT,0.0,0.0,101.9,783.0
572363,2026-10-06 20:11:20,MAC,4.6,65.0,102.5,402.0
572364,2026-10-06 20:14:21,AIR,1.4,28.0,102.9,1007.0
572365,2026-10-06 20:14:21,ICE,62.5,790.0,102.5,643.0
572366,2026-10-06 20:14:21,WAT,0.0,0.0,101.9,783.0
572367,2026-10-06 20:14:21,MAC,4.6,65.0,102.5,402.0
572368,2026-10-06 20:17:23,AIR,1.4,28.0,102.9,1007.0
572369,2026-10-06 20:17:23,ICE,62.5,790.0,102.5,643.0
572370,2026-10-06 20:17:23,WAT,0.0,0.0,101.9,783.0
572371,2026-10-06 20:17:23,MAC,4.6,65.0,102.5,402.0
572372,2026-10-06 20:20:24,AIR,1.4,28.0,102.9,1007.0
572373,2026-10-06 20:20:24,ICE,62.5,790.0,102.5,643.0
572374,2026-10-06 20:20:24,WAT,0.0,0.0,101.9,783.0
572375,2026-10-06 20:20:24,MAC,4.6,65.0,102.5,402.0
572376,2026-10-06 20:23:25,AIR,1.4,28.0,102.9,1007.0
572377,2026-10-06 20:23:25,ICE,62.5,790.0,102.5,643.0
572378,2026-10-06 20:23:25,WAT,0.0,0.0,101.9,783.0
572379,2026-10-06 20:23:25,MAC,4.6,65.0,102.5,402.0
572380,2026-10-06 20:26:27,AIR,1.4,28.0,102.9,1007.0
572381,2026-10-06 20:26:27,ICE,62.5,790.0,102.5,643.0
572382,2026-10-06 20:26:27,WAT,0.0,0.0,101.9,783.0
572383,2026-10-06 20:26:27,MAC,4.6,65.0,102.5,402.0
572384,2026-10-06 20:29:28,AIR,1.4,28.0,102.9,1007.0
572385,2026-10-06 20:29:28,ICE,3.0,29.0,102.4,689.0
572386,2026-10-06 20:29:28,WAT,0.0,0.0,101.9,783.0
572387,2026-10-06 20:29:28,MAC,4.6,65.0,102.5,402.0
572388,2026-10-06 20:32:30,AIR,1.4,28.0,102.9,1007.0
572389,2026-10-06 20:32:30,ICE,3.0,29.0,102.4,689.0
572390,2026-10-06 20:32:30,WAT,0.0,0.0,101.9,783.0
572391,2026-10-06 20:32:30,MAC,4.6,65.0,102.5,402.0
572392,2026-10-06 20:35:32,AIR,1.4,28.0,102.9,1007.0
572393,2026-10-06 20:35:32,ICE,3.0,29.0,102.4,689.0
572394,2026-10-06 20:35:32,WAT,0.0,0.0,101.9,783.0
572395,2026-10-06 20:35:32,MAC,27.8,506.0,102.1,694.0
572396,2026-10-06 20:38:33,AIR,1.4,28.0,102.9,1007.0
572397,2026-10-06 20:38:33,ICE,3.0,29.0,102.4,689.0
572398,2026-10-06 20:38:33,WAT,0.0,0.0,101.9,783.0
572399,2026-10-06 20:38:33,MAC,40.7,526.0,102.3,698.0
572400,2026-10-06 20:41:34,AIR,1.4,28.0,102.9,1007.0
572401,2026-10-06 20:41:34,ICE,3.0,29.0,102.4,689.0
572402,2026-10-06 20:41:34,WAT,0.0,0.0,101.9,783.0
572403,2026-10-06 20:41:34,MAC,40.7,526.0,102.3,698.0
572404,2026-10-06 20:44:36,AIR,1.4,28.0,102.9,1007.0
572405,2026-10-06 20:44:36,ICE,49.3,644.0,102.8,704.0
572406,2026-10-06 20:44:36,WAT,0.0,0.0,101.9,783.0
572407,2026-10-06 20:44:36,MAC,40.7,526.0,102.3,698.0
572408,2026-10-06 20:47:37,AIR,1.4,28.0,102.9,1007.0
572409,2026-10-06 20:47:37,ICE,38.5,490.0,102.5,705.0
572410,2026-10-06 20:47:37,WAT,0.0,0.0,101.9,783.0
572411,2026-10-06 20:47:37,MAC,40.7,526.0,102.3,698.0
572412,2026-10-06 20:50:38,AIR,1.4,28.0,102.9,1007.0
572413,2026-10-06 20:50:38,ICE,38.5,490.0,102.5,705.0
572414,2026-10-06 20:50:38,WAT,0.0,0.0,101.9,783.0
572415,2026-10-06 20:50:38,MAC,40.7,526.0,102.3,698.0
572416,2026-10-06 20:53:40,AIR,1.4,28.0,102.9,1007.0
572417,2026-10-06 20:53:40,ICE,38.5,490.0,102.5,705.0
572418,2026-10-06 20:53:40,WAT,0.0,0.0,101.9,783.0
572419,2026-10-06 20:53:40,MAC,40.7,526.0,102.3,698.0
572420,2026-10-06 20:56:41,AIR,1.4,28.0,102.9,1007.0
572421,2026-10-06 20:56:41,ICE,38.5,490.0,102.5,705.0
572422,2026-10-06 20:56:41,WAT,0.0,0.0,101.9,783.0
572423,2026-10-06 20:56:41,MAC,40.7,526.0,102.3,698.0
572424,2026-10-06 20:59:43,AIR,1.4,28.0,102.9,1007.0
572425,2026-10-06 20:59:43,ICE,38.5,490.0,102.5,705.0
572426,2026-10-06 20:59:43,WAT,0.0,0.0,101.9,783.0
572427,2026-10-06 20:59:43,MAC,40.7,526.0,102.3,698.0
572428,2026-10-06 21:02:44,AIR,1.4,28.0,102.9,1007.0
572429,2026-10-06 21:02:44,ICE,38.5,490.0,102.5,705.0
572430,2026-10-06 21:02:44,WAT,0.0,0.0,101.9,783.0
572431,2026-10-06 21:02:44,MAC,40.7,526.0,102.3,698.0
572432,2026-10-06 21:05:46,AIR,1.4,28.0,102.9,1007.0
572433,2026-10-06 21:05:46,ICE,38.5,490.0,102.5,705.0
572434,2026-10-06 21:05:46,WAT,0.0,0.0,101.9,783.0
572435,2026-10-06 21:05:46,MAC,40.7,526.0,102.3,698.0
572436,2026-10-06 21:08:47,AIR,1.4,28.0,102.9,1007.0
572437,2026-10-06 21:08:47,ICE,38.5,490.0,102.5,705.0
572438,2026-10-06 21:08:47,WAT,0.0,0.0,101.9,783.0
572439,2026-10-06 21:08:47,MAC,40.7,526.0,102.3,698.0
572440,2026-10-06 21:11:49,AIR,1.4,28.0,102.9,1007.0
572441,2026-10-06 21:11:49,ICE,38.5,490.0,102.5,705.0
572442,2026-10-06 21:11:49,WAT,0.0,0.0,101.9,783.0
572443,2026-10-06 21:11:49,MAC,40.7,526.0,102.3,698.0
572444,2026-10-06 21:14:50,AIR,1.4,28.0,102.9,1007.0
572445,2026-10-06 21:14:50,ICE,38.5,490.0,102.5,705.0
572446,2026-10-06 21:14:50,WAT,0.0,0.0,101.9,783.0
572447,2026-10-06 21:14:50,MAC,40.7,526.0,102.3,698.0
572448,2026-10-06 21:17:52,AIR,1.4,28.0,102.9,1007.0
572449,2026-10-06 21:17:52,ICE,38.5,490.0,102.5,705.0
572450,2026-10-06 21:17:52,WAT,0.0,0.0,101.9,783.0
572451,2026-10-06 21:17:52,MAC,40.7,526.0,102.3,698.0
572452,2026-10-06 21:20:53,AIR,1.4,28.0,102.9,1007.0
572453,2026-10-06 21:20:53,ICE,38.5,490.0,102.5,705.0
572454,2026-10-06 21:20:53,WAT,0.0,0.0,101.9,783.0
572455,2026-10-06 21:20:53,MAC,40.7,526.0,102.3,698.0
572456,2026-10-06 21:23:54,AIR,1.4,28.0,102.9,1007.0
572457,2026-10-06 21:23:54,ICE,38.5,490.0,102.5,705.0
572458,2026-10-06 21:23:54,WAT,0.0,0.0,101.9,783.0
572459,2026-10-06 21:23:54,MAC,40.7,526.0,102.3,698.0
572460,2026-10-06 21:26:56,AIR,1.4,28.0,102.9,1007.0
572461,2026-10-06 21:26:56,ICE,38.5,490.0,102.5,705.0
572462,2026-10-06 21:26:56,WAT,0.0,0.0,101.9,783.0
572463,2026-10-06 21:26:56,MAC,40.7,526.0,102.3,698.0
572464,2026-10-06 21:29:57,AIR,1.4,28.0,102.9,1007.0
572465,2026-10-06 21:29:57,ICE,38.5,490.0,102.5,705.0
572466,2026-10-06 21:29:57,WAT,0.0,0.0,101.9,783.0
572467,2026-10-06 21:29:57,MAC,40.7,526.0,102.3,698.0
572468,2026-10-06 21:32:58,AIR,1.4,28.0,102.9,1007.0
572469,2026-10-06 21:32:58,ICE,38.5,490.0,102.5,705.0
572470,2026-10-06 21:32:58,WAT,0.0,0.0,101.9,783.0
572471,2026-10-06 21:32:58,MAC,40.7,526.0,102.3,698.0
572472,2026-10-06 21:36:00,AIR,1.4,28.0,102.9,1007.0
572473,2026-10-06 21:36:00,ICE,38.5,490.0,102.5,705.0
572474,2026-10-06 21:36:00,WAT,0.0,0.0,101.9,783.0
572475,2026-10-06 21:36:00,MAC,40.7,526.0,102.3,698.0
572476,2026-10-06 21:39:01,AIR,1.4,28.0,102.9,1007.0
572477,2026-10-06 21:39:01,ICE,38.5,490.0,102.5,705.0
572478,2026-10-06 21:39:01,WAT,0.0,0.0,101.9,783.0
572479,2026-10-06 21:39:01,MAC,40.7,526.0,102.3,698.0
572480,2026-10-06 21:42:03,AIR,1.4,28.0,102.9,1007.0
572481,2026-10-06 21:42:03,ICE,38.5,490.0,102.5,705.0
572482,2026-10-06 21:42:03,WAT,0.0,0.0,101.9,783.0
572483,2026-10-06 21:42:03,MAC,40.7,526.0,102.3,698.0
572484,2026-10-06 21:45:05,AIR,1.4,28.0,102.9,1007.0
572485,2026-10-06 21:45:05,ICE,38.5,490.0,102.5,705.0
572486,2026-10-06 21:45:05,WAT,0.0,0.0,101.9,783.0
572487,2026-10-06 21:45:05,MAC,40.7,526.0,102.3,698.0
572488,2026-10-06 21:48:07,AIR,1.4,28.0,102.9,1007.0
572489,2026-10-06 21:48:07,ICE,38.5,490.0,102.5,705.0
572490,2026-10-06 21:48:07,WAT,0.0,0.0,101.9,783.0
572491,2026-10-06 21:48:07,MAC,40.7,526.0,102.3,698.0
572492,2026-10-06 21:51:09,AIR,1.4,28.0,102.9,1007.0
572493,2026-10-06 21:51:09,ICE,38.5,490.0,102.5,705.0
572494,2026-10-06 21:51:09,WAT,0.0,0.0,101.9,783.0
572495,2026-10-06 21:51:09,MAC,40.7,526.0,102.3,698.0
572496,2026-10-06 21:54:10,AIR,1.4,28.0,102.9,1007.0
572497,2026-10-06 21:54:10,ICE,38.5,490.0,102.5,705.0
572498,2026-10-06 21:54:10,WAT,0.0,0.0,101.9,783.0
572499,2026-10-06 21:54:10,MAC,40.7,526.0,102.3,698.0
572500,2026-10-06 21:57:11,AIR,1.4,28.0,102.9,1007.0
572501,2026-10-06 21:57:11,ICE,38.5,490.0,102.5,705.0
572502,2026-10-06 21:57:11,WAT,0.0,0.0,101.9,783.0
572503,2026-10-06 21:57:11,MAC,40.7,526.0,102.3,698.0
572504,2026-10-06 22:00:13,AIR,1.4,28.0,102.9,1007.0
572505,2026-10-06 22:00:13,ICE,38.5,490.0,102.5,705.0
572506,2026-10-06 22:00:13,WAT,0.0,0.0,101.9,783.0
572507,2026-10-06 22:00:13,MAC,40.7,526.0,102.3,698.0
572508,2026-10-06 22:03:30,AIR,1.4,28.0,102.9,1007.0
572509,2026-10-06 22:03:30,ICE,38.5,490.0,102.5,705.0
572510,2026-10-06 22:03:30,WAT,0.0,0.0,101.9,783.0
572511,2026-10-06 22:03:30,MAC,40.7,526.0,102.3,698.0
572512,2026-10-06 22:06:31,AIR,1.4,28.0,102.9,1007.0
572513,2026-10-06 22:06:31,ICE,38.5,490.0,102.5,705.0
572514,2026-10-06 22:06:31,WAT,0.0,0.0,101.9,783.0
572515,2026-10-06 22:06:31,MAC,40.7,526.0,102.3,698.0
572516,2026-10-06 22:09:33,AIR,1.4,28.0,102.9,1007.0
572517,2026-10-06 22:09:33,ICE,38.5,490.0,102.5,705.0
572518,2026-10-06 22:09:33,WAT,0.0,0.0,101.9,783.0
572519,2026-10-06 22:09:33,MAC,40.7,526.0,102.3,698.0
572520,2026-10-06 22:12:34,AIR,1.4,28.0,102.9,1007.0
572521,2026-10-06 22:12:34,ICE,38.5,490.0,102.5,705.0
572522,2026-10-06 22:12:34,WAT,0.0,0.0,101.9,783.0
572523,2026-10-06 22:12:34,MAC,40.7,526.0,102.3,698.0
572524,2026-10-06 22:15:35,AIR,1.4,28.0,102.9,1007.0
572525,2026-10-06 22:15:35,ICE,60.7,768.0,103.1,794.0
572526,2026-10-06 22:15:35,WAT,0.0,0.0,101.9,783.0
572527,2026-10-06 22:15:35,MAC,46.7,554.0,102.8,795.0
572528,2026-10-06 22:18:37,AIR,1.4,28.0,102.9,1007.0
572529,2026-10-06 22:18:37,ICE,60.7,768.0,103.1,794.0
572530,2026-10-06 22:18:37,WAT,0.0,0.0,101.9,783.0
572531,2026-10-06 22:18:37,MAC,36.6,491.0,102.5,797.0
572532,2026-10-06 22:21:38,AIR,1.4,28.0,102.9,1007.0
572533,2026-10-06 22:21:38,ICE,60.7,768.0,103.1,794.0
572534,2026-10-06 22:21:38,WAT,0.0,0.0,101.9,783.0
572535,2026-10-06 22:21:38,MAC,36.6,491.0,102.5,797.0
572536,2026-10-06 22:24:40,AIR,1.4,28.0,102.9,1007.0
572537,2026-10-06 22:24:40,ICE,60.7,768.0,103.1,794.0
572538,2026-10-06 22:24:40,WAT,0.0,0.0,101.9,783.0
572539,2026-10-06 22:24:40,MAC,36.6,491.0,102.5,797.0
572540,2026-10-06 22:27:41,AIR,1.4,28.0,102.9,1007.0
572541,2026-10-06 22:27:41,ICE,60.7,768.0,103.1,794.0
572542,2026-10-06 22:27:41,WAT,0.0,0.0,101.9,783.0
572543,2026-10-06 22:27:41,MAC,36.6,491.0,102.5,797.0
572544,2026-10-06 22:30:43,AIR,1.4,28.0,102.9,1007.0
572545,2026-10-06 22:30:43,ICE,60.7,768.0,103.1,794.0
572546,2026-10-06 22:30:43,WAT,0.0,0.0,101.9,783.0
572547,2026-10-06 22:30:43,MAC,36.6,491.0,102.5,797.0
572548,2026-10-06 22:33:44,AIR,1.4,28.0,102.9,1007.0
572549,2026-10-06 22:33:44,ICE,60.7,768.0,103.1,794.0
572550,2026-10-06 22:33:44,WAT,0.0,0.0,101.9,783.0
572551,2026-10-06 22:33:44,MAC,36.6,491.0,102.5,797.0
572552,2026-10-06 22:36:46,AIR,1.4,28.0,102.9,1007.0
572553,2026-10-06 22:36:46,ICE,60.7,768.0,103.1,794.0
572554,2026-10-06 22:36:46,WAT,0.0,0.0,101.9,783.0
572555,2026-10-06 22:36:46,MAC,36.6,491.0,102.5,797.0
572556,2026-10-06 22:39:47,AIR,1.4,28.0,102.9,1007.0
572557,2026-10-06 22:39:47,ICE,60.7,768.0,103.1,794.0
572558,2026-10-06 22:39:47,WAT,0.0,0.0,101.9,783.0
572559,2026-10-06 22:39:47,MAC,36.6,491.0,102.5,797.0
572560,2026-10-06 22:42:49,AIR,1.4,28.0,102.9,1007.0
572561,2026-10-06 22:42:49,ICE,3.0,29.0,102.5,820.0
572562,2026-10-06 22:42:49,WAT,0.0,0.0,101.9,783.0
572563,2026-10-06 22:42:49,MAC,36.6,491.0,102.5,797.0
572564,2026-10-06 22:45:50,AIR,1.4,28.0,102.9,1007.0
572565,2026-10-06 22:45:50,ICE,3.0,29.0,102.5,820.0
572566,2026-10-06 22:45:50,WAT,0.0,0.0,101.9,783.0
572567,2026-10-06 22:45:50,MAC,36.6,491.0,102.5,797.0
572568,2026-10-06 22:48:52,AIR,1.4,28.0,102.9,1007.0
572569,2026-10-06 22:48:52,ICE,3.0,29.0,102.5,820.0
572570,2026-10-06 22:48:52,WAT,0.0,0.0,101.9,783.0
572571,2026-10-06 22:48:52,MAC,36.6,491.0,102.5,797.0
572572,2026-10-06 22:51:53,AIR,1.4,28.0,102.9,1007.0
572573,2026-10-06 22:51:53,ICE,3.0,29.0,102.5,820.0
572574,2026-10-06 22:51:53,WAT,0.0,0.0,101.9,783.0
572575,2026-10-06 22:51:53,MAC,36.6,491.0,102.5,797.0
572576,2026-10-06 22:54:55,AIR,1.4,28.0,102.9,1007.0
572577,2026-10-06 22:54:55,ICE,51.1,654.0,102.4,834.0
572578,2026-10-06 22:54:55,WAT,0.0,0.0,101.9,783.0
572579,2026-10-06 22:54:55,MAC,36.6,491.0,102.5,797.0
572580,2026-10-06 22:57:56,AIR,1.4,28.0,102.9,1007.0
572581,2026-10-06 22:57:56,ICE,39.8,508.0,102.1,835.0
572582,2026-10-06 22:57:56,WAT,0.0,0.0,101.9,783.0
572583,2026-10-06 22:57:56,MAC,45.2,561.0,102.1,837.0
572584,2026-10-06 23:00:58,AIR,1.4,28.0,102.9,1007.0
572585,2026-10-06 23:00:58,ICE,39.8,508.0,102.1,835.0
572586,2026-10-06 23:00:58,WAT,0.0,0.0,101.9,783.0
572587,2026-10-06 23:00:58,MAC,45.2,561.0,102.1,837.0
572588,2026-10-06 23:04:01,AIR,1.4,28.0,102.9,1007.0
572589,2026-10-06 23:04:01,ICE,39.8,508.0,102.1,835.0
572590,2026-10-06 23:04:01,WAT,0.0,0.0,101.9,783.0
572591,2026-10-06 23:04:01,MAC,45.2,561.0,102.1,837.0
572592,2026-10-06 23:07:03,AIR,1.4,28.0,102.9,1007.0
572593,2026-10-06 23:07:03,ICE,39.8,508.0,102.1,835.0
572594,2026-10-06 23:07:03,WAT,0.0,0.0,101.9,783.0
572595,2026-10-06 23:07:03,MAC,45.2,561.0,102.1,837.0
572596,2026-10-06 23:10:04,AIR,1.4,28.0,102.9,1007.0
572597,2026-10-06 23:10:04,ICE,39.8,508.0,102.1,835.0
572598,2026-10-06 23:10:04,WAT,0.0,0.0,101.9,783.0
572599,2026-10-06 23:10:04,MAC,45.2,561.0,102.1,837.0
572600,2026-10-06 23:13:06,AIR,1.4,28.0,102.9,1007.0
572601,2026-10-06 23:13:06,ICE,39.8,508.0,102.1,835.0
572602,2026-10-06 23:13:06,WAT,0.0,0.0,101.9,783.0
572603,2026-10-06 23:13:06,MAC,45.2,561.0,102.1,837.0
572604,2026-10-06 23:16:07,AIR,1.4,28.0,102.9,1007.0
572605,2026-10-06 23:16:07,ICE,39.8,508.0,102.1,835.0
572606,2026-10-06 23:16:07,WAT,0.0,0.0,101.9,783.0
572607,2026-10-06 23:16:07,MAC,45.2,561.0,102.1,837.0
572608,2026-10-06 23:19:08,AIR,1.4,28.0,102.9,1007.0
572609,2026-10-06 23:19:08,ICE,39.8,508.0,102.1,835.0
572610,2026-10-06 23:19:08,WAT,0.0,0.0,101.9,783.0
572611,2026-10-06 23:19:08,MAC,45.2,561.0,102.1,837.0
572612,2026-10-06 23:22:10,AIR,1.4,28.0,102.9,1007.0
572613,2026-10-06 23:22:10,ICE,39.8,508.0,102.1,835.0
572614,2026-10-06 23:22:10,WAT,0.0,0.0,101.9,783.0
572615,2026-10-06 23:22:10,MAC,45.2,561.0,102.1,837.0
572616,2026-10-06 23:25:11,AIR,1.4,28.0,102.9,1007.0
572617,2026-10-06 23:25:11,ICE,39.8,508.0,102.1,835.0
572618,2026-10-06 23:25:11,WAT,0.0,0.0,101.9,783.0
572619,2026-10-06 23:25:11,MAC,41.6,559.0,102.0,864.0
572620,2026-10-06 23:28:11,AIR,1.4,28.0,102.9,1007.0
572621,2026-10-06 23:28:11,ICE,39.8,508.0,102.1,835.0
572622,2026-10-06 23:28:11,WAT,0.0,0.0,101.9,783.0
572623,2026-10-06 23:28:11,MAC,41.6,559.0,102.0,864.0
572624,2026-10-06 23:31:12,AIR,1.4,28.0,102.9,1007.0
572625,2026-10-06 23:31:12,ICE,39.8,508.0,102.1,835.0
572626,2026-10-06 23:31:12,WAT,0.0,0.0,101.9,783.0
572627,2026-10-06 23:31:12,MAC,41.6,559.0,102.0,864.0
572628,2026-10-06 23:34:14,AIR,1.4,28.0,102.9,1007.0
572629,2026-10-06 23:34:14,ICE,39.8,508.0,102.1,835.0
572630,2026-10-06 23:34:14,WAT,0.0,0.0,101.9,783.0
572631,2026-10-06 23:34:14,MAC,41.6,559.0,102.0,864.0
572632,2026-10-06 23:37:15,AIR,1.4,28.0,102.9,1007.0
572633,2026-10-06 23:37:15,ICE,39.8,508.0,102.1,835.0
572634,2026-10-06 23:37:15,WAT,0.0,0.0,101.9,783.0
572635,2026-10-06 23:37:15,MAC,41.6,559.0,102.0,864.0
572636,2026-10-06 23:40:16,AIR,1.4,28.0,102.9,1007.0
572637,2026-10-06 23:40:16,ICE,39.8,508.0,102.1,835.0
572638,2026-10-06 23:40:16,WAT,0.0,0.0,101.9,783.0
572639,2026-10-06 23:40:16,MAC,41.6,559.0,102.0,864.0
572640,2026-10-06 23:43:18,AIR,1.4,28.0,102.9,1007.0
572641,2026-10-06 23:43:18,ICE,39.8,508.0,102.1,835.0
572642,2026-10-06 23:43:18,WAT,0.0,0.0,101.9,783.0
572643,2026-10-06 23:43:18,MAC,41.6,559.0,102.0,864.0
572644,2026-10-06 23:46:21,AIR,1.4,28.0,102.9,1007.0
572645,2026-10-06 23:46:21,ICE,39.8,508.0,102.1,835.0
572646,2026-10-06 23:46:21,WAT,0.0,0.0,101.9,783.0
572647,2026-10-06 23:46:21,MAC,41.6,559.0,102.0,864.0
572648,2026-10-06 23:49:23,AIR,1.4,28.0,102.9,1007.0
572649,2026-10-06 23:49:23,ICE,39.8,508.0,102.1,835.0
572650,2026-10-06 23:49:23,WAT,0.0,0.0,101.9,783.0
572651,2026-10-06 23:49:23,MAC,41.6,559.0,102.0,864.0
572652,2026-10-06 23:52:24,AIR,1.4,28.0,102.9,1007.0
572653,2026-10-06 23:52:24,ICE,39.8,508.0,102.1,835.0
572654,2026-10-06 23:52:24,WAT,0.0,0.0,101.9,783.0
572655,2026-10-06 23:52:24,MAC,41.6,559.0,102.0,864.0
572656,2026-10-06 23:55:25,AIR,1.4,28.0,102.9,1007.0
572657,2026-10-06 23:55:25,ICE,39.8,508.0,102.1,835.0
572658,2026-10-06 23:55:25,WAT,0.0,0.0,101.9,783.0
572659,2026-10-06 23:55:25,MAC,41.6,559.0,102.0,864.0
572660,2026-10-06 23:58:27,AIR,1.4,28.0,102.9,1007.0
572661,2026-10-06 23:58:27,ICE,39.8,508.0,102.1,835.0
572662,2026-10-06 23:58:27,WAT,0.0,0.0,101.9,783.0
572663,2026-10-06 23:58:27,MAC,4.5,65.0,102.5,897.0
572664,2026-10-07 00:01:28,AIR,1.4,28.0,102.9,1007.0
572665,2026-10-07 00:01:28,ICE,39.8,508.0,102.1,835.0
572666,2026-10-07 00:01:28,WAT,0.0,0.0,101.9,783.0
572667,2026-10-07 00:01:28,MAC,4.5,65.0,102.5,897.0
572668,2026-10-07 00:04:30,AIR,1.4,28.0,102.9,1007.0
572669,2026-10-07 00:04:30,ICE,39.8,508.0,102.1,835.0
572670,2026-10-07 00:04:30,WAT,0.0,0.0,101.9,783.0
572671,2026-10-07 00:04:30,MAC,4.5,65.0,102.5,897.0
572672,2026-10-07 00:07:31,AIR,1.4,28.0,102.9,1007.0
572673,2026-10-07 00:07:31,ICE,39.8,508.0,102.1,835.0
572674,2026-10-07 00:07:31,WAT,0.0,0.0,101.9,783.0
572675,2026-10-07 00:07:31,MAC,4.5,65.0,102.5,897.0
572676,2026-10-07 00:10:32,AIR,1.4,28.0,102.9,1007.0
572677,2026-10-07 00:10:32,ICE,39.8,508.0,102.1,835.0
572678,2026-10-07 00:10:32,WAT,0.0,0.0,101.9,783.0
572679,2026-10-07 00:10:32,MAC,4.5,65.0,102.5,897.0
572680,2026-10-07 00:13:34,AIR,1.4,28.0,102.9,1007.0
572681,2026-10-07 00:13:34,ICE,39.8,508.0,102.1,835.0
572682,2026-10-07 00:13:34,WAT,0.0,0.0,101.9,783.0
572683,2026-10-07 00:13:34,MAC,4.5,65.0,102.5,897.0
572684,2026-10-07 00:16:35,AIR,1.4,28.0,102.9,1007.0
572685,2026-10-07 00:16:35,ICE,39.8,508.0,102.1,835.0
572686,2026-10-07 00:16:35,WAT,0.0,0.0,101.9,783.0
572687,2026-10-07 00:16:35,MAC,4.5,65.0,102.5,897.0
572688,2026-10-07 00:19:36,AIR,1.4,28.0,102.9,1007.0
572689,2026-10-07 00:19:36,ICE,3.0,29.0,102.7,917.0
572690,2026-10-07 00:19:36,WAT,0.0,0.0,101.9,783.0
572691,2026-10-07 00:19:36,MAC,4.5,65.0,102.5,897.0
572692,2026-10-07 00:22:38,AIR,1.4,28.0,102.9,1007.0
572693,2026-10-07 00:22:38,ICE,3.0,29.0,102.7,917.0
572694,2026-10-07 00:22:38,WAT,0.0,0.0,101.9,783.0
572695,2026-10-07 00:22:38,MAC,4.5,65.0,102.5,897.0
572696,2026-10-07 00:25:39,AIR,1.4,28.0,102.9,1007.0
572697,2026-10-07 00:25:39,ICE,3.0,29.0,102.7,917.0
572698,2026-10-07 00:25:39,WAT,0.0,0.0,101.9,783.0
572699,2026-10-07 00:25:39,MAC,4.5,65.0,102.5,897.0
572700,2026-10-07 00:28:40,AIR,1.4,28.0,102.9,1007.0
572701,2026-10-07 00:28:40,ICE,3.0,29.0,102.7,917.0
572702,2026-10-07 00:28:40,WAT,0.0,0.0,101.9,783.0
572703,2026-10-07 00:28:40,MAC,4.5,65.0,102.5,897.0
572704,2026-10-07 00:31:41,AIR,1.4,28.0,102.9,1007.0
572705,2026-10-07 00:31:41,ICE,3.0,29.0,102.7,917.0
572706,2026-10-07 00:31:41,WAT,0.0,0.0,101.9,783.0
572707,2026-10-07 00:31:41,MAC,4.5,65.0,102.5,897.0
572708,2026-10-07 00:34:43,AIR,1.4,28.0,102.9,1007.0
572709,2026-10-07 00:34:43,ICE,136.0,1343.0,101.3,932.0
572710,2026-10-07 00:34:43,WAT,0.0,0.0,101.9,783.0
572711,2026-10-07 00:34:43,MAC,4.5,65.0,102.5,897.0
572712,2026-10-07 00:37:44,AIR,1.4,28.0,102.9,1007.0
572713,2026-10-07 00:37:44,ICE,136.0,1343.0,101.3,932.0
572714,2026-10-07 00:37:44,WAT,0.0,0.0,101.9,783.0
572715,2026-10-07 00:37:44,MAC,4.5,65.0,102.5,897.0
572716,2026-10-07 00:40:46,AIR,1.4,28.0,102.9,1007.0
572717,2026-10-07 00:40:46,ICE,136.0,1343.0,101.3,932.0
572718,2026-10-07 00:40:46,WAT,0.0,0.0,101.9,783.0
572719,2026-10-07 00:40:46,MAC,4.5,65.0,102.5,897.0
572720,2026-10-07 00:43:47,AIR,1.4,28.0,102.9,1007.0
572721,2026-10-07 00:43:47,ICE,136.0,1343.0,101.3,932.0
572722,2026-10-07 00:43:47,WAT,0.0,0.0,101.9,783.0
572723,2026-10-07 00:43:47,MAC,4.5,65.0,102.5,897.0
572724,2026-10-07 00:46:49,AIR,1.4,28.0,102.9,1007.0
572725,2026-10-07 00:46:49,ICE,136.0,1343.0,101.3,932.0
572726,2026-10-07 00:46:49,WAT,0.0,0.0,101.9,783.0
572727,2026-10-07 00:46:49,MAC,4.5,65.0,102.5,897.0
572728,2026-10-07 00:49:50,AIR,1.4,28.0,102.9,1007.0
572729,2026-10-07 00:49:50,ICE,136.0,1343.0,101.3,932.0
572730,2026-10-07 00:49:50,WAT,0.0,0.0,101.9,783.0
572731,2026-10-07 00:49:50,MAC,4.0,62.0,102.3,948.0
572732,2026-10-07 00:52:51,AIR,1.4,28.0,102.9,1007.0
572733,2026-10-07 00:52:51,ICE,136.0,1343.0,101.3,932.0
572734,2026-10-07 00:52:51,WAT,0.0,0.0,101.9,783.0
572735,2026-10-07 00:52:51,MAC,4.0,62.0,102.3,948.0
572736,2026-10-07 00:55:53,AIR,1.4,28.0,102.9,1007.0
572737,2026-10-07 00:55:53,ICE,136.0,1343.0,101.3,932.0
572738,2026-10-07 00:55:53,WAT,0.0,0.0,101.9,783.0
572739,2026-10-07 00:55:53,MAC,4.0,62.0,102.3,948.0
572740,2026-10-07 00:58:54,AIR,1.4,28.0,102.9,1007.0
572741,2026-10-07 00:58:54,ICE,136.0,1343.0,101.3,932.0
572742,2026-10-07 00:58:54,WAT,0.0,0.0,101.9,783.0
572743,2026-10-07 00:58:54,MAC,4.0,62.0,102.3,948.0
572744,2026-10-07 01:01:56,AIR,1.4,28.0,102.9,1007.0
572745,2026-10-07 01:01:56,ICE,136.0,1343.0,101.3,932.0
572746,2026-10-07 01:01:56,WAT,0.0,0.0,101.9,783.0
572747,2026-10-07 01:01:56,MAC,4.0,62.0,102.3,948.0
572748,2026-10-07 01:04:57,AIR,1.4,28.0,102.9,1007.0
572749,2026-10-07 01:04:57,ICE,136.0,1343.0,101.3,932.0
572750,2026-10-07 01:04:57,WAT,0.0,0.0,101.9,783.0
572751,2026-10-07 01:04:57,MAC,4.0,62.0,102.3,948.0
572752,2026-10-07 01:07:58,AIR,1.4,28.0,102.9,1007.0
572753,2026-10-07 01:07:58,ICE,136.0,1343.0,101.3,932.0
572754,2026-10-07 01:07:58,WAT,0.0,0.0,101.9,783.0
572755,2026-10-07 01:07:58,MAC,4.0,62.0,102.3,948.0
572756,2026-10-07 01:11:00,AIR,1.4,28.0,102.9,1007.0
572757,2026-10-07 01:11:00,ICE,66.8,812.0,102.9,970.0
572758,2026-10-07 01:11:00,WAT,0.0,0.0,101.9,783.0
572759,2026-10-07 01:11:00,MAC,4.0,62.0,102.3,948.0
572760,2026-10-07 01:14:01,AIR,1.4,28.0,102.9,1007.0
572761,2026-10-07 01:14:01,ICE,66.8,812.0,102.9,970.0
572762,2026-10-07 01:14:01,WAT,0.0,0.0,101.9,783.0
572763,2026-10-07 01:14:01,MAC,4.0,62.0,102.3,948.0
572764,2026-10-07 01:17:03,AIR,1.4,28.0,102.9,1007.0
572765,2026-10-07 01:17:03,ICE,66.8,812.0,102.9,970.0
572766,2026-10-07 01:17:03,WAT,0.0,0.0,101.9,783.0
572767,2026-10-07 01:17:03,MAC,4.0,62.0,102.3,948.0
572768,2026-10-07 01:20:05,AIR,1.4,28.0,102.9,1007.0
572769,2026-10-07 01:20:05,ICE,56.7,710.0,102.9,977.0
572770,2026-10-07 01:20:05,WAT,0.0,0.0,101.9,783.0
572771,2026-10-07 01:20:05,MAC,4.0,62.0,102.3,948.0
572772,2026-10-07 01:23:07,AIR,1.4,28.0,102.9,1007.0
572773,2026-10-07 01:23:07,ICE,56.7,710.0,102.9,977.0
572774,2026-10-07 01:23:07,WAT,0.0,0.0,101.9,783.0
572775,2026-10-07 01:23:07,MAC,4.0,62.0,102.3,948.0
572776,2026-10-07 01:26:08,AIR,1.4,28.0,102.9,1007.0
572777,2026-10-07 01:26:08,ICE,56.7,710.0,102.9,977.0
572778,2026-10-07 01:26:08,WAT,0.0,0.0,101.9,783.0
572779,2026-10-07 01:26:08,MAC,4.0,62.0,102.3,948.0
572780,2026-10-07 01:29:09,AIR,1.4,28.0,102.9,1007.0
572781,2026-10-07 01:29:09,ICE,56.7,710.0,102.9,977.0
572782,2026-10-07 01:29:09,WAT,0.0,0.0,101.9,783.0
572783,2026-10-07 01:29:09,MAC,4.0,62.0,102.3,948.0
572784,2026-10-07 01:32:11,AIR,1.4,28.0,102.9,1007.0
572785,2026-10-07 01:32:11,ICE,56.7,710.0,102.9,977.0
572786,2026-10-07 01:32:11,WAT,0.0,0.0,101.9,783.0
572787,2026-10-07 01:32:11,MAC,4.0,62.0,102.3,948.0
572788,2026-10-07 01:35:12,AIR,1.4,28.0,102.9,1007.0
572789,2026-10-07 01:35:12,ICE,56.7,710.0,102.9,977.0
572790,2026-10-07 01:35:12,WAT,0.0,0.0,101.9,783.0
572791,2026-10-07 01:35:12,MAC,4.0,62.0,102.3,948.0
572792,2026-10-07 01:38:13,AIR,1.4,28.0,102.9,1007.0
572793,2026-10-07 01:38:13,ICE,56.7,710.0,102.9,977.0
572794,2026-10-07 01:38:13,WAT,0.0,0.0,101.9,783.0
572795,2026-10-07 01:38:13,MAC,4.0,62.0,102.3,948.0
572796,2026-10-07 01:41:14,AIR,1.4,28.0,102.9,1007.0
572797,2026-10-07 01:41:14,ICE,56.7,710.0,102.9,977.0
572798,2026-10-07 01:41:14,WAT,0.0,0.0,101.9,783.0
572799,2026-10-07 01:41:14,MAC,4.0,62.0,102.3,948.0
572800,2026-10-07 01:44:15,AIR,1.4,28.0,102.9,1007.0
572801,2026-10-07 01:44:15,ICE,56.7,710.0,102.9,977.0
572802,2026-10-07 01:44:15,WAT,0.0,0.0,101.9,783.0
572803,2026-10-07 01:44:15,MAC,4.0,62.0,102.3,948.0
572804,2026-10-07 01:47:16,AIR,1.4,28.0,102.9,1007.0
572805,2026-10-07 01:47:16,ICE,46.6,593.0,102.9,1005.0
572806,2026-10-07 01:47:16,WAT,0.0,0.0,101.9,783.0
572807,2026-10-07 01:47:16,MAC,4.0,62.0,102.3,948.0
572808,2026-10-07 01:50:18,AIR,1.4,28.0,102.9,1007.0
572809,2026-10-07 01:50:18,ICE,46.6,593.0,102.9,1005.0
572810,2026-10-07 01:50:18,WAT,0.0,0.0,101.9,783.0
572811,2026-10-07 01:50:18,MAC,4.0,62.0,102.3,948.0
572812,2026-10-07 01:53:19,AIR,1.4,28.0,102.9,1007.0
572813,2026-10-07 01:53:19,ICE,46.6,593.0,102.9,1005.0
572814,2026-10-07 01:53:19,WAT,0.0,0.0,101.9,783.0
572815,2026-10-07 01:53:19,MAC,4.0,62.0,102.3,948.0
572816,2026-10-07 01:56:21,AIR,1.4,28.0,102.9,1007.0
572817,2026-10-07 01:56:21,ICE,46.6,593.0,102.9,1005.0
572818,2026-10-07 01:56:21,WAT,0.0,0.0,101.9,783.0
572819,2026-10-07 01:56:21,MAC,4.0,62.0,102.3,948.0
572820,2026-10-07 01:59:22,AIR,1.4,28.0,102.9,1007.0
572821,2026-10-07 01:59:22,ICE,46.6,593.0,102.9,1005.0
572822,2026-10-07 01:59:22,WAT,0.0,0.0,101.9,783.0
572823,2026-10-07 01:59:22,MAC,4.0,62.0,102.3,948.0
572824,2026-10-07 02:02:24,AIR,1.4,28.0,102.9,1007.0
572825,2026-10-07 02:02:24,ICE,46.6,593.0,102.9,1005.0
572826,2026-10-07 02:02:24,WAT,0.0,0.0,101.9,783.0
572827,2026-10-07 02:02:24,MAC,4.0,62.0,102.3,948.0
572828,2026-10-07 02:05:25,AIR,1.4,28.0,102.9,1007.0
572829,2026-10-07 02:05:25,ICE,46.6,593.0,102.9,1005.0
572830,2026-10-07 02:05:25,WAT,0.0,0.0,101.9,783.0
572831,2026-10-07 02:05:25,MAC,4.0,62.0,102.3,948.0
572832,2026-10-07 02:08:27,AIR,1.4,28.0,102.9,1007.0
572833,2026-10-07 02:08:27,ICE,46.6,593.0,102.9,1005.0
572834,2026-10-07 02:08:27,WAT,0.0,0.0,101.9,783.0
572835,2026-10-07 02:08:27,MAC,4.0,62.0,102.3,948.0
572836,2026-10-07 02:11:28,AIR,1.4,28.0,102.9,1007.0
572837,2026-10-07 02:11:28,ICE,46.6,593.0,102.9,1005.0
572838,2026-10-07 02:11:28,WAT,0.0,0.0,101.9,783.0
572839,2026-10-07 02:11:28,MAC,4.0,62.0,102.3,948.0
572840,2026-10-07 02:14:29,AIR,1.4,28.0,102.9,1007.0
572841,2026-10-07 02:14:29,ICE,46.6,593.0,102.9,1005.0
572842,2026-10-07 02:14:29,WAT,0.0,0.0,101.9,783.0
572843,2026-10-07 02:14:29,MAC,4.0,62.0,102.3,948.0
572844,2026-10-07 02:17:30,AIR,1.4,28.0,102.9,1007.0
572845,2026-10-07 02:17:30,ICE,46.6,593.0,102.9,1005.0
572846,2026-10-07 02:17:30,WAT,0.0,0.0,101.9,783.0
572847,2026-10-07 02:17:30,MAC,4.0,62.0,102.3,948.0
572848,2026-10-07 02:20:32,AIR,1.4,28.0,102.9,1007.0
572849,2026-10-07 02:20:32,ICE,46.6,593.0,102.9,1005.0
572850,2026-10-07 02:20:32,WAT,0.0,0.0,101.9,783.0
572851,2026-10-07 02:20:32,MAC,4.0,62.0,102.3,948.0
572852,2026-10-07 02:23:33,AIR,1.4,28.0,102.9,1007.0
572853,2026-10-07 02:23:33,ICE,46.6,593.0,102.9,1005.0
572854,2026-10-07 02:23:33,WAT,0.0,0.0,101.9,783.0
572855,2026-10-07 02:23:33,MAC,4.0,62.0,102.3,948.0
572856,2026-10-07 02:26:34,AIR,1.4,28.0,102.9,1007.0
572857,2026-10-07 02:26:34,ICE,46.6,593.0,102.9,1005.0
572858,2026-10-07 02:26:34,WAT,0.0,0.0,101.9,783.0
572859,2026-10-07 02:26:34,MAC,4.0,62.0,102.3,948.0
572860,2026-10-07 02:29:35,AIR,1.4,28.0,102.9,1007.0
572861,2026-10-07 02:29:35,ICE,46.6,593.0,102.9,1005.0
572862,2026-10-07 02:29:35,WAT,0.0,0.0,101.9,783.0
572863,2026-10-07 02:29:35,MAC,4.0,62.0,102.3,948.0
572864,2026-10-07 02:32:37,AIR,1.4,28.0,102.9,1007.0
572865,2026-10-07 02:32:37,ICE,46.6,593.0,102.9,1005.0
572866,2026-10-07 02:32:37,WAT,0.0,0.0,101.9,783.0
572867,2026-10-07 02:32:37,MAC,4.0,62.0,102.3,948.0
572868,2026-10-07 02:35:38,AIR,1.4,28.0,102.9,1007.0
572869,2026-10-07 02:35:38,ICE,46.6,593.0,102.9,1005.0
572870,2026-10-07 02:35:38,WAT,0.0,0.0,101.9,783.0
572871,2026-10-07 02:35:38,MAC,4.0,62.0,102.3,948.0
572872,2026-10-07 02:38:39,AIR,1.4,28.0,102.9,1007.0
572873,2026-10-07 02:38:39,ICE,46.6,593.0,102.9,1005.0
572874,2026-10-07 02:38:39,WAT,0.0,0.0,101.9,783.0
572875,2026-10-07 02:38:39,MAC,4.0,62.0,102.3,948.0
572876,2026-10-07 02:41:41,AIR,1.4,28.0,102.9,1007.0
572877,2026-10-07 02:41:41,ICE,68.4,853.0,102.9,1060.0
572878,2026-10-07 02:41:41,WAT,0.0,0.0,101.9,783.0
572879,2026-10-07 02:41:41,MAC,4.0,62.0,102.3,948.0
572880,2026-10-07 02:44:43,AIR,1.4,28.0,102.9,1007.0
572881,2026-10-07 02:44:43,ICE,68.4,853.0,102.9,1060.0
572882,2026-10-07 02:44:43,WAT,0.0,0.0,101.9,783.0
572883,2026-10-07 02:44:43,MAC,4.0,62.0,102.3,948.0
572884,2026-10-07 02:47:44,AIR,1.4,28.0,102.9,1007.0
572885,2026-10-07 02:47:44,ICE,68.4,853.0,102.9,1060.0
572886,2026-10-07 02:47:44,WAT,0.0,0.0,101.9,783.0
572887,2026-10-07 02:47:44,MAC,4.0,62.0,102.3,948.0
572888,2026-10-07 02:50:45,AIR,1.4,28.0,102.9,1007.0
572889,2026-10-07 02:50:45,ICE,68.4,853.0,102.9,1060.0
572890,2026-10-07 02:50:45,WAT,0.0,0.0,101.9,783.0
572891,2026-10-07 02:50:45,MAC,4.0,62.0,102.3,948.0
572892,2026-10-07 02:53:46,AIR,1.4,28.0,102.9,1007.0
572893,2026-10-07 02:53:46,ICE,68.4,853.0,102.9,1060.0
572894,2026-10-07 02:53:46,WAT,0.0,0.0,101.9,783.0
572895,2026-10-07 02:53:46,MAC,4.0,62.0,102.3,948.0
572896,2026-10-07 02:56:48,AIR,1.4,28.0,102.9,1007.0
572897,2026-10-07 02:56:48,ICE,3.0,29.0,102.9,1074.0
572898,2026-10-07 02:56:48,WAT,0.0,0.0,101.9,783.0
572899,2026-10-07 02:56:48,MAC,4.0,62.0,102.3,948.0
572900,2026-10-07 02:59:49,AIR,1.4,28.0,102.9,1007.0
572901,2026-10-07 02:59:49,ICE,53.4,676.0,102.9,1079.0
572902,2026-10-07 02:59:49,WAT,0.0,0.0,101.9,783.0
572903,2026-10-07 02:59:49,MAC,4.0,62.0,102.3,948.0
572904,2026-10-07 03:02:51,AIR,1.4,28.0,102.9,1007.0
572905,2026-10-07 03:02:51,ICE,42.0,528.0,102.9,1080.0
572906,2026-10-07 03:02:51,WAT,0.0,0.0,101.9,783.0
572907,2026-10-07 03:02:51,MAC,4.0,62.0,102.3,948.0
572908,2026-10-07 03:05:52,AIR,1.4,28.0,102.9,1007.0
572909,2026-10-07 03:05:52,ICE,42.0,528.0,102.9,1080.0
572910,2026-10-07 03:05:52,WAT,0.0,0.0,101.9,783.0
572911,2026-10-07 03:05:52,MAC,4.0,62.0,102.3,948.0
572912,2026-10-07 03:08:53,AIR,1.4,28.0,102.9,1007.0
572913,2026-10-07 03:08:53,ICE,42.0,528.0,102.9,1080.0
572914,2026-10-07 03:08:53,WAT,0.0,0.0,101.9,783.0
572915,2026-10-07 03:08:53,MAC,4.0,62.0,102.3,948.0
572916,2026-10-07 03:11:54,AIR,1.4,28.0,102.9,1007.0
572917,2026-10-07 03:11:54,ICE,42.0,528.0,102.9,1080.0
572918,2026-10-07 03:11:54,WAT,0.0,0.0,101.9,783.0
572919,2026-10-07 03:11:54,MAC,4.0,62.0,102.3,948.0
572920,2026-10-07 03:14:55,AIR,1.4,28.0,102.9,1007.0
572921,2026-10-07 03:14:55,ICE,42.0,528.0,102.9,1080.0
572922,2026-10-07 03:14:55,WAT,0.0,0.0,101.9,783.0
572923,2026-10-07 03:14:55,MAC,4.0,62.0,102.3,948.0
572924,2026-10-07 03:17:57,AIR,1.4,28.0,102.9,1007.0
572925,2026-10-07 03:17:57,ICE,42.0,528.0,102.9,1080.0
572926,2026-10-07 03:17:57,WAT,0.0,0.0,101.9,783.0
572927,2026-10-07 03:17:57,MAC,4.0,62.0,102.3,948.0
572928,2026-10-07 03:20:56,AIR,1.4,28.0,102.9,1007.0
572929,2026-10-07 03:20:56,ICE,42.0,528.0,102.9,1080.0
572930,2026-10-07 03:20:56,WAT,0.0,0.0,101.9,783.0
572931,2026-10-07 03:20:56,MAC,4.0,62.0,102.3,948.0
572932,2026-10-07 03:23:57,AIR,1.4,28.0,102.9,1007.0
572933,2026-10-07 03:23:57,ICE,42.0,528.0,102.9,1080.0
572934,2026-10-07 03:23:57,WAT,0.0,0.0,101.9,783.0
572935,2026-10-07 03:23:57,MAC,4.0,62.0,102.3,948.0
572936,2026-10-07 03:26:59,AIR,1.4,28.0,102.9,1007.0
572937,2026-10-07 03:26:59,ICE,42.0,528.0,102.9,1080.0
572938,2026-10-07 03:26:59,WAT,0.0,0.0,101.9,783.0
572939,2026-10-07 03:26:59,MAC,4.0,62.0,102.3,948.0
572940,2026-10-07 03:30:01,AIR,1.4,28.0,102.9,1007.0
572941,2026-10-07 03:30:01,ICE,42.0,528.0,102.9,1080.0
572942,2026-10-07 03:30:01,WAT,0.0,0.0,101.9,783.0
572943,2026-10-07 03:30:01,MAC,4.0,62.0,102.3,948.0
572944,2026-10-07 03:33:08,AIR,1.4,28.0,102.9,1007.0
572945,2026-10-07 03:33:08,ICE,42.0,528.0,102.9,1080.0
572946,2026-10-07 03:33:08,WAT,0.0,0.0,101.9,783.0
572947,2026-10-07 03:33:08,MAC,4.0,62.0,102.3,948.0
572948,2026-10-07 03:36:09,AIR,1.4,28.0,102.9,1007.0
572949,2026-10-07 03:36:09,ICE,42.0,528.0,102.9,1080.0
572950,2026-10-07 03:36:09,WAT,0.0,0.0,101.9,783.0
572951,2026-10-07 03:36:09,MAC,4.0,62.0,102.3,948.0
572952,2026-10-07 03:39:10,AIR,1.4,28.0,102.9,1007.0
572953,2026-10-07 03:39:10,ICE,42.0,528.0,102.9,1080.0
572954,2026-10-07 03:39:10,WAT,0.0,0.0,101.9,783.0
572955,2026-10-07 03:39:10,MAC,4.0,62.0,102.3,948.0
572956,2026-10-07 03:42:13,AIR,1.4,28.0,102.9,1007.0
572957,2026-10-07 03:42:13,ICE,42.0,528.0,102.9,1080.0
572958,2026-10-07 03:42:13,WAT,0.0,0.0,101.9,783.0
572959,2026-10-07 03:42:13,MAC,4.0,62.0,102.3,948.0
572960,2026-10-07 03:45:15,AIR,1.4,28.0,102.9,1007.0
572961,2026-10-07 03:45:15,ICE,42.0,528.0,102.9,1080.0
572962,2026-10-07 03:45:15,WAT,0.0,0.0,101.9,783.0
572963,2026-10-07 03:45:15,MAC,4.0,62.0,102.3,948.0
572964,2026-10-07 03:48:16,AIR,1.4,28.0,102.9,1007.0
572965,2026-10-07 03:48:16,ICE,42.0,528.0,102.9,1080.0
572966,2026-10-07 03:48:16,WAT,0.0,0.0,101.9,783.0
572967,2026-10-07 03:48:16,MAC,4.0,62.0,102.3,948.0
572968,2026-10-07 03:51:18,AIR,1.4,28.0,102.9,1007.0
572969,2026-10-07 03:51:18,ICE,42.0,528.0,102.9,1080.0
572970,2026-10-07 03:51:18,WAT,0.0,0.0,101.9,783.0
572971,2026-10-07 03:51:18,MAC,4.0,62.0,102.3,948.0
572972,2026-10-07 03:54:19,AIR,1.4,28.0,102.9,1007.0
572973,2026-10-07 03:54:19,ICE,42.0,528.0,102.9,1080.0
572974,2026-10-07 03:54:19,WAT,0.0,0.0,101.9,783.0
572975,2026-10-07 03:54:19,MAC,4.0,62.0,102.3,948.0
572976,2026-10-07 03:57:21,AIR,1.4,28.0,102.9,1007.0
572977,2026-10-07 03:57:21,ICE,42.0,528.0,102.9,1080.0
572978,2026-10-07 03:57:21,WAT,0.0,0.0,101.9,783.0
572979,2026-10-07 03:57:21,MAC,4.0,62.0,102.3,948.0
572980,2026-10-07 04:00:22,AIR,1.4,28.0,102.9,1007.0
572981,2026-10-07 04:00:22,ICE,42.0,528.0,102.9,1080.0
572982,2026-10-07 04:00:22,WAT,0.0,0.0,101.9,783.0
572983,2026-10-07 04:00:22,MAC,4.0,62.0,102.3,948.0
572984,2026-10-07 04:03:30,AIR,1.4,28.0,102.9,1007.0
572985,2026-10-07 04:03:30,ICE,42.0,528.0,102.9,1080.0
572986,2026-10-07 04:03:30,WAT,0.0,0.0,101.9,783.0
572987,2026-10-07 04:03:30,MAC,4.0,62.0,102.3,948.0
572988,2026-10-07 04:06:31,AIR,1.4,28.0,102.9,1007.0
572989,2026-10-07 04:06:31,ICE,42.0,528.0,102.9,1080.0
572990,2026-10-07 04:06:31,WAT,0.0,0.0,101.9,783.0
572991,2026-10-07 04:06:31,MAC,4.0,62.0,102.3,948.0
572992,2026-10-07 04:09:32,AIR,1.4,28.0,102.9,1007.0
572993,2026-10-07 04:09:32,ICE,42.0,528.0,102.9,1080.0
572994,2026-10-07 04:09:32,WAT,0.0,0.0,101.9,783.0
572995,2026-10-07 04:09:32,MAC,4.0,62.0,102.3,948.0
572996,2026-10-07 04:12:33,AIR,1.4,28.0,102.9,1007.0
572997,2026-10-07 04:12:33,ICE,42.0,528.0,102.9,1080.0
572998,2026-10-07 04:12:33,WAT,0.0,0.0,101.9,783.0
572999,2026-10-07 04:12:33,MAC,4.0,62.0,102.3,948.0
573000,2026-10-07 04:15:35,AIR,1.4,28.0,102.9,1007.0
573001,2026-10-07 04:15:35,ICE,42.0,528.0,102.9,1080.0
573002,2026-10-07 04:15:35,WAT,0.0,0.0,101.9,783.0
573003,2026-10-07 04:15:35,MAC,4.0,62.0,102.3,948.0
573004,2026-10-07 04:18:36,AIR,1.4,28.0,102.9,1007.0
573005,2026-10-07 04:18:36,ICE,42.0,528.0,102.9,1080.0
573006,2026-10-07 04:18:36,WAT,0.0,0.0,101.9,783.0
573007,2026-10-07 04:18:36,MAC,4.0,62.0,102.3,948.0
573008,2026-10-07 04:21:37,AIR,1.4,28.0,102.9,1007.0
573009,2026-10-07 04:21:37,ICE,42.0,528.0,102.9,1080.0
573010,2026-10-07 04:21:37,WAT,0.0,0.0,101.9,783.0
573011,2026-10-07 04:21:37,MAC,4.0,62.0,102.3,948.0
573012,2026-10-07 04:24:41,AIR,1.4,28.0,102.9,1007.0
573013,2026-10-07 04:24:41,ICE,42.0,528.0,102.9,1080.0
573014,2026-10-07 04:24:41,WAT,0.0,0.0,101.9,783.0
573015,2026-10-07 04:24:41,MAC,4.0,62.0,102.3,948.0
573016,2026-10-07 04:27:42,AIR,1.4,28.0,102.9,1007.0
573017,2026-10-07 04:27:42,ICE,42.0,528.0,102.9,1080.0
573018,2026-10-07 04:27:42,WAT,0.0,0.0,101.9,783.0
573019,2026-10-07 04:27:42,MAC,4.0,62.0,102.3,948.0
573020,2026-10-07 04:30:43,AIR,1.4,28.0,102.9,1007.0
573021,2026-10-07 04:30:43,ICE,63.5,792.0,102.9,1169.0
573022,2026-10-07 04:30:43,WAT,0.0,0.0,101.9,783.0
573023,2026-10-07 04:30:43,MAC,4.0,62.0,102.3,948.0
573024,2026-10-07 04:33:45,AIR,1.4,28.0,102.9,1007.0
573025,2026-10-07 04:33:45,ICE,63.5,792.0,102.9,1169.0
573026,2026-10-07 04:33:45,WAT,0.0,0.0,101.9,783.0
573027,2026-10-07 04:33:45,MAC,4.0,62.0,102.3,948.0
573028,2026-10-07 04:36:46,AIR,1.4,28.0,102.9,1007.0
573029,2026-10-07 04:36:46,ICE,63.5,792.0,102.9,1169.0
573030,2026-10-07 04:36:46,WAT,0.0,0.0,101.9,783.0
573031,2026-10-07 04:36:46,MAC,4.0,62.0,102.3,948.0
573032,2026-10-07 04:39:48,AIR,1.4,28.0,102.9,1007.0
573033,2026-10-07 04:39:48,ICE,63.5,792.0,102.9,1169.0
573034,2026-10-07 04:39:48,WAT,0.0,0.0,101.9,783.0
573035,2026-10-07 04:39:48,MAC,4.0,62.0,102.3,948.0
573036,2026-10-07 04:42:49,AIR,1.4,28.0,102.9,1007.0
573037,2026-10-07 04:42:49,ICE,63.5,792.0,102.9,1169.0
573038,2026-10-07 04:42:49,WAT,0.0,0.0,101.9,783.0
573039,2026-10-07 04:42:49,MAC,4.0,62.0,102.3,948.0
573040,2026-10-07 04:45:50,AIR,1.4,28.0,102.9,1007.0
573041,2026-10-07 04:45:50,ICE,63.5,792.0,102.9,1169.0
573042,2026-10-07 04:45:50,WAT,0.0,0.0,101.9,783.0
573043,2026-10-07 04:45:50,MAC,4.0,62.0,102.3,948.0
573044,2026-10-07 04:48:51,AIR,1.4,28.0,102.9,1007.0
573045,2026-10-07 04:48:51,ICE,63.5,792.0,102.9,1169.0
573046,2026-10-07 04:48:51,WAT,0.0,0.0,101.9,783.0
573047,2026-10-07 04:48:51,MAC,4.0,62.0,102.3,948.0
573048,2026-10-07 04:51:52,AIR,1.4,28.0,102.9,1007.0
573049,2026-10-07 04:51:52,ICE,63.5,792.0,102.9,1169.0
573050,2026-10-07 04:51:52,WAT,0.0,0.0,101.9,783.0
573051,2026-10-07 04:51:52,MAC,4.0,62.0,102.3,948.0
573052,2026-10-07 04:54:54,AIR,1.4,28.0,102.9,1007.0
573053,2026-10-07 04:54:54,ICE,63.5,792.0,102.9,1169.0
573054,2026-10-07 04:54:54,WAT,0.0,0.0,101.9,783.0
573055,2026-10-07 04:54:54,MAC,4.0,61.0,102.9,1194.0
573056,2026-10-07 04:57:55,AIR,1.4,28.0,102.9,1007.0
573057,2026-10-07 04:57:55,ICE,63.5,792.0,102.9,1169.0
573058,2026-10-07 04:57:55,WAT,0.0,0.0,101.9,783.0
573059,2026-10-07 04:57:55,MAC,4.0,61.0,102.9,1194.0
573060,2026-10-07 05:00:57,AIR,1.4,28.0,102.9,1007.0
573061,2026-10-07 05:00:57,ICE,63.5,792.0,102.9,1169.0
573062,2026-10-07 05:00:57,WAT,0.0,0.0,101.9,783.0
573063,2026-10-07 05:00:57,MAC,4.0,61.0,102.9,1194.0
573064,2026-10-07 05:03:59,AIR,1.4,28.0,102.9,1007.0
573065,2026-10-07 05:03:59,ICE,63.5,792.0,102.9,1169.0
573066,2026-10-07 05:03:59,WAT,0.0,0.0,101.9,783.0
573067,2026-10-07 05:03:59,MAC,4.0,61.0,102.9,1194.0
573068,2026-10-07 05:07:00,AIR,1.4,28.0,102.9,1007.0
573069,2026-10-07 05:07:00,ICE,63.5,792.0,102.9,1169.0
573070,2026-10-07 05:07:00,WAT,0.0,0.0,101.9,783.0
573071,2026-10-07 05:07:00,MAC,4.0,61.0,102.9,1194.0
573072,2026-10-07 05:10:02,AIR,1.4,28.0,102.9,1007.0
573073,2026-10-07 05:10:02,ICE,63.5,792.0,102.9,1169.0
573074,2026-10-07 05:10:02,WAT,0.0,0.0,101.9,783.0
573075,2026-10-07 05:10:02,MAC,4.0,61.0,102.9,1194.0
573076,2026-10-07 05:13:05,AIR,1.4,28.0,102.9,1007.0
573077,2026-10-07 05:13:05,ICE,63.5,792.0,102.9,1169.0
573078,2026-10-07 05:13:05,WAT,0.0,0.0,101.9,783.0
573079,2026-10-07 05:13:05,MAC,4.0,61.0,102.9,1194.0
573080,2026-10-07 05:16:06,AIR,1.4,28.0,102.9,1007.0
573081,2026-10-07 05:16:06,ICE,63.5,792.0,102.9,1169.0
573082,2026-10-07 05:16:06,WAT,0.0,0.0,101.9,783.0
573083,2026-10-07 05:16:06,MAC,4.0,61.0,102.9,1194.0
573084,2026-10-07 05:19:07,AIR,1.4,28.0,102.9,1007.0
573085,2026-10-07 05:19:07,ICE,63.5,792.0,102.9,1169.0
573086,2026-10-07 05:19:07,WAT,0.0,0.0,101.9,783.0
573087,2026-10-07 05:19:07,MAC,4.0,61.0,102.9,1194.0
573088,2026-10-07 05:22:08,AIR,1.4,28.0,102.9,1007.0
573089,2026-10-07 05:22:08,ICE,63.5,792.0,102.9,1169.0
573090,2026-10-07 05:22:08,WAT,0.0,0.0,101.9,783.0
573091,2026-10-07 05:22:08,MAC,4.0,61.0,102.9,1194.0
573092,2026-10-07 05:25:09,AIR,1.4,28.0,102.9,1007.0
573093,2026-10-07 05:25:09,ICE,63.5,792.0,102.9,1169.0
573094,2026-10-07 05:25:09,WAT,0.0,0.0,101.9,783.0
573095,2026-10-07 05:25:09,MAC,4.0,61.0,102.9,1194.0
573096,2026-10-07 05:28:10,AIR,1.4,28.0,102.9,1007.0
573097,2026-10-07 05:28:10,ICE,2.9,29.0,102.9,1228.0
573098,2026-10-07 05:28:10,WAT,0.0,0.0,101.9,783.0
573099,2026-10-07 05:28:10,MAC,4.0,61.0,102.9,1194.0
573100,2026-10-07 05:31:12,AIR,1.4,28.0,102.9,1007.0
573101,2026-10-07 05:31:12,ICE,2.9,29.0,102.9,1228.0
573102,2026-10-07 05:31:12,WAT,0.0,0.0,101.9,783.0
573103,2026-10-07 05:31:12,MAC,4.0,61.0,102.9,1194.0
573104,2026-10-07 05:34:13,AIR,1.4,28.0,102.9,1007.0
573105,2026-10-07 05:34:13,ICE,2.9,29.0,102.9,1228.0
573106,2026-10-07 05:34:13,WAT,0.0,0.0,101.9,783.0
573107,2026-10-07 05:34:13,MAC,4.0,61.0,102.9,1194.0
573108,2026-10-07 05:37:14,AIR,1.4,28.0,102.9,1007.0
573109,2026-10-07 05:37:14,ICE,2.9,29.0,102.9,1228.0
573110,2026-10-07 05:37:14,WAT,0.0,0.0,101.9,783.0
573111,2026-10-07 05:37:14,MAC,4.0,61.0,102.9,1194.0
573112,2026-10-07 05:40:16,AIR,1.4,28.0,102.9,1007.0
573113,2026-10-07 05:40:16,ICE,2.9,29.0,102.9,1228.0
573114,2026-10-07 05:40:16,WAT,0.0,0.0,101.9,783.0
573115,2026-10-07 05:40:16,MAC,4.0,61.0,102.9,1194.0
573116,2026-10-07 05:43:17,AIR,1.4,28.0,102.9,1007.0
573117,2026-10-07 05:43:17,ICE,48.7,638.0,102.6,1242.0
573118,2026-10-07 05:43:17,WAT,0.0,0.0,101.9,783.0
573119,2026-10-07 05:43:17,MAC,4.0,61.0,102.9,1194.0
573120,2026-10-07 05:46:18,AIR,1.4,28.0,102.9,1007.0
573121,2026-10-07 05:46:18,ICE,38.3,486.0,102.9,1243.0
573122,2026-10-07 05:46:18,WAT,0.0,0.0,101.9,783.0
573123,2026-10-07 05:46:18,MAC,4.0,61.0,102.9,1194.0
573124,2026-10-07 05:49:19,AIR,1.4,28.0,102.9,1007.0
573125,2026-10-07 05:49:19,ICE,38.3,486.0,102.9,1243.0
573126,2026-10-07 05:49:19,WAT,0.0,0.0,101.9,783.0
573127,2026-10-07 05:49:19,MAC,4.0,61.0,102.9,1194.0
573128,2026-10-07 05:52:21,AIR,1.4,28.0,102.9,1007.0
573129,2026-10-07 05:52:21,ICE,38.3,486.0,102.9,1243.0
573130,2026-10-07 05:52:21,WAT,0.0,0.0,101.9,783.0
573131,2026-10-07 05:52:21,MAC,4.0,61.0,102.9,1194.0
573132,2026-10-07 05:55:22,AIR,1.4,28.0,102.9,1007.0
573133,2026-10-07 05:55:22,ICE,38.3,486.0,102.9,1243.0
573134,2026-10-07 05:55:22,WAT,0.0,0.0,101.9,783.0
573135,2026-10-07 05:55:22,MAC,4.0,61.0,102.9,1194.0
573136,2026-10-07 05:58:23,AIR,1.4,28.0,102.9,1007.0
573137,2026-10-07 05:58:23,ICE,38.3,486.0,102.9,1243.0
573138,2026-10-07 05:58:23,WAT,0.0,0.0,101.9,783.0
573139,2026-10-07 05:58:23,MAC,4.0,61.0,102.9,1194.0
573140,2026-10-07 06:01:25,AIR,1.4,28.0,102.9,1007.0
573141,2026-10-07 06:01:25,ICE,38.3,486.0,102.9,1243.0
573142,2026-10-07 06:01:25,WAT,0.0,0.0,101.9,783.0
573143,2026-10-07 06:01:25,MAC,4.0,61.0,102.9,1194.0
573144,2026-10-07 06:04:27,AIR,1.4,28.0,102.9,1007.0
573145,2026-10-07 06:04:27,ICE,38.3,486.0,102.9,1243.0
573146,2026-10-07 06:04:27,WAT,0.0,0.0,101.9,783.0
573147,2026-10-07 06:04:27,MAC,5.0,84.0,102.3,1263.0
573148,2026-10-07 06:07:28,AIR,1.4,28.0,102.9,1007.0
573149,2026-10-07 06:07:28,ICE,38.3,486.0,102.9,1243.0
573150,2026-10-07 06:07:28,WAT,0.0,0.0,101.9,783.0
573151,2026-10-07 06:07:28,MAC,5.0,84.0,102.3,1263.0
573152,2026-10-07 06:10:29,AIR,1.4,28.0,102.9,1007.0
573153,2026-10-07 06:10:29,ICE,38.3,486.0,102.9,1243.0
573154,2026-10-07 06:10:29,WAT,0.0,0.0,101.9,783.0
573155,2026-10-07 06:10:29,MAC,5.0,84.0,102.3,1263.0
573156,2026-10-07 06:13:31,AIR,1.4,28.0,102.9,1007.0
573157,2026-10-07 06:13:31,ICE,38.3,486.0,102.9,1243.0
573158,2026-10-07 06:13:31,WAT,0.0,0.0,101.9,783.0
573159,2026-10-07 06:13:31,MAC,5.0,84.0,102.3,1263.0
573160,2026-10-07 06:16:32,AIR,1.4,28.0,102.9,1007.0
573161,2026-10-07 06:16:32,ICE,38.3,486.0,102.9,1243.0
573162,2026-10-07 06:16:32,WAT,0.0,0.0,101.9,783.0
573163,2026-10-07 06:16:32,MAC,5.0,84.0,102.3,1263.0
573164,2026-10-07 06:19:33,AIR,1.4,28.0,102.9,1007.0
573165,2026-10-07 06:19:33,ICE,38.3,486.0,102.9,1243.0
573166,2026-10-07 06:19:33,WAT,0.0,0.0,101.9,783.0
573167,2026-10-07 06:19:33,MAC,5.0,84.0,102.3,1263.0
573168,2026-10-07 06:22:34,AIR,1.4,28.0,102.9,1007.0
573169,2026-10-07 06:22:34,ICE,38.3,486.0,102.9,1243.0
573170,2026-10-07 06:22:34,WAT,0.0,0.0,101.9,783.0
573171,2026-10-07 06:22:34,MAC,5.0,84.0,102.3,1263.0
573172,2026-10-07 06:25:35,AIR,1.4,28.0,102.9,1007.0
573173,2026-10-07 06:25:35,ICE,38.3,486.0,102.9,1243.0
573174,2026-10-07 06:25:35,WAT,0.0,0.0,101.9,783.0
573175,2026-10-07 06:25:35,MAC,5.0,84.0,102.3,1263.0
573176,2026-10-07 06:28:37,AIR,1.4,28.0,102.9,1007.0
573177,2026-10-07 06:28:37,ICE,38.3,486.0,102.9,1243.0
573178,2026-10-07 06:28:37,WAT,0.0,0.0,101.9,783.0
573179,2026-10-07 06:28:37,MAC,5.0,84.0,102.3,1263.0
573180,2026-10-07 06:31:38,AIR,1.4,28.0,102.9,1007.0
573181,2026-10-07 06:31:38,ICE,38.3,486.0,102.9,1243.0
573182,2026-10-07 06:31:38,WAT,0.0,0.0,101.9,783.0
573183,2026-10-07 06:31:38,MAC,5.0,84.0,102.3,1263.0
573184,2026-10-07 06:34:39,AIR,1.4,28.0,102.9,1007.0
573185,2026-10-07 06:34:39,ICE,38.3,486.0,102.9,1243.0
573186,2026-10-07 06:34:39,WAT,0.0,0.0,101.9,783.0
573187,2026-10-07 06:34:39,MAC,5.0,84.0,102.3,1263.0
573188,2026-10-07 06:37:41,AIR,1.4,28.0,102.9,1007.0
573189,2026-10-07 06:37:41,ICE,38.3,486.0,102.9,1243.0
573190,2026-10-07 06:37:41,WAT,0.0,0.0,101.9,783.0
573191,2026-10-07 06:37:41,MAC,5.0,84.0,102.3,1263.0
573192,2026-10-07 06:40:42,AIR,1.4,28.0,102.9,1007.0
573193,2026-10-07 06:40:42,ICE,38.3,486.0,102.9,1243.0
573194,2026-10-07 06:40:42,WAT,0.0,0.0,101.9,783.0
573195,2026-10-07 06:40:42,MAC,5.0,84.0,102.3,1263.0
573196,2026-10-07 06:43:43,AIR,1.4,28.0,102.9,1007.0
573197,2026-10-07 06:43:43,ICE,38.3,486.0,102.9,1243.0
573198,2026-10-07 06:43:43,WAT,0.0,0.0,101.9,783.0
573199,2026-10-07 06:43:43,MAC,5.0,84.0,102.3,1263.0
573200,2026-10-07 06:46:45,AIR,1.4,28.0,102.9,1007.0
573201,2026-10-07 06:46:45,ICE,38.3,486.0,102.9,1243.0
573202,2026-10-07 06:46:45,WAT,0.0,0.0,101.9,783.0
573203,2026-10-07 06:46:45,MAC,5.0,84.0,102.3,1263.0
573204,2026-10-07 06:49:46,AIR,1.4,28.0,102.9,1007.0
573205,2026-10-07 06:49:46,ICE,38.3,486.0,102.9,1243.0
573206,2026-10-07 06:49:46,WAT,0.0,0.0,101.9,783.0
573207,2026-10-07 06:49:46,MAC,5.0,84.0,102.3,1263.0
573208,2026-10-07 06:52:47,AIR,1.4,28.0,102.9,1007.0
573209,2026-10-07 06:52:47,ICE,38.3,486.0,102.9,1243.0
573210,2026-10-07 06:52:47,WAT,0.0,0.0,101.9,783.0
573211,2026-10-07 06:52:47,MAC,5.0,84.0,102.3,1263.0
573212,2026-10-07 06:55:48,AIR,1.4,28.0,102.9,1007.0
573213,2026-10-07 06:55:48,ICE,38.3,486.0,102.9,1243.0
573214,2026-10-07 06:55:48,WAT,0.0,0.0,101.9,783.0
573215,2026-10-07 06:55:48,MAC,5.0,84.0,102.3,1263.0
573216,2026-10-07 06:58:49,AIR,1.4,28.0,102.9,1007.0
573217,2026-10-07 06:58:49,ICE,38.3,486.0,102.9,1243.0
573218,2026-10-07 06:58:49,WAT,0.0,0.0,101.9,783.0
573219,2026-10-07 06:58:49,MAC,5.0,84.0,102.3,1263.0
573220,2026-10-07 07:01:51,AIR,1.4,28.0,102.9,1007.0
573221,2026-10-07 07:01:51,ICE,38.3,486.0,102.9,1243.0
573222,2026-10-07 07:01:51,WAT,0.0,0.0,101.9,783.0
573223,2026-10-07 07:01:51,MAC,5.0,84.0,102.3,1263.0
573224,2026-10-07 07:04:52,AIR,1.4,28.0,102.9,1007.0
573225,2026-10-07 07:04:52,ICE,38.3,486.0,102.9,1243.0
573226,2026-10-07 07:04:52,WAT,0.0,0.0,101.9,783.0
573227,2026-10-07 07:04:52,MAC,5.0,84.0,102.3,1263.0
573228,2026-10-07 07:07:53,AIR,1.4,28.0,102.9,1007.0
573229,2026-10-07 07:07:53,ICE,38.3,486.0,102.9,1243.0
573230,2026-10-07 07:07:53,WAT,0.0,0.0,101.9,783.0
573231,2026-10-07 07:07:53,MAC,5.0,84.0,102.3,1263.0
573232,2026-10-07 07:10:54,AIR,1.4,28.0,102.9,1007.0
573233,2026-10-07 07:10:54,ICE,38.3,486.0,102.9,1243.0
573234,2026-10-07 07:10:54,WAT,0.0,0.0,101.9,783.0
573235,2026-10-07 07:10:54,MAC,5.0,84.0,102.3,1263.0
573236,2026-10-07 07:13:55,AIR,1.4,28.0,102.9,1007.0
573237,2026-10-07 07:13:55,ICE,59.5,753.0,102.9,1332.0
573238,2026-10-07 07:13:55,WAT,0.0,0.0,101.9,783.0
573239,2026-10-07 07:13:55,MAC,5.0,84.0,102.3,1263.0
573240,2026-10-07 07:16:57,AIR,1.4,28.0,102.9,1007.0
573241,2026-10-07 07:16:57,ICE,59.5,753.0,102.9,1332.0
573242,2026-10-07 07:16:57,WAT,0.0,0.0,101.9,783.0
573243,2026-10-07 07:16:57,MAC,5.0,84.0,102.3,1263.0
573244,2026-10-07 07:19:58,AIR,1.4,28.0,102.9,1007.0
573245,2026-10-07 07:19:58,ICE,59.5,753.0,102.9,1332.0
573246,2026-10-07 07:19:58,WAT,0.0,0.0,101.9,783.0
573247,2026-10-07 07:19:58,MAC,5.0,84.0,102.3,1263.0
573248,2026-10-07 07:22:59,AIR,1.4,28.0,102.9,1007.0
573249,2026-10-07 07:22:59,ICE,59.5,753.0,102.9,1332.0
573250,2026-10-07 07:22:59,WAT,0.0,0.0,101.9,783.0
573251,2026-10-07 07:22:59,MAC,5.0,84.0,102.3,1263.0
573252,2026-10-07 07:26:00,AIR,1.4,28.0,102.9,1007.0
573253,2026-10-07 07:26:00,ICE,59.5,753.0,102.9,1332.0
573254,2026-10-07 07:26:00,WAT,0.0,0.0,101.9,783.0
573255,2026-10-07 07:26:00,MAC,5.0,84.0,102.3,1263.0
573256,2026-10-07 07:29:02,AIR,1.4,28.0,102.9,1007.0
573257,2026-10-07 07:29:02,ICE,59.5,753.0,102.9,1332.0
573258,2026-10-07 07:29:02,WAT,0.0,0.0,101.9,783.0
573259,2026-10-07 07:29:02,MAC,6.2,88.0,102.9,1346.0
573260,2026-10-07 07:32:03,AIR,1.4,28.0,102.9,1007.0
573261,2026-10-07 07:32:03,ICE,59.5,753.0,102.9,1332.0
573262,2026-10-07 07:32:03,WAT,0.0,0.0,101.9,783.0
573263,2026-10-07 07:32:03,MAC,6.2,88.0,102.9,1346.0
573264,2026-10-07 07:35:04,AIR,1.4,28.0,102.9,1007.0
573265,2026-10-07 07:35:04,ICE,59.5,753.0,102.9,1332.0
573266,2026-10-07 07:35:04,WAT,0.0,0.0,101.9,783.0
573267,2026-10-07 07:35:04,MAC,6.2,88.0,102.9,1346.0
573268,2026-10-07 07:38:06,AIR,1.4,28.0,102.9,1007.0
573269,2026-10-07 07:38:06,ICE,1.4,28.0,104.1,1356.0
573270,2026-10-07 07:38:06,WAT,0.0,0.0,101.9,783.0
573271,2026-10-07 07:38:06,MAC,6.2,88.0,102.9,1346.0
573272,2026-10-07 07:41:07,AIR,1.4,28.0,102.9,1007.0
573273,2026-10-07 07:41:07,ICE,1.4,28.0,104.1,1356.0
573274,2026-10-07 07:41:07,WAT,0.0,0.0,101.9,783.0
573275,2026-10-07 07:41:07,MAC,6.2,88.0,102.9,1346.0
573276,2026-10-07 07:44:09,AIR,1.4,28.0,102.9,1007.0
573277,2026-10-07 07:44:09,ICE,1.4,28.0,104.1,1356.0
573278,2026-10-07 07:44:09,WAT,0.0,0.0,101.9,783.0
573279,2026-10-07 07:44:09,MAC,6.2,88.0,102.9,1346.0
573280,2026-10-07 07:47:10,AIR,1.4,28.0,102.9,1007.0
573281,2026-10-07 07:47:10,ICE,1.4,28.0,104.1,1356.0
573282,2026-10-07 07:47:10,WAT,0.0,0.0,101.9,783.0
573283,2026-10-07 07:47:10,MAC,6.2,88.0,102.9,1346.0
573284,2026-10-07 07:50:11,AIR,1.4,28.0,102.9,1007.0
573285,2026-10-07 07:50:11,ICE,1.4,28.0,104.1,1356.0
573286,2026-10-07 07:50:11,WAT,0.0,0.0,101.9,783.0
573287,2026-10-07 07:50:11,MAC,6.2,88.0,102.9,1346.0
573288,2026-10-07 07:53:12,AIR,1.4,28.0,102.9,1007.0
573289,2026-10-07 07:53:12,ICE,40.7,511.0,103.7,1372.0
573290,2026-10-07 07:53:12,WAT,0.0,0.0,101.9,783.0
573291,2026-10-07 07:53:12,MAC,6.2,88.0,102.9,1346.0
573292,2026-10-07 07:56:14,AIR,1.4,28.0,102.9,1007.0
573293,2026-10-07 07:56:14,ICE,40.7,511.0,103.7,1372.0
573294,2026-10-07 07:56:14,WAT,0.0,0.0,101.9,783.0
573295,2026-10-07 07:56:14,MAC,6.2,88.0,102.9,1346.0
573296,2026-10-07 07:59:15,AIR,1.4,28.0,102.9,1007.0
573297,2026-10-07 07:59:15,ICE,40.7,511.0,103.7,1372.0
573298,2026-10-07 07:59:15,WAT,0.0,0.0,101.9,783.0
573299,2026-10-07 07:59:15,MAC,6.2,88.0,102.9,1346.0
573300,2026-10-07 08:02:16,AIR,1.4,28.0,102.9,1007.0
573301,2026-10-07 08:02:16,ICE,40.7,511.0,103.7,1372.0
573302,2026-10-07 08:02:16,WAT,0.0,0.0,101.9,783.0
573303,2026-10-07 08:02:16,MAC,6.2,88.0,102.9,1346.0
573304,2026-10-07 08:05:18,AIR,1.4,28.0,102.9,1007.0
573305,2026-10-07 08:05:18,ICE,40.7,511.0,103.7,1372.0
573306,2026-10-07 08:05:18,WAT,0.0,0.0,101.9,783.0
573307,2026-10-07 08:05:18,MAC,6.2,88.0,102.9,1346.0
573308,2026-10-07 08:08:19,AIR,1.4,28.0,102.9,1007.0
573309,2026-10-07 08:08:19,ICE,40.7,511.0,103.7,1372.0
573310,2026-10-07 08:08:19,WAT,0.0,0.0,101.9,783.0
573311,2026-10-07 08:08:19,MAC,6.2,88.0,102.9,1346.0
573312,2026-10-07 08:11:20,AIR,1.4,28.0,102.9,1007.0
573313,2026-10-07 08:11:20,ICE,40.7,511.0,103.7,1372.0
573314,2026-10-07 08:11:20,WAT,0.0,0.0,101.9,783.0
573315,2026-10-07 08:11:20,MAC,6.2,88.0,102.9,1346.0
573316,2026-10-07 08:14:21,AIR,1.4,28.0,102.9,1007.0
573317,2026-10-07 08:14:21,ICE,40.7,511.0,103.7,1372.0
573318,2026-10-07 08:14:21,WAT,0.0,0.0,101.9,783.0
573319,2026-10-07 08:14:21,MAC,6.2,88.0,102.9,1346.0
573320,2026-10-07 08:17:22,AIR,1.4,28.0,102.9,1007.0
573321,2026-10-07 08:17:22,ICE,40.7,511.0,103.7,1372.0
573322,2026-10-07 08:17:22,WAT,0.0,0.0,101.9,783.0
573323,2026-10-07 08:17:22,MAC,6.2,88.0,102.9,1346.0
573324,2026-10-07 08:20:24,AIR,1.4,28.0,102.9,1007.0
573325,2026-10-07 08:20:24,ICE,40.7,511.0,103.7,1372.0
573326,2026-10-07 08:20:24,WAT,0.0,0.0,101.9,783.0
573327,2026-10-07 08:20:24,MAC,6.2,88.0,102.9,1346.0
573328,2026-10-07 08:23:25,AIR,1.4,28.0,102.9,1007.0
573329,2026-10-07 08:23:25,ICE,40.7,511.0,103.7,1372.0
573330,2026-10-07 08:23:25,WAT,0.0,0.0,101.9,783.0
573331,2026-10-07 08:23:25,MAC,6.2,88.0,102.9,1346.0
573332,2026-10-07 08:26:26,AIR,1.4,28.0,102.9,1007.0
573333,2026-10-07 08:26:26,ICE,40.7,511.0,103.7,1372.0
573334,2026-10-07 08:26:26,WAT,0.0,0.0,101.9,783.0
573335,2026-10-07 08:26:26,MAC,6.2,88.0,102.9,1346.0
573336,2026-10-07 08:29:28,AIR,1.4,28.0,102.9,1007.0
573337,2026-10-07 08:29:28,ICE,40.7,511.0,103.7,1372.0
573338,2026-10-07 08:29:28,WAT,0.0,0.0,101.9,783.0
573339,2026-10-07 08:29:28,MAC,6.2,88.0,102.9,1346.0
573340,2026-10-07 08:32:29,AIR,1.4,28.0,102.9,1007.0
573341,2026-10-07 08:32:29,ICE,40.7,511.0,103.7,1372.0
573342,2026-10-07 08:32:29,WAT,0.0,0.0,101.9,783.0
573343,2026-10-07 08:32:29,MAC,6.2,88.0,102.9,1346.0
573344,2026-10-07 08:35:30,AIR,1.4,28.0,102.9,1007.0
573345,2026-10-07 08:35:30,ICE,40.7,511.0,103.7,1372.0
573346,2026-10-07 08:35:30,WAT,0.0,0.0,101.9,783.0
573347,2026-10-07 08:35:30,MAC,6.2,88.0,102.9,1346.0
573348,2026-10-07 08:38:31,AIR,1.4,28.0,102.9,1007.0
573349,2026-10-07 08:38:31,ICE,40.7,511.0,103.7,1372.0
573350,2026-10-07 08:38:31,WAT,0.0,0.0,101.9,783.0
573351,2026-10-07 08:38:31,MAC,6.2,88.0,102.9,1346.0
573352,2026-10-07 08:41:33,AIR,1.4,28.0,102.9,1007.0
573353,2026-10-07 08:41:33,ICE,40.7,511.0,103.7,1372.0
573354,2026-10-07 08:41:33,WAT,0.0,0.0,101.9,783.0
573355,2026-10-07 08:41:33,MAC,6.2,88.0,102.9,1346.0
573356,2026-10-07 08:44:35,AIR,1.4,28.0,102.9,1007.0
573357,2026-10-07 08:44:35,ICE,40.7,511.0,103.7,1372.0
573358,2026-10-07 08:44:35,WAT,0.0,0.0,101.9,783.0
573359,2026-10-07 08:44:35,MAC,6.2,88.0,102.9,1346.0
573360,2026-10-07 08:47:37,AIR,1.4,28.0,102.9,1007.0
573361,2026-10-07 08:47:37,ICE,40.7,511.0,103.7,1372.0
573362,2026-10-07 08:47:37,WAT,0.0,0.0,101.9,783.0
573363,2026-10-07 08:47:37,MAC,6.2,88.0,102.9,1346.0
573364,2026-10-07 08:50:38,AIR,1.4,28.0,102.9,1007.0
573365,2026-10-07 08:50:38,ICE,40.7,511.0,103.7,1372.0
573366,2026-10-07 08:50:38,WAT,0.0,0.0,101.9,783.0
573367,2026-10-07 08:50:38,MAC,6.2,88.0,102.9,1346.0
573368,2026-10-07 08:53:39,AIR,1.4,28.0,102.9,1007.0
573369,2026-10-07 08:53:39,ICE,40.7,511.0,103.7,1372.0
573370,2026-10-07 08:53:39,WAT,0.0,0.0,101.9,783.0
573371,2026-10-07 08:53:39,MAC,6.2,88.0,102.9,1346.0
573372,2026-10-07 08:56:41,AIR,1.4,28.0,102.9,1007.0
573373,2026-10-07 08:56:41,ICE,40.7,511.0,103.7,1372.0
573374,2026-10-07 08:56:41,WAT,0.0,0.0,101.9,783.0
573375,2026-10-07 08:56:41,MAC,6.2,88.0,102.9,1346.0
573376,2026-10-07 08:59:42,AIR,1.4,28.0,102.9,1007.0
573377,2026-10-07 08:59:42,ICE,40.7,511.0,103.7,1372.0
573378,2026-10-07 08:59:42,WAT,0.0,0.0,101.9,783.0
573379,2026-10-07 08:59:42,MAC,6.2,88.0,102.9,1346.0
573380,2026-10-07 09:02:43,AIR,1.4,28.0,102.9,1007.0
573381,2026-10-07 09:02:43,ICE,40.7,511.0,103.7,1372.0
573382,2026-10-07 09:02:43,WAT,0.0,0.0,101.9,783.0
573383,2026-10-07 09:02:43,MAC,6.2,88.0,102.9,1346.0
573384,2026-10-07 09:05:45,AIR,1.4,28.0,102.9,1007.0
573385,2026-10-07 09:05:45,ICE,40.7,511.0,103.7,1372.0
573386,2026-10-07 09:05:45,WAT,0.0,0.0,101.9,783.0
573387,2026-10-07 09:05:45,MAC,6.2,88.0,102.9,1346.0
573388,2026-10-07 09:08:46,AIR,1.4,28.0,102.9,1007.0
573389,2026-10-07 09:08:46,ICE,40.7,511.0,103.7,1372.0
573390,2026-10-07 09:08:46,WAT,0.0,0.0,101.9,783.0
573391,2026-10-07 09:08:46,MAC,6.2,88.0,102.9,1346.0
573392,2026-10-07 09:11:47,AIR,1.4,28.0,102.9,1007.0
573393,2026-10-07 09:11:47,ICE,40.7,511.0,103.7,1372.0
573394,2026-10-07 09:11:47,WAT,0.0,0.0,101.9,783.0
573395,2026-10-07 09:11:47,MAC,6.2,88.0,102.9,1346.0
573396,2026-10-07 09:14:48,AIR,1.4,28.0,102.9,1007.0
573397,2026-10-07 09:14:48,ICE,40.7,511.0,103.7,1372.0
573398,2026-10-07 09:14:48,WAT,0.0,0.0,101.9,783.0
573399,2026-10-07 09:14:48,MAC,6.2,88.0,102.9,1346.0
573400,2026-10-07 09:17:50,AIR,1.4,28.0,102.9,1007.0
573401,2026-10-07 09:17:50,ICE,40.7,511.0,103.7,1372.0
573402,2026-10-07 09:17:50,WAT,0.0,0.0,101.9,783.0
573403,2026-10-07 09:17:50,MAC,6.2,88.0,102.9,1346.0
573404,2026-10-07 09:20:51,AIR,1.4,28.0,102.9,1007.0
573405,2026-10-07 09:20:51,ICE,40.7,511.0,103.7,1372.0
573406,2026-10-07 09:20:51,WAT,0.0,0.0,101.9,783.0
573407,2026-10-07 09:20:51,MAC,6.2,88.0,102.9,1346.0
573408,2026-10-07 09:23:52,AIR,1.4,28.0,102.9,1007.0
573409,2026-10-07 09:23:52,ICE,63.4,795.0,103.3,21.0
573410,2026-10-07 09:23:52,WAT,0.0,0.0,101.9,783.0
573411,2026-10-07 09:23:52,MAC,6.2,88.0,102.9,1346.0
573412,2026-10-07 09:26:54,AIR,1.4,28.0,102.9,1007.0
573413,2026-10-07 09:26:54,ICE,63.4,795.0,103.3,21.0
573414,2026-10-07 09:26:54,WAT,0.0,0.0,101.9,783.0
573415,2026-10-07 09:26:54,MAC,6.2,88.0,102.9,1346.0
573416,2026-10-07 09:29:55,AIR,1.4,28.0,102.9,1007.0
573417,2026-10-07 09:29:55,ICE,63.4,795.0,103.3,21.0
573418,2026-10-07 09:29:55,WAT,0.0,0.0,101.9,783.0
573419,2026-10-07 09:29:55,MAC,6.2,88.0,102.9,1346.0
573420,2026-10-07 09:32:57,AIR,1.4,28.0,102.9,1007.0
573421,2026-10-07 09:32:57,ICE,63.4,795.0,103.3,21.0
573422,2026-10-07 09:32:57,WAT,0.0,0.0,101.9,783.0
573423,2026-10-07 09:32:57,MAC,6.2,88.0,102.9,1346.0
573424,2026-10-07 09:35:58,AIR,1.4,28.0,102.9,1007.0
573425,2026-10-07 09:35:58,ICE,63.4,795.0,103.3,21.0
573426,2026-10-07 09:35:58,WAT,0.0,0.0,101.9,783.0
573427,2026-10-07 09:35:58,MAC,6.2,88.0,102.9,1346.0
573428,2026-10-07 09:38:59,AIR,1.4,28.0,102.9,1007.0
573429,2026-10-07 09:38:59,ICE,63.4,795.0,103.3,21.0
573430,2026-10-07 09:38:59,WAT,0.0,0.0,101.9,783.0
573431,2026-10-07 09:38:59,MAC,6.2,88.0,102.9,1346.0
573432,2026-10-07 09:42:01,AIR,1.4,28.0,102.9,1007.0
573433,2026-10-07 09:42:01,ICE,63.4,795.0,103.3,21.0
573434,2026-10-07 09:42:01,WAT,0.0,0.0,101.9,783.0
573435,2026-10-07 09:42:01,MAC,6.2,88.0,102.9,1346.0
573436,2026-10-07 09:45:02,AIR,1.4,28.0,102.9,1007.0
573437,2026-10-07 09:45:02,ICE,63.4,795.0,103.3,21.0
573438,2026-10-07 09:45:02,WAT,0.0,0.0,101.9,783.0
573439,2026-10-07 09:45:02,MAC,6.2,88.0,102.9,1346.0
573440,2026-10-07 09:48:05,AIR,1.4,28.0,102.9,1007.0
573441,2026-10-07 09:48:05,ICE,63.4,795.0,103.3,21.0
573442,2026-10-07 09:48:05,WAT,0.0,0.0,101.9,783.0
573443,2026-10-07 09:48:05,MAC,6.2,88.0,102.9,1346.0
573444,2026-10-07 09:51:06,AIR,1.4,28.0,102.9,1007.0
573445,2026-10-07 09:51:06,ICE,63.4,795.0,103.3,21.0
573446,2026-10-07 09:51:06,WAT,0.0,0.0,101.9,783.0
573447,2026-10-07 09:51:06,MAC,6.2,88.0,102.9,1346.0
573448,2026-10-07 09:54:07,AIR,1.4,28.0,102.9,1007.0
573449,2026-10-07 09:54:07,ICE,63.4,795.0,103.3,21.0
573450,2026-10-07 09:54:07,WAT,0.0,0.0,101.9,783.0
573451,2026-10-07 09:54:07,MAC,6.2,88.0,102.9,1346.0
573452,2026-10-07 09:57:08,AIR,1.4,28.0,102.9,1007.0
573453,2026-10-07 09:57:08,ICE,63.4,795.0,103.3,21.0
573454,2026-10-07 09:57:08,WAT,0.0,0.0,101.9,783.0
573455,2026-10-07 09:57:08,MAC,6.2,88.0,102.9,1346.0
573456,2026-10-07 10:00:10,AIR,1.4,28.0,102.9,1007.0
573457,2026-10-07 10:00:10,ICE,63.4,795.0,103.3,21.0
573458,2026-10-07 10:00:10,WAT,0.0,0.0,101.9,783.0
573459,2026-10-07 10:00:10,MAC,6.2,88.0,102.9,1346.0
573460,2026-10-07 10:03:16,AIR,1.4,28.0,102.9,1007.0
573461,2026-10-07 10:03:16,ICE,63.4,795.0,103.3,21.0
573462,2026-10-07 10:03:16,WAT,0.0,0.0,101.9,783.0
573463,2026-10-07 10:03:16,MAC,6.2,88.0,102.9,1346.0
573464,2026-10-07 10:06:17,AIR,1.4,28.0,102.9,1007.0
573465,2026-10-07 10:06:17,ICE,63.4,795.0,103.3,21.0
573466,2026-10-07 10:06:17,WAT,0.0,0.0,101.9,783.0
573467,2026-10-07 10:06:17,MAC,6.2,88.0,102.9,1346.0
573468,2026-10-07 10:09:19,AIR,1.4,28.0,102.9,1007.0
573469,2026-10-07 10:09:19,ICE,63.4,795.0,103.3,21.0
573470,2026-10-07 10:09:19,WAT,0.0,0.0,101.9,783.0
573471,2026-10-07 10:09:19,MAC,6.2,88.0,102.9,1346.0
573472,2026-10-07 10:12:20,AIR,1.4,28.0,102.9,1007.0
573473,2026-10-07 10:12:20,ICE,63.4,795.0,103.3,21.0
573474,2026-10-07 10:12:20,WAT,0.0,0.0,101.9,783.0
573475,2026-10-07 10:12:20,MAC,6.2,88.0,102.9,1346.0
573476,2026-10-07 10:15:21,AIR,1.4,28.0,102.9,1007.0
573477,2026-10-07 10:15:21,ICE,63.4,795.0,103.3,21.0
573478,2026-10-07 10:15:21,WAT,0.0,0.0,101.9,783.0
573479,2026-10-07 10:15:21,MAC,6.2,88.0,102.9,1346.0
573480,2026-10-07 10:18:23,AIR,1.4,28.0,102.9,1007.0
573481,2026-10-07 10:18:23,ICE,3.0,29.0,104.0,77.0
573482,2026-10-07 10:18:23,WAT,0.0,0.0,101.9,783.0
573483,2026-10-07 10:18:23,MAC,6.2,88.0,102.9,1346.0
573484,2026-10-07 10:21:24,AIR,1.4,28.0,102.9,1007.0
573485,2026-10-07 10:21:24,ICE,3.0,29.0,104.0,77.0
573486,2026-10-07 10:21:24,WAT,0.0,0.0,101.9,783.0
573487,2026-10-07 10:21:24,MAC,6.2,88.0,102.9,1346.0
573488,2026-10-07 10:24:25,AIR,1.4,28.0,102.9,1007.0
573489,2026-10-07 10:24:25,ICE,3.0,29.0,104.0,77.0
573490,2026-10-07 10:24:25,WAT,0.0,0.0,101.9,783.0
573491,2026-10-07 10:24:25,MAC,6.2,88.0,102.9,1346.0
573492,2026-10-07 10:27:27,AIR,1.4,28.0,102.9,1007.0
573493,2026-10-07 10:27:27,ICE,3.0,29.0,104.0,77.0
573494,2026-10-07 10:27:27,WAT,0.0,0.0,101.9,783.0
573495,2026-10-07 10:27:27,MAC,6.2,88.0,102.9,1346.0
573496,2026-10-07 10:30:28,AIR,1.4,28.0,102.9,1007.0
573497,2026-10-07 10:30:28,ICE,3.0,29.0,104.0,77.0
573498,2026-10-07 10:30:28,WAT,0.0,0.0,101.9,783.0
573499,2026-10-07 10:30:28,MAC,6.2,88.0,102.9,1346.0
573500,2026-10-07 10:33:29,AIR,1.4,28.0,102.9,1007.0
573501,2026-10-07 10:33:29,ICE,38.7,493.0,103.8,93.0
573502,2026-10-07 10:33:29,WAT,0.0,0.0,101.9,783.0
573503,2026-10-07 10:33:29,MAC,6.2,88.0,102.9,1346.0
573504,2026-10-07 10:36:31,AIR,1.4,28.0,102.9,1007.0
573505,2026-10-07 10:36:31,ICE,38.7,493.0,103.8,93.0
573506,2026-10-07 10:36:31,WAT,0.0,0.0,101.9,783.0
573507,2026-10-07 10:36:31,MAC,6.2,88.0,102.9,1346.0
573508,2026-10-07 10:39:32,AIR,1.4,28.0,102.9,1007.0
573509,2026-10-07 10:39:32,ICE,38.7,493.0,103.8,93.0
573510,2026-10-07 10:39:32,WAT,0.0,0.0,101.9,783.0
573511,2026-10-07 10:39:32,MAC,6.2,88.0,102.9,1346.0
573512,2026-10-07 10:42:33,AIR,1.4,28.0,102.9,1007.0
573513,2026-10-07 10:42:33,ICE,38.7,493.0,103.8,93.0
573514,2026-10-07 10:42:33,WAT,0.0,0.0,101.9,783.0
573515,2026-10-07 10:42:33,MAC,6.2,88.0,102.9,1346.0
573516,2026-10-07 10:45:35,AIR,1.4,28.0,102.9,1007.0
573517,2026-10-07 10:45:35,ICE,38.7,493.0,103.8,93.0
573518,2026-10-07 10:45:35,WAT,0.0,0.0,101.9,783.0
573519,2026-10-07 10:45:35,MAC,6.2,88.0,102.9,1346.0
573520,2026-10-07 10:48:36,AIR,1.4,28.0,102.9,1007.0
573521,2026-10-07 10:48:36,ICE,38.7,493.0,103.8,93.0
573522,2026-10-07 10:48:36,WAT,0.0,0.0,101.9,783.0
573523,2026-10-07 10:48:36,MAC,6.2,88.0,102.9,1346.0
573524,2026-10-07 10:51:38,AIR,1.4,28.0,102.9,1007.0
573525,2026-10-07 10:51:38,ICE,38.7,493.0,103.8,93.0
573526,2026-10-07 10:51:38,WAT,0.0,0.0,101.9,783.0
573527,2026-10-07 10:51:38,MAC,6.2,88.0,102.9,1346.0
573528,2026-10-07 10:54:39,AIR,1.4,28.0,102.9,1007.0
573529,2026-10-07 10:54:39,ICE,38.7,493.0,103.8,93.0
573530,2026-10-07 10:54:39,WAT,0.0,0.0,101.9,783.0
573531,2026-10-07 10:54:39,MAC,6.2,88.0,102.9,1346.0
573532,2026-10-07 10:57:40,AIR,1.4,28.0,102.9,1007.0
573533,2026-10-07 10:57:40,ICE,38.7,493.0,103.8,93.0
573534,2026-10-07 10:57:40,WAT,0.0,0.0,101.9,783.0
573535,2026-10-07 10:57:40,MAC,6.2,88.0,102.9,1346.0
573536,2026-10-07 11:00:42,AIR,1.4,28.0,102.9,1007.0
573537,2026-10-07 11:00:42,ICE,38.7,493.0,103.8,93.0
573538,2026-10-07 11:00:42,WAT,0.0,0.0,101.9,783.0
573539,2026-10-07 11:00:42,MAC,6.2,88.0,102.9,1346.0
573540,2026-10-07 11:03:43,AIR,1.4,28.0,102.9,1007.0
573541,2026-10-07 11:03:43,ICE,38.7,493.0,103.8,93.0
573542,2026-10-07 11:03:43,WAT,0.0,0.0,101.9,783.0
573543,2026-10-07 11:03:43,MAC,6.2,88.0,102.9,1346.0
573544,2026-10-07 11:06:45,AIR,1.4,28.0,102.9,1007.0
573545,2026-10-07 11:06:45,ICE,38.7,493.0,103.8,93.0
573546,2026-10-07 11:06:45,WAT,0.0,0.0,101.9,783.0
573547,2026-10-07 11:06:45,MAC,6.2,88.0,102.9,1346.0
573548,2026-10-07 11:09:46,AIR,1.4,28.0,102.9,1007.0
573549,2026-10-07 11:09:46,ICE,38.7,493.0,103.8,93.0
573550,2026-10-07 11:09:46,WAT,0.0,0.0,101.9,783.0
573551,2026-10-07 11:09:46,MAC,6.2,88.0,102.9,1346.0
573552,2026-10-07 11:12:48,AIR,1.4,28.0,102.9,1007.0
573553,2026-10-07 11:12:48,ICE,38.7,493.0,103.8,93.0
573554,2026-10-07 11:12:48,WAT,0.0,0.0,101.9,783.0
573555,2026-10-07 11:12:48,MAC,6.2,88.0,102.9,1346.0
573556,2026-10-07 11:15:47,AIR,1.4,28.0,102.9,1007.0
573557,2026-10-07 11:15:47,ICE,38.7,493.0,103.8,93.0
573558,2026-10-07 11:15:47,WAT,0.0,0.0,101.9,783.0
573559,2026-10-07 11:15:47,MAC,6.2,88.0,102.9,1346.0
573560,2026-10-07 11:18:48,AIR,1.4,28.0,102.9,1007.0
573561,2026-10-07 11:18:48,ICE,38.7,493.0,103.8,93.0
573562,2026-10-07 11:18:48,WAT,0.0,0.0,101.9,783.0
573563,2026-10-07 11:18:48,MAC,6.2,88.0,102.9,1346.0
573564,2026-10-07 11:21:50,AIR,1.4,28.0,102.9,1007.0
573565,2026-10-07 11:21:50,ICE,38.7,493.0,103.8,93.0
573566,2026-10-07 11:21:50,WAT,0.0,0.0,101.9,783.0
573567,2026-10-07 11:21:50,MAC,6.2,88.0,102.9,1346.0
573568,2026-10-07 11:24:51,AIR,1.4,28.0,102.9,1007.0
573569,2026-10-07 11:24:51,ICE,38.7,493.0,103.8,93.0
573570,2026-10-07 11:24:51,WAT,0.0,0.0,101.9,783.0
573571,2026-10-07 11:24:51,MAC,6.2,88.0,102.9,1346.0
573572,2026-10-07 11:27:53,AIR,1.4,28.0,102.9,1007.0
573573,2026-10-07 11:27:53,ICE,38.7,493.0,103.8,93.0
573574,2026-10-07 11:27:53,WAT,0.0,0.0,101.9,783.0
573575,2026-10-07 11:27:53,MAC,6.2,88.0,102.9,1346.0
573576,2026-10-07 11:30:56,AIR,1.4,28.0,102.9,1007.0
573577,2026-10-07 11:30:56,ICE,38.7,493.0,103.8,93.0
573578,2026-10-07 11:30:56,WAT,0.0,0.0,101.9,783.0
573579,2026-10-07 11:30:56,MAC,6.2,88.0,102.9,1346.0
573580,2026-10-07 11:33:58,AIR,1.4,28.0,102.9,1007.0
573581,2026-10-07 11:33:58,ICE,38.7,493.0,103.8,93.0
573582,2026-10-07 11:33:58,WAT,0.0,0.0,101.9,783.0
573583,2026-10-07 11:33:58,MAC,6.2,88.0,102.9,1346.0
573584,2026-10-07 11:36:59,AIR,1.4,28.0,102.9,1007.0
573585,2026-10-07 11:36:59,ICE,38.7,493.0,103.8,93.0
573586,2026-10-07 11:36:59,WAT,0.0,0.0,101.9,783.0
573587,2026-10-07 11:36:59,MAC,6.2,88.0,102.9,1346.0
573588,2026-10-07 11:40:01,AIR,1.4,28.0,102.9,1007.0
573589,2026-10-07 11:40:01,ICE,38.7,493.0,103.8,93.0
573590,2026-10-07 11:40:01,WAT,0.0,0.0,101.9,783.0
573591,2026-10-07 11:40:01,MAC,6.2,88.0,102.9,1346.0
573592,2026-10-07 11:43:07,AIR,1.4,28.0,102.9,1007.0
573593,2026-10-07 11:43:07,ICE,38.7,493.0,103.8,93.0
573594,2026-10-07 11:43:07,WAT,0.0,0.0,101.9,783.0
573595,2026-10-07 11:43:07,MAC,6.2,88.0,102.9,1346.0
573596,2026-10-07 11:46:08,AIR,1.4,28.0,102.9,1007.0
573597,2026-10-07 11:46:08,ICE,38.7,493.0,103.8,93.0
573598,2026-10-07 11:46:08,WAT,0.0,0.0,101.9,783.0
573599,2026-10-07 11:46:08,MAC,6.2,88.0,102.9,1346.0
573600,2026-10-07 11:49:09,AIR,1.4,28.0,102.9,1007.0
573601,2026-10-07 11:49:09,ICE,38.7,493.0,103.8,93.0
573602,2026-10-07 11:49:09,WAT,0.0,0.0,101.9,783.0
573603,2026-10-07 11:49:09,MAC,6.2,88.0,102.9,1346.0
573604,2026-10-07 11:52:11,AIR,1.4,28.0,102.9,1007.0
573605,2026-10-07 11:52:11,ICE,38.7,493.0,103.8,93.0
573606,2026-10-07 11:52:11,WAT,0.0,0.0,101.9,783.0
573607,2026-10-07 11:52:11,MAC,8.2,93.0,103.2,172.0
573608,2026-10-07 11:55:13,AIR,1.4,28.0,102.9,1007.0
573609,2026-10-07 11:55:13,ICE,38.7,493.0,103.8,93.0
573610,2026-10-07 11:55:13,WAT,0.0,0.0,101.9,783.0
573611,2026-10-07 11:55:13,MAC,8.2,93.0,103.2,172.0
573612,2026-10-07 11:58:14,AIR,1.4,28.0,102.9,1007.0
573613,2026-10-07 11:58:14,ICE,38.7,493.0,103.8,93.0
573614,2026-10-07 11:58:14,WAT,0.0,0.0,101.9,783.0
573615,2026-10-07 11:58:14,MAC,4.1,61.0,103.1,176.0
573616,2026-10-07 12:01:15,AIR,1.4,28.0,102.9,1007.0
573617,2026-10-07 12:01:15,ICE,38.7,493.0,103.8,93.0
573618,2026-10-07 12:01:15,WAT,0.0,0.0,101.9,783.0
573619,2026-10-07 12:01:15,MAC,4.1,61.0,103.1,176.0
573620,2026-10-07 12:04:17,AIR,1.4,28.0,102.9,1007.0
573621,2026-10-07 12:04:17,ICE,61.3,779.0,103.3,182.0
573622,2026-10-07 12:04:17,WAT,0.0,0.0,101.9,783.0
573623,2026-10-07 12:04:17,MAC,4.1,61.0,103.1,176.0
573624,2026-10-07 12:07:18,AIR,1.4,28.0,102.9,1007.0
573625,2026-10-07 12:07:18,ICE,61.3,779.0,103.3,182.0
573626,2026-10-07 12:07:18,WAT,0.0,0.0,101.9,783.0
573627,2026-10-07 12:07:18,MAC,4.1,61.0,103.1,176.0
573628,2026-10-07 12:10:19,AIR,1.4,28.0,102.9,1007.0
573629,2026-10-07 12:10:19,ICE,61.3,779.0,103.3,182.0
573630,2026-10-07 12:10:19,WAT,0.0,0.0,101.9,783.0
573631,2026-10-07 12:10:19,MAC,4.1,61.0,103.1,176.0
573632,2026-10-07 12:13:21,AIR,1.4,28.0,102.9,1007.0
573633,2026-10-07 12:13:21,ICE,61.3,779.0,103.3,182.0
573634,2026-10-07 12:13:21,WAT,0.0,0.0,101.9,783.0
573635,2026-10-07 12:13:21,MAC,4.1,61.0,103.1,176.0
573636,2026-10-07 12:16:22,AIR,1.4,28.0,102.9,1007.0
573637,2026-10-07 12:16:22,ICE,61.3,779.0,103.3,182.0
573638,2026-10-07 12:16:22,WAT,0.0,0.0,101.9,783.0
573639,2026-10-07 12:16:22,MAC,4.1,61.0,103.1,176.0
573640,2026-10-07 12:19:23,AIR,1.4,28.0,102.9,1007.0
573641,2026-10-07 12:19:23,ICE,61.3,779.0,103.3,182.0
573642,2026-10-07 12:19:23,WAT,0.0,0.0,101.9,783.0
573643,2026-10-07 12:19:23,MAC,4.1,61.0,103.1,176.0
573644,2026-10-07 12:22:25,AIR,1.4,28.0,102.9,1007.0
573645,2026-10-07 12:22:25,ICE,61.3,779.0,103.3,182.0
573646,2026-10-07 12:22:25,WAT,0.0,0.0,101.9,783.0
573647,2026-10-07 12:22:25,MAC,4.1,61.0,103.1,176.0
573648,2026-10-07 12:25:26,AIR,1.4,28.0,102.9,1007.0
573649,2026-10-07 12:25:26,ICE,61.3,779.0,103.3,182.0
573650,2026-10-07 12:25:26,WAT,0.0,0.0,101.9,783.0
573651,2026-10-07 12:25:26,MAC,4.1,61.0,103.1,176.0
573652,2026-10-07 12:28:27,AIR,1.4,28.0,102.9,1007.0
573653,2026-10-07 12:28:27,ICE,61.3,779.0,103.3,182.0
573654,2026-10-07 12:28:27,WAT,0.0,0.0,101.9,783.0
573655,2026-10-07 12:28:27,MAC,4.1,61.0,103.1,176.0
573656,2026-10-07 12:31:29,AIR,1.4,28.0,102.9,1007.0
573657,2026-10-07 12:31:29,ICE,1.4,29.0,103.8,210.0
573658,2026-10-07 12:31:29,WAT,0.0,0.0,101.9,783.0
573659,2026-10-07 12:31:29,MAC,4.1,61.0,103.1,176.0
573660,2026-10-07 12:34:30,AIR,1.4,28.0,102.9,1007.0
573661,2026-10-07 12:34:30,ICE,1.4,29.0,103.8,210.0
573662,2026-10-07 12:34:30,WAT,0.0,0.0,101.9,783.0
573663,2026-10-07 12:34:30,MAC,4.1,61.0,103.1,176.0
573664,2026-10-07 12:37:32,AIR,1.4,28.0,102.9,1007.0
573665,2026-10-07 12:37:32,ICE,1.4,29.0,103.8,210.0
573666,2026-10-07 12:37:32,WAT,0.0,0.0,101.9,783.0
573667,2026-10-07 12:37:32,MAC,4.1,61.0,103.1,176.0
573668,2026-10-07 12:40:34,AIR,1.4,28.0,102.9,1007.0
573669,2026-10-07 12:40:34,ICE,1.4,29.0,103.8,210.0
573670,2026-10-07 12:40:34,WAT,0.0,0.0,101.9,783.0
573671,2026-10-07 12:40:34,MAC,4.1,61.0,103.1,176.0
573672,2026-10-07 12:43:35,AIR,1.4,28.0,102.9,1007.0
573673,2026-10-07 12:43:35,ICE,1.4,29.0,103.8,210.0
573674,2026-10-07 12:43:35,WAT,0.0,0.0,101.9,783.0
573675,2026-10-07 12:43:35,MAC,4.1,61.0,103.1,176.0
573676,2026-10-07 12:46:36,AIR,1.4,28.0,102.9,1007.0
573677,2026-10-07 12:46:36,ICE,38.9,495.0,103.7,226.0
573678,2026-10-07 12:46:36,WAT,0.0,0.0,101.9,783.0
573679,2026-10-07 12:46:36,MAC,4.1,61.0,103.1,176.0
573680,2026-10-07 12:49:38,AIR,1.4,28.0,102.9,1007.0
573681,2026-10-07 12:49:38,ICE,38.9,495.0,103.7,226.0
573682,2026-10-07 12:49:38,WAT,0.0,0.0,101.9,783.0
573683,2026-10-07 12:49:38,MAC,4.1,61.0,103.1,176.0
573684,2026-10-07 12:52:39,AIR,1.4,28.0,102.9,1007.0
573685,2026-10-07 12:52:39,ICE,38.9,495.0,103.7,226.0
573686,2026-10-07 12:52:39,WAT,0.0,0.0,101.9,783.0
573687,2026-10-07 12:52:39,MAC,4.1,61.0,103.1,176.0
573688,2026-10-07 12:55:41,AIR,1.4,28.0,102.9,1007.0
573689,2026-10-07 12:55:41,ICE,38.9,495.0,103.7,226.0
573690,2026-10-07 12:55:41,WAT,0.0,0.0,101.9,783.0
573691,2026-10-07 12:55:41,MAC,4.1,61.0,103.1,176.0
573692,2026-10-07 12:58:42,AIR,1.4,28.0,102.9,1007.0
573693,2026-10-07 12:58:42,ICE,38.9,495.0,103.7,226.0
573694,2026-10-07 12:58:42,WAT,0.0,0.0,101.9,783.0
573695,2026-10-07 12:58:42,MAC,4.1,61.0,103.1,176.0
573696,2026-10-07 13:01:44,AIR,1.4,28.0,102.9,1007.0
573697,2026-10-07 13:01:44,ICE,38.9,495.0,103.7,226.0
573698,2026-10-07 13:01:44,WAT,0.0,0.0,101.9,783.0
573699,2026-10-07 13:01:44,MAC,4.1,61.0,103.1,176.0
573700,2026-10-07 13:04:45,AIR,1.4,28.0,102.9,1007.0
573701,2026-10-07 13:04:45,ICE,38.9,495.0,103.7,226.0
573702,2026-10-07 13:04:45,WAT,0.0,0.0,101.9,783.0
573703,2026-10-07 13:04:45,MAC,4.1,61.0,103.1,176.0
573704,2026-10-07 13:07:46,AIR,1.4,28.0,102.9,1007.0
573705,2026-10-07 13:07:46,ICE,38.9,495.0,103.7,226.0
573706,2026-10-07 13:07:46,WAT,0.0,0.0,101.9,783.0
573707,2026-10-07 13:07:46,MAC,4.1,61.0,103.1,176.0
573708,2026-10-07 13:10:48,AIR,1.4,28.0,102.9,1007.0
573709,2026-10-07 13:10:48,ICE,38.9,495.0,103.7,226.0
573710,2026-10-07 13:10:48,WAT,0.0,0.0,101.9,783.0
573711,2026-10-07 13:10:48,MAC,4.1,61.0,103.1,176.0
573712,2026-10-07 13:13:49,AIR,1.4,28.0,102.9,1007.0
573713,2026-10-07 13:13:49,ICE,38.9,495.0,103.7,226.0
573714,2026-10-07 13:13:49,WAT,0.0,0.0,101.9,783.0
573715,2026-10-07 13:13:49,MAC,4.1,61.0,103.1,176.0
573716,2026-10-07 13:16:51,AIR,1.4,28.0,102.9,1007.0
573717,2026-10-07 13:16:51,ICE,38.9,495.0,103.7,226.0
573718,2026-10-07 13:16:51,WAT,0.0,0.0,101.9,783.0
573719,2026-10-07 13:16:51,MAC,4.1,61.0,103.1,176.0
573720,2026-10-07 13:19:52,AIR,1.4,28.0,102.9,1007.0
573721,2026-10-07 13:19:52,ICE,38.9,495.0,103.7,226.0
573722,2026-10-07 13:19:52,WAT,0.0,0.0,101.9,783.0
573723,2026-10-07 13:19:52,MAC,4.1,61.0,103.1,176.0
573724,2026-10-07 13:22:53,AIR,1.4,28.0,102.9,1007.0
573725,2026-10-07 13:22:53,ICE,38.9,495.0,103.7,226.0
573726,2026-10-07 13:22:53,WAT,0.0,0.0,101.9,783.0
573727,2026-10-07 13:22:53,MAC,4.1,61.0,103.1,176.0
573728,2026-10-07 13:25:55,AIR,1.4,28.0,102.9,1007.0
573729,2026-10-07 13:25:55,ICE,38.9,495.0,103.7,226.0
573730,2026-10-07 13:25:55,WAT,0.0,0.0,101.9,783.0
573731,2026-10-07 13:25:55,MAC,4.1,61.0,103.1,176.0
573732,2026-10-07 13:28:56,AIR,1.4,28.0,102.9,1007.0
573733,2026-10-07 13:28:56,ICE,38.9,495.0,103.7,226.0
573734,2026-10-07 13:28:56,WAT,0.0,0.0,101.9,783.0
573735,2026-10-07 13:28:56,MAC,4.1,61.0,103.1,176.0
573736,2026-10-07 13:31:57,AIR,1.4,28.0,102.9,1007.0
573737,2026-10-07 13:31:57,ICE,38.9,495.0,103.7,226.0
573738,2026-10-07 13:31:57,WAT,0.0,0.0,101.9,783.0
573739,2026-10-07 13:31:57,MAC,4.1,61.0,103.1,176.0
573740,2026-10-07 13:34:59,AIR,1.4,28.0,102.9,1007.0
573741,2026-10-07 13:34:59,ICE,38.9,495.0,103.7,226.0
573742,2026-10-07 13:34:59,WAT,0.0,0.0,101.9,783.0
573743,2026-10-07 13:34:59,MAC,4.1,61.0,103.1,176.0
573744,2026-10-07 13:38:00,AIR,1.4,28.0,102.9,1007.0
573745,2026-10-07 13:38:00,ICE,38.9,495.0,103.7,226.0
573746,2026-10-07 13:38:00,WAT,30.6,325.0,102.7,818.0
573747,2026-10-07 13:38:00,MAC,4.1,61.0,103.1,176.0
573748,2026-10-07 13:41:02,AIR,1.4,28.0,102.9,1007.0
573749,2026-10-07 13:41:02,ICE,38.9,495.0,103.7,226.0
573750,2026-10-07 13:41:02,WAT,77.6,1174.0,102.6,821.0
573751,2026-10-07 13:41:02,MAC,4.1,61.0,103.1,176.0
573752,2026-10-07 13:44:04,AIR,1.4,28.0,102.9,1007.0
573753,2026-10-07 13:44:04,ICE,38.9,495.0,103.7,226.0
573754,2026-10-07 13:44:04,WAT,103.1,1242.0,102.4,824.0
573755,2026-10-07 13:44:04,MAC,4.1,61.0,103.1,176.0
573756,2026-10-07 13:47:05,AIR,1.4,28.0,102.9,1007.0
573757,2026-10-07 13:47:05,ICE,38.9,495.0,103.7,226.0
573758,2026-10-07 13:47:05,WAT,102.1,1556.0,102.4,827.0
573759,2026-10-07 13:47:05,MAC,4.1,61.0,103.1,176.0
573760,2026-10-07 13:50:07,AIR,1.4,28.0,102.9,1007.0
573761,2026-10-07 13:50:07,ICE,38.9,495.0,103.7,226.0
573762,2026-10-07 13:50:07,WAT,124.3,1580.0,102.4,830.0
573763,2026-10-07 13:50:07,MAC,4.1,61.0,103.1,176.0
573764,2026-10-07 13:53:08,AIR,1.4,28.0,102.9,1007.0
573765,2026-10-07 13:53:08,ICE,38.9,495.0,103.7,226.0
573766,2026-10-07 13:53:08,WAT,111.1,1416.0,102.7,833.0
573767,2026-10-07 13:53:08,MAC,4.1,61.0,103.1,176.0
573768,2026-10-07 13:56:11,AIR,1.4,28.0,102.9,1007.0
573769,2026-10-07 13:56:11,ICE,38.9,495.0,103.7,226.0
573770,2026-10-07 13:56:11,WAT,29.4,488.0,102.6,836.0
573771,2026-10-07 13:56:11,MAC,4.1,61.0,103.1,176.0
573772,2026-10-07 13:59:12,AIR,1.4,28.0,102.9,1007.0
573773,2026-10-07 13:59:12,ICE,38.9,495.0,103.7,226.0
573774,2026-10-07 13:59:12,WAT,273.5,3317.0,102.2,838.0
573775,2026-10-07 13:59:12,MAC,4.1,61.0,103.1,176.0
573776,2026-10-07 14:02:14,AIR,1.4,28.0,102.9,1007.0
573777,2026-10-07 14:02:14,ICE,38.9,495.0,103.7,226.0
573778,2026-10-07 14:02:14,WAT,170.9,2189.0,102.4,843.0
573779,2026-10-07 14:02:14,MAC,4.1,61.0,103.1,176.0
573780,2026-10-07 14:05:15,AIR,1.4,28.0,102.9,1007.0
573781,2026-10-07 14:05:15,ICE,38.9,495.0,103.7,226.0
573782,2026-10-07 14:05:15,WAT,118.1,1574.0,102.4,845.0
573783,2026-10-07 14:05:15,MAC,4.1,61.0,103.1,176.0
573784,2026-10-07 14:08:17,AIR,1.4,28.0,102.9,1007.0
573785,2026-10-07 14:08:17,ICE,38.9,495.0,103.7,226.0
573786,2026-10-07 14:08:17,WAT,279.2,3493.0,102.4,849.0
573787,2026-10-07 14:08:17,MAC,4.1,61.0,103.1,176.0
573788,2026-10-07 14:11:18,AIR,1.4,28.0,102.9,1007.0
573789,2026-10-07 14:11:18,ICE,38.9,495.0,103.7,226.0
573790,2026-10-07 14:11:18,WAT,216.0,2738.0,102.2,849.0
573791,2026-10-07 14:11:18,MAC,4.1,61.0,103.1,176.0
573792,2026-10-07 14:14:19,AIR,1.4,28.0,102.9,1007.0
573793,2026-10-07 14:14:19,ICE,38.9,495.0,103.7,226.0
573794,2026-10-07 14:14:19,WAT,216.0,2738.0,102.2,849.0
573795,2026-10-07 14:14:19,MAC,4.1,61.0,103.1,176.0
573796,2026-10-07 14:17:21,AIR,1.4,28.0,102.9,1007.0
573797,2026-10-07 14:17:21,ICE,38.9,495.0,103.7,226.0
573798,2026-10-07 14:17:21,WAT,234.6,2944.0,102.4,857.0
573799,2026-10-07 14:17:21,MAC,4.1,61.0,103.1,176.0
573800,2026-10-07 14:20:22,AIR,1.4,28.0,102.9,1007.0
573801,2026-10-07 14:20:22,ICE,38.9,495.0,103.7,226.0
573802,2026-10-07 14:20:22,WAT,13.4,240.0,102.7,861.0
573803,2026-10-07 14:20:22,MAC,4.1,61.0,103.1,176.0
573804,2026-10-07 14:23:23,AIR,1.4,28.0,102.9,1007.0
573805,2026-10-07 14:23:23,ICE,38.9,495.0,103.7,226.0
573806,2026-10-07 14:23:23,WAT,131.1,1856.0,102.6,861.0
573807,2026-10-07 14:23:23,MAC,4.1,61.0,103.1,176.0
573808,2026-10-07 14:26:25,AIR,1.4,28.0,102.9,1007.0
573809,2026-10-07 14:26:25,ICE,38.9,495.0,103.7,226.0
573810,2026-10-07 14:26:25,WAT,131.1,1856.0,102.6,861.0
573811,2026-10-07 14:26:25,MAC,4.1,61.0,103.1,176.0
573812,2026-10-07 14:29:26,AIR,1.4,28.0,102.9,1007.0
573813,2026-10-07 14:29:26,ICE,38.9,495.0,103.7,226.0
573814,2026-10-07 14:29:26,WAT,25.5,647.0,102.7,870.0
573815,2026-10-07 14:29:26,MAC,4.1,61.0,103.1,176.0
573816,2026-10-07 14:32:28,AIR,1.4,28.0,102.9,1007.0
573817,2026-10-07 14:32:28,ICE,38.9,495.0,103.7,226.0
573818,2026-10-07 14:32:28,WAT,0.0,0.0,102.9,871.0
573819,2026-10-07 14:32:28,MAC,4.1,61.0,103.1,176.0
573820,2026-10-07 14:35:30,AIR,1.4,28.0,102.9,1007.0
573821,2026-10-07 14:35:30,ICE,38.9,495.0,103.7,226.0
573822,2026-10-07 14:35:30,WAT,0.0,0.0,102.9,871.0
573823,2026-10-07 14:35:30,MAC,4.1,61.0,103.1,176.0
573824,2026-10-07 14:38:31,AIR,1.4,28.0,102.9,1007.0
573825,2026-10-07 14:38:31,ICE,38.9,495.0,103.7,226.0
573826,2026-10-07 14:38:31,WAT,7.0,119.0,102.7,879.0
573827,2026-10-07 14:38:31,MAC,4.1,61.0,103.1,176.0
573828,2026-10-07 14:41:32,AIR,1.4,28.0,102.9,1007.0
573829,2026-10-07 14:41:32,ICE,38.9,495.0,103.7,226.0
573830,2026-10-07 14:41:32,WAT,104.6,1419.0,102.4,882.0
573831,2026-10-07 14:41:32,MAC,4.1,61.0,103.1,176.0
573832,2026-10-07 14:44:34,AIR,1.4,28.0,102.9,1007.0
573833,2026-10-07 14:44:34,ICE,38.9,495.0,103.7,226.0
573834,2026-10-07 14:44:34,WAT,377.6,4603.0,102.3,884.0
573835,2026-10-07 14:44:34,MAC,4.1,61.0,103.1,176.0
573836,2026-10-07 14:47:35,AIR,1.4,28.0,102.9,1007.0
573837,2026-10-07 14:47:35,ICE,38.9,495.0,103.7,226.0
573838,2026-10-07 14:47:35,WAT,377.6,4603.0,102.3,884.0
573839,2026-10-07 14:47:35,MAC,4.1,61.0,103.1,176.0
573840,2026-10-07 14:50:37,AIR,1.4,28.0,102.9,1007.0
573841,2026-10-07 14:50:37,ICE,38.9,495.0,103.7,226.0
573842,2026-10-07 14:50:37,WAT,427.7,5175.0,102.2,889.0
573843,2026-10-07 14:50:37,MAC,4.1,61.0,103.1,176.0
573844,2026-10-07 14:53:38,AIR,1.4,28.0,102.9,1007.0
573845,2026-10-07 14:53:38,ICE,38.9,495.0,103.7,226.0
573846,2026-10-07 14:53:38,WAT,427.7,5175.0,102.2,889.0
573847,2026-10-07 14:53:38,MAC,4.1,61.0,103.1,176.0
573848,2026-10-07 14:56:40,AIR,1.4,28.0,102.9,1007.0
573849,2026-10-07 14:56:40,ICE,38.9,495.0,103.7,226.0
573850,2026-10-07 14:56:40,WAT,477.8,5739.0,102.2,896.0
573851,2026-10-07 14:56:40,MAC,4.1,61.0,103.1,176.0
573852,2026-10-07 14:59:42,AIR,1.4,28.0,102.9,1007.0
573853,2026-10-07 14:59:42,ICE,61.0,779.0,103.3,359.0
573854,2026-10-07 14:59:42,WAT,477.8,5739.0,102.2,896.0
573855,2026-10-07 14:59:42,MAC,4.1,61.0,103.1,176.0
573856,2026-10-07 15:02:43,AIR,1.4,28.0,102.9,1007.0
573857,2026-10-07 15:02:43,ICE,61.0,779.0,103.3,359.0
573858,2026-10-07 15:02:43,WAT,477.8,5739.0,102.2,896.0
573859,2026-10-07 15:02:43,MAC,4.1,61.0,103.1,176.0
573860,2026-10-07 15:05:45,AIR,1.4,28.0,102.9,1007.0
573861,2026-10-07 15:05:45,ICE,61.0,779.0,103.3,359.0
573862,2026-10-07 15:05:45,WAT,60.4,845.0,102.7,906.0
573863,2026-10-07 15:05:45,MAC,4.1,61.0,103.1,176.0
573864,2026-10-07 15:08:46,AIR,1.4,28.0,102.9,1007.0
573865,2026-10-07 15:08:46,ICE,61.0,779.0,103.3,359.0
573866,2026-10-07 15:08:46,WAT,8.4,82.0,102.7,907.0
573867,2026-10-07 15:08:46,MAC,4.1,61.0,103.1,176.0
573868,2026-10-07 15:11:47,AIR,1.4,28.0,102.9,1007.0
573869,2026-10-07 15:11:47,ICE,61.0,779.0,103.3,359.0
573870,2026-10-07 15:11:47,WAT,0.0,0.0,102.7,910.0
573871,2026-10-07 15:11:47,MAC,4.1,61.0,103.1,176.0
573872,2026-10-07 15:14:49,AIR,1.4,28.0,102.9,1007.0
573873,2026-10-07 15:14:49,ICE,61.0,779.0,103.3,359.0
573874,2026-10-07 15:14:49,WAT,0.0,0.0,102.7,910.0
573875,2026-10-07 15:14:49,MAC,4.1,61.0,103.1,176.0
573876,2026-10-07 15:17:50,AIR,1.4,28.0,102.9,1007.0
573877,2026-10-07 15:17:50,ICE,61.0,779.0,103.3,359.0
573878,2026-10-07 15:17:50,WAT,0.0,0.0,102.7,910.0
573879,2026-10-07 15:17:50,MAC,4.1,61.0,103.1,176.0
573880,2026-10-07 15:20:51,AIR,1.4,28.0,102.9,1007.0
573881,2026-10-07 15:20:51,ICE,61.0,779.0,103.3,359.0
573882,2026-10-07 15:20:51,WAT,0.0,0.0,102.7,910.0
573883,2026-10-07 15:20:51,MAC,4.1,61.0,103.1,176.0
573884,2026-10-07 15:23:53,AIR,1.4,28.0,102.9,1007.0
573885,2026-10-07 15:23:53,ICE,61.0,779.0,103.3,359.0
573886,2026-10-07 15:23:53,WAT,0.0,0.0,102.7,910.0
573887,2026-10-07 15:23:53,MAC,4.1,61.0,103.1,176.0
573888,2026-10-07 15:26:54,AIR,1.4,28.0,102.9,1007.0
573889,2026-10-07 15:26:54,ICE,61.0,779.0,103.3,359.0
573890,2026-10-07 15:26:54,WAT,0.0,0.0,102.7,910.0
573891,2026-10-07 15:26:54,MAC,4.1,61.0,103.1,176.0
573892,2026-10-07 15:29:55,AIR,1.4,28.0,102.9,1007.0
573893,2026-10-07 15:29:55,ICE,61.0,779.0,103.3,359.0
573894,2026-10-07 15:29:55,WAT,0.0,0.0,102.7,910.0
573895,2026-10-07 15:29:55,MAC,4.1,61.0,103.1,176.0
573896,2026-10-07 15:32:57,AIR,1.4,28.0,102.9,1007.0
573897,2026-10-07 15:32:57,ICE,61.0,779.0,103.3,359.0
573898,2026-10-07 15:32:57,WAT,0.0,0.0,102.7,910.0
573899,2026-10-07 15:32:57,MAC,4.1,61.0,103.1,176.0
573900,2026-10-07 15:35:58,AIR,1.4,28.0,102.9,1007.0
573901,2026-10-07 15:35:58,ICE,1.5,29.0,103.7,395.0
573902,2026-10-07 15:35:58,WAT,0.0,0.0,102.7,910.0
573903,2026-10-07 15:35:58,MAC,4.1,61.0,103.1,176.0
573904,2026-10-07 15:39:00,AIR,1.4,28.0,102.9,1007.0
573905,2026-10-07 15:39:00,ICE,1.5,29.0,103.7,395.0
573906,2026-10-07 15:39:00,WAT,0.0,0.0,102.7,910.0
573907,2026-10-07 15:39:00,MAC,4.1,61.0,103.1,176.0
573908,2026-10-07 15:42:01,AIR,1.4,28.0,102.9,1007.0
573909,2026-10-07 15:42:01,ICE,1.5,29.0,103.7,395.0
573910,2026-10-07 15:42:01,WAT,0.0,0.0,102.7,910.0
573911,2026-10-07 15:42:01,MAC,5.6,73.0,103.3,402.0
573912,2026-10-07 15:45:03,AIR,1.4,28.0,102.9,1007.0
573913,2026-10-07 15:45:03,ICE,1.5,29.0,103.7,395.0
573914,2026-10-07 15:45:03,WAT,0.0,0.0,102.7,910.0
573915,2026-10-07 15:45:03,MAC,5.6,73.0,103.3,402.0
573916,2026-10-07 15:48:05,AIR,1.4,28.0,102.9,1007.0
573917,2026-10-07 15:48:05,ICE,1.5,29.0,103.7,395.0
573918,2026-10-07 15:48:05,WAT,0.0,0.0,102.7,910.0
573919,2026-10-07 15:48:05,MAC,5.6,73.0,103.3,402.0
573920,2026-10-07 15:51:07,AIR,1.4,28.0,102.9,1007.0
573921,2026-10-07 15:51:07,ICE,42.6,543.0,103.6,410.0
573922,2026-10-07 15:51:07,WAT,0.0,0.0,102.7,910.0
573923,2026-10-07 15:51:07,MAC,5.6,73.0,103.3,402.0
573924,2026-10-07 15:54:08,AIR,1.4,28.0,102.9,1007.0
573925,2026-10-07 15:54:08,ICE,42.6,543.0,103.6,410.0
573926,2026-10-07 15:54:08,WAT,0.0,0.0,102.7,910.0
573927,2026-10-07 15:54:08,MAC,5.6,73.0,103.3,402.0
573928,2026-10-07 15:57:10,AIR,1.4,28.0,102.9,1007.0
573929,2026-10-07 15:57:10,ICE,42.6,543.0,103.6,410.0
573930,2026-10-07 15:57:10,WAT,0.0,0.0,102.7,910.0
573931,2026-10-07 15:57:10,MAC,5.6,73.0,103.3,402.0
573932,2026-10-07 16:00:11,AIR,1.4,28.0,102.9,1007.0
573933,2026-10-07 16:00:11,ICE,42.6,543.0,103.6,410.0
573934,2026-10-07 16:00:11,WAT,0.0,0.0,102.7,910.0
573935,2026-10-07 16:00:11,MAC,5.6,73.0,103.3,402.0
573936,2026-10-07 16:03:13,AIR,1.4,28.0,102.9,1007.0
573937,2026-10-07 16:03:13,ICE,42.6,543.0,103.6,410.0
573938,2026-10-07 16:03:13,WAT,0.0,0.0,102.7,910.0
573939,2026-10-07 16:03:13,MAC,5.6,73.0,103.3,402.0
573940,2026-10-07 16:06:14,AIR,1.4,28.0,102.9,1007.0
573941,2026-10-07 16:06:14,ICE,42.6,543.0,103.6,410.0
573942,2026-10-07 16:06:14,WAT,0.0,0.0,102.7,910.0
573943,2026-10-07 16:06:14,MAC,5.6,73.0,103.3,402.0
573944,2026-10-07 16:09:16,AIR,1.4,28.0,102.9,1007.0
573945,2026-10-07 16:09:16,ICE,42.6,543.0,103.6,410.0
573946,2026-10-07 16:09:16,WAT,0.0,0.0,102.7,910.0
573947,2026-10-07 16:09:16,MAC,5.6,73.0,103.3,402.0
573948,2026-10-07 16:12:17,AIR,1.4,28.0,102.9,1007.0
573949,2026-10-07 16:12:17,ICE,42.6,543.0,103.6,410.0
573950,2026-10-07 16:12:17,WAT,0.0,0.0,102.7,910.0
573951,2026-10-07 16:12:17,MAC,5.6,73.0,103.3,402.0
573952,2026-10-07 16:15:19,AIR,1.4,28.0,102.9,1007.0
573953,2026-10-07 16:15:19,ICE,42.6,543.0,103.6,410.0
573954,2026-10-07 16:15:19,WAT,0.0,0.0,102.7,910.0
573955,2026-10-07 16:15:19,MAC,5.6,73.0,103.3,402.0
573956,2026-10-07 16:18:20,AIR,1.4,28.0,102.9,1007.0
573957,2026-10-07 16:18:20,ICE,42.6,543.0,103.6,410.0
573958,2026-10-07 16:18:20,WAT,0.0,0.0,102.7,910.0
573959,2026-10-07 16:18:20,MAC,5.6,73.0,103.3,402.0
573960,2026-10-07 16:21:21,AIR,1.4,28.0,102.9,1007.0
573961,2026-10-07 16:21:21,ICE,42.6,543.0,103.6,410.0
573962,2026-10-07 16:21:21,WAT,0.0,0.0,102.7,910.0
573963,2026-10-07 16:21:21,MAC,5.6,73.0,103.3,402.0
573964,2026-10-07 16:24:23,AIR,1.4,28.0,102.9,1007.0
573965,2026-10-07 16:24:23,ICE,42.6,543.0,103.6,410.0
573966,2026-10-07 16:24:23,WAT,0.0,0.0,102.7,910.0
573967,2026-10-07 16:24:23,MAC,5.6,73.0,103.3,402.0
573968,2026-10-07 16:27:24,AIR,1.4,28.0,102.9,1007.0
573969,2026-10-07 16:27:24,ICE,42.6,543.0,103.6,410.0
573970,2026-10-07 16:27:24,WAT,0.0,0.0,102.7,910.0
573971,2026-10-07 16:27:24,MAC,5.6,73.0,103.3,402.0
573972,2026-10-07 16:30:25,AIR,1.4,28.0,102.9,1007.0
573973,2026-10-07 16:30:25,ICE,42.6,543.0,103.6,410.0
573974,2026-10-07 16:30:25,WAT,0.0,0.0,102.7,910.0
573975,2026-10-07 16:30:25,MAC,5.6,73.0,103.3,402.0
573976,2026-10-07 16:33:27,AIR,1.4,28.0,102.9,1007.0
573977,2026-10-07 16:33:27,ICE,42.6,543.0,103.6,410.0
573978,2026-10-07 16:33:27,WAT,0.0,0.0,102.7,910.0
573979,2026-10-07 16:33:27,MAC,5.6,73.0,103.3,402.0
573980,2026-10-07 16:36:28,AIR,1.4,28.0,102.9,1007.0
573981,2026-10-07 16:36:28,ICE,42.6,543.0,103.6,410.0
573982,2026-10-07 16:36:28,WAT,0.0,0.0,102.7,910.0
573983,2026-10-07 16:36:28,MAC,5.6,73.0,103.3,402.0
573984,2026-10-07 16:39:30,AIR,1.4,28.0,102.9,1007.0
573985,2026-10-07 16:39:30,ICE,42.6,543.0,103.6,410.0
573986,2026-10-07 16:39:30,WAT,0.0,0.0,102.7,910.0
573987,2026-10-07 16:39:30,MAC,5.6,73.0,103.3,402.0
573988,2026-10-07 16:42:31,AIR,1.4,28.0,102.9,1007.0
573989,2026-10-07 16:42:31,ICE,42.6,543.0,103.6,410.0
573990,2026-10-07 16:42:31,WAT,0.0,0.0,102.7,910.0
573991,2026-10-07 16:42:31,MAC,5.6,73.0,103.3,402.0
573992,2026-10-07 16:45:33,AIR,1.4,28.0,102.9,1007.0
573993,2026-10-07 16:45:33,ICE,42.6,543.0,103.6,410.0
573994,2026-10-07 16:45:33,WAT,0.0,0.0,102.7,910.0
573995,2026-10-07 16:45:33,MAC,5.6,73.0,103.3,402.0
573996,2026-10-07 16:48:34,AIR,1.4,28.0,102.9,1007.0
573997,2026-10-07 16:48:34,ICE,42.6,543.0,103.6,410.0
573998,2026-10-07 16:48:34,WAT,0.0,0.0,102.7,910.0
573999,2026-10-07 16:48:34,MAC,5.6,73.0,103.3,402.0
574000,2026-10-07 16:51:35,AIR,1.4,28.0,102.9,1007.0
574001,2026-10-07 16:51:35,ICE,42.6,543.0,103.6,410.0
574002,2026-10-07 16:51:35,WAT,0.0,0.0,102.7,910.0
574003,2026-10-07 16:51:35,MAC,5.6,73.0,103.3,402.0
574004,2026-10-07 16:54:37,AIR,1.4,28.0,102.9,1007.0
574005,2026-10-07 16:54:37,ICE,42.6,543.0,103.6,410.0
574006,2026-10-07 16:54:37,WAT,0.0,0.0,102.7,910.0
574007,2026-10-07 16:54:37,MAC,5.6,73.0,103.3,402.0
574008,2026-10-07 16:57:38,AIR,1.4,28.0,102.9,1007.0
574009,2026-10-07 16:57:38,ICE,42.6,543.0,103.6,410.0
574010,2026-10-07 16:57:38,WAT,0.0,0.0,102.7,910.0
574011,2026-10-07 16:57:38,MAC,5.6,73.0,103.3,402.0
574012,2026-10-07 17:00:40,AIR,1.4,28.0,102.9,1007.0
574013,2026-10-07 17:00:40,ICE,42.6,543.0,103.6,410.0
574014,2026-10-07 17:00:40,WAT,0.0,0.0,102.7,910.0
574015,2026-10-07 17:00:40,MAC,5.6,73.0,103.3,402.0
574016,2026-10-07 17:03:41,AIR,1.4,28.0,102.9,1007.0
574017,2026-10-07 17:03:41,ICE,42.6,543.0,103.6,410.0
574018,2026-10-07 17:03:41,WAT,0.0,0.0,102.7,910.0
574019,2026-10-07 17:03:41,MAC,5.6,73.0,103.3,402.0
574020,2026-10-07 17:06:43,AIR,1.4,28.0,102.9,1007.0
574021,2026-10-07 17:06:43,ICE,42.6,543.0,103.6,410.0
574022,2026-10-07 17:06:43,WAT,0.0,0.0,102.7,910.0
574023,2026-10-07 17:06:43,MAC,5.6,73.0,103.3,402.0
574024,2026-10-07 17:09:44,AIR,1.4,28.0,102.9,1007.0
574025,2026-10-07 17:09:44,ICE,42.6,543.0,103.6,410.0
574026,2026-10-07 17:09:44,WAT,0.0,0.0,102.7,910.0
574027,2026-10-07 17:09:44,MAC,5.6,73.0,103.3,402.0
574028,2026-10-07 17:12:46,AIR,1.4,28.0,102.9,1007.0
574029,2026-10-07 17:12:46,ICE,42.6,543.0,103.6,410.0
574030,2026-10-07 17:12:46,WAT,0.0,0.0,102.7,910.0
574031,2026-10-07 17:12:46,MAC,5.6,73.0,103.3,402.0
574032,2026-10-07 17:15:47,AIR,1.4,28.0,102.9,1007.0
574033,2026-10-07 17:15:47,ICE,42.6,543.0,103.6,410.0
574034,2026-10-07 17:15:47,WAT,0.0,0.0,102.7,910.0
574035,2026-10-07 17:15:47,MAC,5.6,73.0,103.3,402.0
574036,2026-10-07 17:18:48,AIR,1.4,28.0,102.9,1007.0
574037,2026-10-07 17:18:48,ICE,42.6,543.0,103.6,410.0
574038,2026-10-07 17:18:48,WAT,0.0,0.0,102.7,910.0
574039,2026-10-07 17:18:48,MAC,5.6,73.0,103.3,402.0
574040,2026-10-07 17:21:50,AIR,1.4,28.0,102.9,1007.0
574041,2026-10-07 17:21:50,ICE,42.6,543.0,103.6,410.0
574042,2026-10-07 17:21:50,WAT,0.0,0.0,102.7,910.0
574043,2026-10-07 17:21:50,MAC,5.6,73.0,103.3,402.0
574044,2026-10-07 17:24:51,AIR,1.4,28.0,102.9,1007.0
574045,2026-10-07 17:24:51,ICE,42.6,543.0,103.6,410.0
574046,2026-10-07 17:24:51,WAT,0.0,0.0,102.7,910.0
574047,2026-10-07 17:24:51,MAC,5.6,73.0,103.3,402.0
574048,2026-10-07 17:27:53,AIR,1.4,28.0,102.9,1007.0
574049,2026-10-07 17:27:53,ICE,42.6,543.0,103.6,410.0
574050,2026-10-07 17:27:53,WAT,0.0,0.0,102.7,910.0
574051,2026-10-07 17:27:53,MAC,5.6,73.0,103.3,402.0
574052,2026-10-07 17:30:54,AIR,1.4,28.0,102.9,1007.0
574053,2026-10-07 17:30:54,ICE,42.6,543.0,103.6,410.0
574054,2026-10-07 17:30:54,WAT,0.0,0.0,102.7,910.0
574055,2026-10-07 17:30:54,MAC,5.6,73.0,103.3,402.0
574056,2026-10-07 17:33:56,AIR,1.4,28.0,102.9,1007.0
574057,2026-10-07 17:33:56,ICE,42.6,543.0,103.6,410.0
574058,2026-10-07 17:33:56,WAT,0.0,0.0,102.7,910.0
574059,2026-10-07 17:33:56,MAC,5.6,73.0,103.3,402.0
574060,2026-10-07 17:36:57,AIR,1.4,28.0,102.9,1007.0
574061,2026-10-07 17:36:57,ICE,42.6,543.0,103.6,410.0
574062,2026-10-07 17:36:57,WAT,0.0,0.0,102.7,910.0
574063,2026-10-07 17:36:57,MAC,5.6,73.0,103.3,402.0
574064,2026-10-07 17:40:00,AIR,1.4,28.0,102.9,1007.0
574065,2026-10-07 17:40:00,ICE,42.6,543.0,103.6,410.0
574066,2026-10-07 17:40:00,WAT,0.0,0.0,102.7,910.0
574067,2026-10-07 17:40:00,MAC,5.6,73.0,103.3,402.0
574068,2026-10-07 17:43:04,AIR,1.4,28.0,102.9,1007.0
574069,2026-10-07 17:43:04,ICE,42.6,543.0,103.6,410.0
574070,2026-10-07 17:43:04,WAT,0.0,0.0,102.7,910.0
574071,2026-10-07 17:43:04,MAC,5.6,73.0,103.3,402.0
574072,2026-10-07 17:46:05,AIR,1.4,28.0,102.9,1007.0
574073,2026-10-07 17:46:05,ICE,67.1,845.0,103.8,525.0
574074,2026-10-07 17:46:05,WAT,0.0,0.0,102.7,910.0
574075,2026-10-07 17:46:05,MAC,5.6,73.0,103.3,402.0
574076,2026-10-07 17:49:07,AIR,1.4,28.0,102.9,1007.0
574077,2026-10-07 17:49:07,ICE,67.1,845.0,103.8,525.0
574078,2026-10-07 17:49:07,WAT,0.0,0.0,102.7,910.0
574079,2026-10-07 17:49:07,MAC,5.6,73.0,103.3,402.0
574080,2026-10-07 17:52:08,AIR,1.4,28.0,102.9,1007.0
574081,2026-10-07 17:52:08,ICE,67.1,845.0,103.8,525.0
574082,2026-10-07 17:52:08,WAT,0.0,0.0,102.7,910.0
574083,2026-10-07 17:52:08,MAC,5.6,73.0,103.3,402.0
574084,2026-10-07 17:55:09,AIR,1.4,28.0,102.9,1007.0
574085,2026-10-07 17:55:09,ICE,67.1,845.0,103.8,525.0
574086,2026-10-07 17:55:09,WAT,0.0,0.0,102.7,910.0
574087,2026-10-07 17:55:09,MAC,5.6,73.0,103.3,402.0
574088,2026-10-07 17:58:10,AIR,1.4,28.0,102.9,1007.0
574089,2026-10-07 17:58:10,ICE,67.1,845.0,103.8,525.0
574090,2026-10-07 17:58:10,WAT,0.0,0.0,102.7,910.0
574091,2026-10-07 17:58:10,MAC,5.6,73.0,103.3,402.0
574092,2026-10-07 18:01:12,AIR,1.4,28.0,102.9,1007.0
574093,2026-10-07 18:01:12,ICE,67.1,845.0,103.8,525.0
574094,2026-10-07 18:01:12,WAT,0.0,0.0,102.7,910.0
574095,2026-10-07 18:01:12,MAC,5.6,73.0,103.3,402.0
574096,2026-10-07 18:04:13,AIR,1.4,28.0,102.9,1007.0
574097,2026-10-07 18:04:13,ICE,67.1,845.0,103.8,525.0
574098,2026-10-07 18:04:13,WAT,0.0,0.0,102.7,910.0
574099,2026-10-07 18:04:13,MAC,5.6,73.0,103.3,402.0
574100,2026-10-07 18:07:14,AIR,1.4,28.0,102.9,1007.0
574101,2026-10-07 18:07:14,ICE,67.1,845.0,103.8,525.0
574102,2026-10-07 18:07:14,WAT,0.0,0.0,102.7,910.0
574103,2026-10-07 18:07:14,MAC,5.6,73.0,103.3,402.0
574104,2026-10-07 18:10:16,AIR,1.4,28.0,102.9,1007.0
574105,2026-10-07 18:10:16,ICE,67.1,845.0,103.8,525.0
574106,2026-10-07 18:10:16,WAT,0.0,0.0,102.7,910.0
574107,2026-10-07 18:10:16,MAC,5.6,73.0,103.3,402.0
574108,2026-10-07 18:13:17,AIR,1.4,28.0,102.9,1007.0
574109,2026-10-07 18:13:17,ICE,57.0,714.0,104.1,552.0
574110,2026-10-07 18:13:17,WAT,0.0,0.0,102.7,910.0
574111,2026-10-07 18:13:17,MAC,5.6,73.0,103.3,402.0
574112,2026-10-07 18:16:16,AIR,1.4,28.0,102.9,1007.0
574113,2026-10-07 18:16:16,ICE,57.0,714.0,104.1,552.0
574114,2026-10-07 18:16:16,WAT,0.0,0.0,102.7,910.0
574115,2026-10-07 18:16:16,MAC,5.6,73.0,103.3,402.0
574116,2026-10-07 18:19:18,AIR,1.4,28.0,102.9,1007.0
574117,2026-10-07 18:19:18,ICE,57.0,714.0,104.1,552.0
574118,2026-10-07 18:19:18,WAT,0.0,0.0,102.7,910.0
574119,2026-10-07 18:19:18,MAC,5.6,73.0,103.3,402.0
574120,2026-10-07 18:22:19,AIR,1.4,28.0,102.9,1007.0
574121,2026-10-07 18:22:19,ICE,57.0,714.0,104.1,552.0
574122,2026-10-07 18:22:19,WAT,0.0,0.0,102.7,910.0
574123,2026-10-07 18:22:19,MAC,5.6,73.0,103.3,402.0
574124,2026-10-07 18:25:21,AIR,1.4,28.0,102.9,1007.0
574125,2026-10-07 18:25:21,ICE,3.0,29.0,104.6,563.0
574126,2026-10-07 18:25:21,WAT,0.0,0.0,102.7,910.0
574127,2026-10-07 18:25:21,MAC,5.6,73.0,103.3,402.0
574128,2026-10-07 18:28:22,AIR,1.4,28.0,102.9,1007.0
574129,2026-10-07 18:28:22,ICE,3.0,29.0,104.6,563.0
574130,2026-10-07 18:28:22,WAT,0.0,0.0,102.7,910.0
574131,2026-10-07 18:28:22,MAC,5.6,73.0,103.3,402.0
574132,2026-10-07 18:31:26,AIR,1.4,28.0,102.9,1007.0
574133,2026-10-07 18:31:26,ICE,3.0,29.0,104.6,563.0
574134,2026-10-07 18:31:26,WAT,0.0,0.0,102.7,910.0
574135,2026-10-07 18:31:26,MAC,5.6,73.0,103.3,402.0
574136,2026-10-07 18:34:27,AIR,1.4,28.0,102.9,1007.0
574137,2026-10-07 18:34:27,ICE,3.0,29.0,104.6,563.0
574138,2026-10-07 18:34:27,WAT,0.0,0.0,102.7,910.0
574139,2026-10-07 18:34:27,MAC,5.6,73.0,103.3,402.0
574140,2026-10-07 18:37:28,AIR,1.4,28.0,102.9,1007.0
574141,2026-10-07 18:37:28,ICE,3.0,29.0,104.6,563.0
574142,2026-10-07 18:37:28,WAT,0.0,0.0,102.7,910.0
574143,2026-10-07 18:37:28,MAC,5.6,73.0,103.3,402.0
574144,2026-10-07 18:40:29,AIR,1.4,28.0,102.9,1007.0
574145,2026-10-07 18:40:29,ICE,41.9,526.0,104.1,578.0
574146,2026-10-07 18:40:29,WAT,0.0,0.0,102.7,910.0
574147,2026-10-07 18:40:29,MAC,5.6,73.0,103.3,402.0
574148,2026-10-07 18:43:31,AIR,1.4,28.0,102.9,1007.0
574149,2026-10-07 18:43:31,ICE,41.9,526.0,104.1,578.0
574150,2026-10-07 18:43:31,WAT,0.0,0.0,102.7,910.0
574151,2026-10-07 18:43:31,MAC,5.6,73.0,103.3,402.0
574152,2026-10-07 18:46:32,AIR,1.4,28.0,102.9,1007.0
574153,2026-10-07 18:46:32,ICE,41.9,526.0,104.1,578.0
574154,2026-10-07 18:46:32,WAT,0.0,0.0,102.7,910.0
574155,2026-10-07 18:46:32,MAC,5.6,73.0,103.3,402.0
574156,2026-10-07 18:49:33,AIR,1.4,28.0,102.9,1007.0
574157,2026-10-07 18:49:33,ICE,41.9,526.0,104.1,578.0
574158,2026-10-07 18:49:33,WAT,0.0,0.0,102.7,910.0
574159,2026-10-07 18:49:33,MAC,5.6,73.0,103.3,402.0
574160,2026-10-07 18:52:35,AIR,1.4,28.0,102.9,1007.0
574161,2026-10-07 18:52:35,ICE,41.9,526.0,104.1,578.0
574162,2026-10-07 18:52:35,WAT,0.0,0.0,102.7,910.0
574163,2026-10-07 18:52:35,MAC,5.6,73.0,103.3,402.0
574164,2026-10-07 18:55:36,AIR,1.4,28.0,102.9,1007.0
574165,2026-10-07 18:55:36,ICE,41.9,526.0,104.1,578.0
574166,2026-10-07 18:55:36,WAT,0.0,0.0,102.7,910.0
574167,2026-10-07 18:55:36,MAC,5.6,73.0,103.3,402.0
574168,2026-10-07 18:58:38,AIR,1.4,28.0,102.9,1007.0
574169,2026-10-07 18:58:38,ICE,41.9,526.0,104.1,578.0
574170,2026-10-07 18:58:38,WAT,0.0,0.0,102.7,910.0
574171,2026-10-07 18:58:38,MAC,5.6,73.0,103.3,402.0
574172,2026-10-07 19:01:39,AIR,1.4,28.0,102.9,1007.0
574173,2026-10-07 19:01:39,ICE,41.9,526.0,104.1,578.0
574174,2026-10-07 19:01:39,WAT,0.0,0.0,102.7,910.0
574175,2026-10-07 19:01:39,MAC,5.6,73.0,103.3,402.0
574176,2026-10-07 19:04:40,AIR,1.4,28.0,102.9,1007.0
574177,2026-10-07 19:04:40,ICE,41.9,526.0,104.1,578.0
574178,2026-10-07 19:04:40,WAT,0.0,0.0,102.7,910.0
574179,2026-10-07 19:04:40,MAC,5.6,73.0,103.3,402.0
574180,2026-10-07 19:07:42,AIR,1.4,28.0,102.9,1007.0
574181,2026-10-07 19:07:42,ICE,41.9,526.0,104.1,578.0
574182,2026-10-07 19:07:42,WAT,0.0,0.0,102.7,910.0
574183,2026-10-07 19:07:42,MAC,5.6,73.0,103.3,402.0
574184,2026-10-07 19:10:43,AIR,1.4,28.0,102.9,1007.0
574185,2026-10-07 19:10:43,ICE,41.9,526.0,104.1,578.0
574186,2026-10-07 19:10:43,WAT,0.0,0.0,102.7,910.0
574187,2026-10-07 19:10:43,MAC,5.6,73.0,103.3,402.0
574188,2026-10-07 19:13:45,AIR,1.4,28.0,102.9,1007.0
574189,2026-10-07 19:13:45,ICE,41.9,526.0,104.1,578.0
574190,2026-10-07 19:13:45,WAT,0.0,0.0,102.7,910.0
574191,2026-10-07 19:13:45,MAC,5.6,73.0,103.3,402.0
574192,2026-10-07 19:16:46,AIR,1.4,28.0,102.9,1007.0
574193,2026-10-07 19:16:46,ICE,41.9,526.0,104.1,578.0
574194,2026-10-07 19:16:46,WAT,0.0,0.0,102.7,910.0
574195,2026-10-07 19:16:46,MAC,5.6,73.0,103.3,402.0
574196,2026-10-07 19:19:47,AIR,1.4,28.0,102.9,1007.0
574197,2026-10-07 19:19:47,ICE,41.9,526.0,104.1,578.0
574198,2026-10-07 19:19:47,WAT,0.0,0.0,102.7,910.0
574199,2026-10-07 19:19:47,MAC,5.6,73.0,103.3,402.0
574200,2026-10-07 19:22:49,AIR,1.4,28.0,102.9,1007.0
574201,2026-10-07 19:22:49,ICE,41.9,526.0,104.1,578.0
574202,2026-10-07 19:22:49,WAT,0.0,0.0,102.7,910.0
574203,2026-10-07 19:22:49,MAC,5.6,73.0,103.3,402.0
574204,2026-10-07 19:25:50,AIR,1.4,28.0,102.9,1007.0
574205,2026-10-07 19:25:50,ICE,41.9,526.0,104.1,578.0
574206,2026-10-07 19:25:50,WAT,0.0,0.0,102.7,910.0
574207,2026-10-07 19:25:50,MAC,5.6,73.0,103.3,402.0
574208,2026-10-07 19:28:52,AIR,1.4,28.0,102.9,1007.0
574209,2026-10-07 19:28:52,ICE,41.9,526.0,104.1,578.0
574210,2026-10-07 19:28:52,WAT,0.0,0.0,102.7,910.0
574211,2026-10-07 19:28:52,MAC,5.6,73.0,103.3,402.0
574212,2026-10-07 19:31:53,AIR,1.4,28.0,102.9,1007.0
574213,2026-10-07 19:31:53,ICE,41.9,526.0,104.1,578.0
574214,2026-10-07 19:31:53,WAT,0.0,0.0,102.7,910.0
574215,2026-10-07 19:31:53,MAC,5.6,73.0,103.3,402.0
574216,2026-10-07 19:34:55,AIR,1.4,28.0,102.9,1007.0
574217,2026-10-07 19:34:55,ICE,41.9,526.0,104.1,578.0
574218,2026-10-07 19:34:55,WAT,0.0,0.0,102.7,910.0
574219,2026-10-07 19:34:55,MAC,5.6,73.0,103.3,402.0
574220,2026-10-07 19:37:56,AIR,1.4,28.0,102.9,1007.0
574221,2026-10-07 19:37:56,ICE,41.9,526.0,104.1,578.0
574222,2026-10-07 19:37:56,WAT,0.0,0.0,102.7,910.0
574223,2026-10-07 19:37:56,MAC,5.6,73.0,103.3,402.0
574224,2026-10-07 19:40:58,AIR,1.4,28.0,102.9,1007.0
574225,2026-10-07 19:40:58,ICE,41.9,526.0,104.1,578.0
574226,2026-10-07 19:40:58,WAT,0.0,0.0,102.7,910.0
574227,2026-10-07 19:40:58,MAC,5.6,73.0,103.3,402.0
574228,2026-10-07 19:43:59,AIR,1.4,28.0,102.9,1007.0
574229,2026-10-07 19:43:59,ICE,41.9,526.0,104.1,578.0
574230,2026-10-07 19:43:59,WAT,0.0,0.0,102.7,910.0
574231,2026-10-07 19:43:59,MAC,5.6,73.0,103.3,402.0
574232,2026-10-07 19:47:01,AIR,1.4,28.0,102.9,1007.0
574233,2026-10-07 19:47:01,ICE,41.9,526.0,104.1,578.0
574234,2026-10-07 19:47:01,WAT,0.0,0.0,102.7,910.0
574235,2026-10-07 19:47:01,MAC,5.6,73.0,103.3,402.0
574236,2026-10-07 19:50:02,AIR,1.4,28.0,102.9,1007.0
574237,2026-10-07 19:50:02,ICE,41.9,526.0,104.1,578.0
574238,2026-10-07 19:50:02,WAT,0.0,0.0,102.7,910.0
574239,2026-10-07 19:50:02,MAC,5.6,73.0,103.3,402.0
574240,2026-10-07 19:53:05,AIR,1.4,28.0,102.9,1007.0
574241,2026-10-07 19:53:05,ICE,41.9,526.0,104.1,578.0
574242,2026-10-07 19:53:05,WAT,0.0,0.0,102.7,910.0
574243,2026-10-07 19:53:05,MAC,5.6,73.0,103.3,402.0
574244,2026-10-07 19:56:06,AIR,1.4,28.0,102.9,1007.0
574245,2026-10-07 19:56:06,ICE,41.9,526.0,104.1,578.0
574246,2026-10-07 19:56:06,WAT,0.0,0.0,102.7,910.0
574247,2026-10-07 19:56:06,MAC,6.2,123.0,103.3,653.0
574248,2026-10-07 19:59:08,AIR,1.4,28.0,102.9,1007.0
574249,2026-10-07 19:59:08,ICE,41.9,526.0,104.1,578.0
574250,2026-10-07 19:59:08,WAT,0.0,0.0,102.7,910.0
574251,2026-10-07 19:59:08,MAC,6.2,123.0,103.3,653.0
574252,2026-10-07 20:02:09,AIR,1.4,28.0,102.9,1007.0
574253,2026-10-07 20:02:09,ICE,41.9,526.0,104.1,578.0
574254,2026-10-07 20:02:09,WAT,0.0,0.0,102.7,910.0
574255,2026-10-07 20:02:09,MAC,6.2,123.0,103.3,653.0
574256,2026-10-07 20:05:10,AIR,1.4,28.0,102.9,1007.0
574257,2026-10-07 20:05:10,ICE,41.9,526.0,104.1,578.0
574258,2026-10-07 20:05:10,WAT,0.0,0.0,102.7,910.0
574259,2026-10-07 20:05:10,MAC,6.2,123.0,103.3,653.0
574260,2026-10-07 20:08:12,AIR,1.4,28.0,102.9,1007.0
574261,2026-10-07 20:08:12,ICE,41.9,526.0,104.1,578.0
574262,2026-10-07 20:08:12,WAT,0.0,0.0,102.7,910.0
574263,2026-10-07 20:08:12,MAC,6.2,123.0,103.3,653.0
574264,2026-10-07 20:11:13,AIR,1.4,28.0,102.9,1007.0
574265,2026-10-07 20:11:13,ICE,41.9,526.0,104.1,578.0
574266,2026-10-07 20:11:13,WAT,0.0,0.0,102.7,910.0
574267,2026-10-07 20:11:13,MAC,6.2,123.0,103.3,653.0
574268,2026-10-07 20:14:15,AIR,1.4,28.0,102.9,1007.0
574269,2026-10-07 20:14:15,ICE,52.4,664.0,104.6,674.0
574270,2026-10-07 20:14:15,WAT,0.0,0.0,102.7,910.0
574271,2026-10-07 20:14:15,MAC,6.2,123.0,103.3,653.0
574272,2026-10-07 20:17:16,AIR,1.4,28.0,102.9,1007.0
574273,2026-10-07 20:17:16,ICE,52.4,664.0,104.6,674.0
574274,2026-10-07 20:17:16,WAT,0.0,0.0,102.7,910.0
574275,2026-10-07 20:17:16,MAC,6.2,123.0,103.3,653.0
574276,2026-10-07 20:20:18,AIR,1.4,28.0,102.9,1007.0
574277,2026-10-07 20:20:18,ICE,62.5,773.0,104.1,677.0
574278,2026-10-07 20:20:18,WAT,0.0,0.0,102.7,910.0
574279,2026-10-07 20:20:18,MAC,6.2,123.0,103.3,653.0
574280,2026-10-07 20:23:19,AIR,1.4,28.0,102.9,1007.0
574281,2026-10-07 20:23:19,ICE,62.5,773.0,104.1,677.0
574282,2026-10-07 20:23:19,WAT,0.0,0.0,102.7,910.0
574283,2026-10-07 20:23:19,MAC,6.2,123.0,103.3,653.0
574284,2026-10-07 20:26:20,AIR,1.4,28.0,102.9,1007.0
574285,2026-10-07 20:26:20,ICE,62.5,773.0,104.1,677.0
574286,2026-10-07 20:26:20,WAT,0.0,0.0,102.7,910.0
574287,2026-10-07 20:26:20,MAC,6.2,123.0,103.3,653.0
574288,2026-10-07 20:29:22,AIR,1.4,28.0,102.9,1007.0
574289,2026-10-07 20:29:22,ICE,62.5,773.0,104.1,677.0
574290,2026-10-07 20:29:22,WAT,0.0,0.0,102.7,910.0
574291,2026-10-07 20:29:22,MAC,6.2,123.0,103.3,653.0
574292,2026-10-07 20:32:23,AIR,1.4,28.0,102.9,1007.0
574293,2026-10-07 20:32:23,ICE,62.5,773.0,104.1,677.0
574294,2026-10-07 20:32:23,WAT,0.0,0.0,102.7,910.0
574295,2026-10-07 20:32:23,MAC,6.2,123.0,103.3,653.0
574296,2026-10-07 20:35:25,AIR,1.4,28.0,102.9,1007.0
574297,2026-10-07 20:35:25,ICE,62.5,773.0,104.1,677.0
574298,2026-10-07 20:35:25,WAT,0.0,0.0,102.7,910.0
574299,2026-10-07 20:35:25,MAC,6.2,123.0,103.3,653.0
574300,2026-10-07 20:38:26,AIR,1.4,28.0,102.9,1007.0
574301,2026-10-07 20:38:26,ICE,62.5,773.0,104.1,677.0
574302,2026-10-07 20:38:26,WAT,0.0,0.0,102.7,910.0
574303,2026-10-07 20:38:26,MAC,6.2,123.0,103.3,653.0
574304,2026-10-07 20:41:28,AIR,1.4,28.0,102.9,1007.0
574305,2026-10-07 20:41:28,ICE,62.5,773.0,104.1,677.0
574306,2026-10-07 20:41:28,WAT,0.0,0.0,102.7,910.0
574307,2026-10-07 20:41:28,MAC,6.2,123.0,103.3,653.0
574308,2026-10-07 20:44:29,AIR,1.4,28.0,102.9,1007.0
574309,2026-10-07 20:44:29,ICE,62.5,773.0,104.1,677.0
574310,2026-10-07 20:44:29,WAT,0.0,0.0,102.7,910.0
574311,2026-10-07 20:44:29,MAC,6.2,123.0,103.3,653.0
574312,2026-10-07 20:47:30,AIR,1.4,28.0,102.9,1007.0
574313,2026-10-07 20:47:30,ICE,62.5,773.0,104.1,677.0
574314,2026-10-07 20:47:30,WAT,0.0,0.0,102.7,910.0
574315,2026-10-07 20:47:30,MAC,6.2,123.0,103.3,653.0
574316,2026-10-07 20:50:32,AIR,1.4,28.0,102.9,1007.0
574317,2026-10-07 20:50:32,ICE,62.5,773.0,104.1,677.0
574318,2026-10-07 20:50:32,WAT,0.0,0.0,102.7,910.0
574319,2026-10-07 20:50:32,MAC,6.2,123.0,103.3,653.0
574320,2026-10-07 20:53:33,AIR,1.4,28.0,102.9,1007.0
574321,2026-10-07 20:53:33,ICE,1.4,29.0,104.0,713.0
574322,2026-10-07 20:53:33,WAT,0.0,0.0,102.7,910.0
574323,2026-10-07 20:53:33,MAC,5.4,77.0,103.7,713.0
574324,2026-10-07 20:56:34,AIR,1.4,28.0,102.9,1007.0
574325,2026-10-07 20:56:34,ICE,1.4,29.0,104.0,713.0
574326,2026-10-07 20:56:34,WAT,0.0,0.0,102.7,910.0
574327,2026-10-07 20:56:34,MAC,5.4,77.0,103.7,713.0
574328,2026-10-07 20:59:36,AIR,1.4,28.0,102.9,1007.0
574329,2026-10-07 20:59:36,ICE,1.4,29.0,104.0,713.0
574330,2026-10-07 20:59:36,WAT,0.0,0.0,102.7,910.0
574331,2026-10-07 20:59:36,MAC,5.4,77.0,103.7,713.0
574332,2026-10-07 21:02:38,AIR,1.4,28.0,102.9,1007.0
574333,2026-10-07 21:02:38,ICE,1.4,29.0,104.0,713.0
574334,2026-10-07 21:02:38,WAT,0.0,0.0,102.7,910.0
574335,2026-10-07 21:02:38,MAC,5.4,77.0,103.7,713.0
574336,2026-10-07 21:05:39,AIR,1.4,28.0,102.9,1007.0
574337,2026-10-07 21:05:39,ICE,49.7,646.0,102.9,725.0
574338,2026-10-07 21:05:39,WAT,0.0,0.0,102.7,910.0
574339,2026-10-07 21:05:39,MAC,5.4,77.0,103.7,713.0
574340,2026-10-07 21:08:40,AIR,1.4,28.0,102.9,1007.0
574341,2026-10-07 21:08:40,ICE,39.4,495.0,103.2,726.0
574342,2026-10-07 21:08:40,WAT,0.0,0.0,102.7,910.0
574343,2026-10-07 21:08:40,MAC,5.4,77.0,103.7,713.0
574344,2026-10-07 21:11:42,AIR,1.4,28.0,102.9,1007.0
574345,2026-10-07 21:11:42,ICE,39.4,495.0,103.2,726.0
574346,2026-10-07 21:11:42,WAT,0.0,0.0,102.7,910.0
574347,2026-10-07 21:11:42,MAC,5.4,77.0,103.7,713.0
574348,2026-10-07 21:14:43,AIR,1.4,28.0,102.9,1007.0
574349,2026-10-07 21:14:43,ICE,39.4,495.0,103.2,726.0
574350,2026-10-07 21:14:43,WAT,0.0,0.0,102.7,910.0
574351,2026-10-07 21:14:43,MAC,5.4,77.0,103.7,713.0
574352,2026-10-07 21:17:44,AIR,1.4,28.0,102.9,1007.0
574353,2026-10-07 21:17:44,ICE,39.4,495.0,103.2,726.0
574354,2026-10-07 21:17:44,WAT,0.0,0.0,102.7,910.0
574355,2026-10-07 21:17:44,MAC,5.4,77.0,103.7,713.0
574356,2026-10-07 21:20:45,AIR,1.4,28.0,102.9,1007.0
574357,2026-10-07 21:20:45,ICE,39.4,495.0,103.2,726.0
574358,2026-10-07 21:20:45,WAT,0.0,0.0,102.7,910.0
574359,2026-10-07 21:20:45,MAC,5.4,77.0,103.7,713.0
574360,2026-10-07 21:23:47,AIR,1.4,28.0,102.9,1007.0
574361,2026-10-07 21:23:47,ICE,39.4,495.0,103.2,726.0
574362,2026-10-07 21:23:47,WAT,0.0,0.0,102.7,910.0
574363,2026-10-07 21:23:47,MAC,5.4,77.0,103.7,713.0
574364,2026-10-07 21:26:48,AIR,1.4,28.0,102.9,1007.0
574365,2026-10-07 21:26:48,ICE,39.4,495.0,103.2,726.0
574366,2026-10-07 21:26:48,WAT,0.0,0.0,102.7,910.0
574367,2026-10-07 21:26:48,MAC,5.4,77.0,103.7,713.0
574368,2026-10-07 21:29:49,AIR,1.4,28.0,102.9,1007.0
574369,2026-10-07 21:29:49,ICE,39.4,495.0,103.2,726.0
574370,2026-10-07 21:29:49,WAT,0.0,0.0,102.7,910.0
574371,2026-10-07 21:29:49,MAC,5.4,77.0,103.7,713.0
574372,2026-10-07 21:32:51,AIR,1.4,28.0,102.9,1007.0
574373,2026-10-07 21:32:51,ICE,39.4,495.0,103.2,726.0
574374,2026-10-07 21:32:51,WAT,0.0,0.0,102.7,910.0
574375,2026-10-07 21:32:51,MAC,5.4,77.0,103.7,713.0
574376,2026-10-07 21:35:52,AIR,1.4,28.0,102.9,1007.0
574377,2026-10-07 21:35:52,ICE,39.4,495.0,103.2,726.0
574378,2026-10-07 21:35:52,WAT,0.0,0.0,102.7,910.0
574379,2026-10-07 21:35:52,MAC,34.5,454.0,102.5,755.0
574380,2026-10-07 21:38:54,AIR,1.4,28.0,102.9,1007.0
574381,2026-10-07 21:38:54,ICE,39.4,495.0,103.2,726.0
574382,2026-10-07 21:38:54,WAT,0.0,0.0,102.7,910.0
574383,2026-10-07 21:38:54,MAC,45.9,546.0,103.3,756.0
574384,2026-10-07 21:41:55,AIR,1.4,28.0,102.9,1007.0
574385,2026-10-07 21:41:55,ICE,39.4,495.0,103.2,726.0
574386,2026-10-07 21:41:55,WAT,0.0,0.0,102.7,910.0
574387,2026-10-07 21:41:55,MAC,35.3,481.0,102.9,760.0
574388,2026-10-07 21:44:56,AIR,1.4,28.0,102.9,1007.0
574389,2026-10-07 21:44:56,ICE,39.4,495.0,103.2,726.0
574390,2026-10-07 21:44:56,WAT,0.0,0.0,102.7,910.0
574391,2026-10-07 21:44:56,MAC,35.3,481.0,102.9,760.0
574392,2026-10-07 21:47:58,AIR,1.4,28.0,102.9,1007.0
574393,2026-10-07 21:47:58,ICE,39.4,495.0,103.2,726.0
574394,2026-10-07 21:47:58,WAT,0.0,0.0,102.7,910.0
574395,2026-10-07 21:47:58,MAC,45.5,560.0,102.6,767.0
574396,2026-10-07 21:50:59,AIR,1.4,28.0,102.9,1007.0
574397,2026-10-07 21:50:59,ICE,39.4,495.0,103.2,726.0
574398,2026-10-07 21:50:59,WAT,0.0,0.0,102.7,910.0
574399,2026-10-07 21:50:59,MAC,45.5,560.0,102.6,767.0
574400,2026-10-07 21:54:00,AIR,1.4,28.0,102.9,1007.0
574401,2026-10-07 21:54:00,ICE,39.4,495.0,103.2,726.0
574402,2026-10-07 21:54:00,WAT,0.0,0.0,102.7,910.0
574403,2026-10-07 21:54:00,MAC,46.0,556.0,102.7,774.0
574404,2026-10-07 21:57:02,AIR,1.4,28.0,102.9,1007.0
574405,2026-10-07 21:57:02,ICE,39.4,495.0,103.2,726.0
574406,2026-10-07 21:57:02,WAT,0.0,0.0,102.7,910.0
574407,2026-10-07 21:57:02,MAC,46.0,556.0,102.7,774.0
574408,2026-10-07 22:00:04,AIR,1.4,28.0,102.9,1007.0
574409,2026-10-07 22:00:04,ICE,39.4,495.0,103.2,726.0
574410,2026-10-07 22:00:04,WAT,0.0,0.0,102.7,910.0
574411,2026-10-07 22:00:04,MAC,46.0,556.0,102.7,774.0
574412,2026-10-07 22:03:29,AIR,1.4,28.0,102.9,1007.0
574413,2026-10-07 22:03:29,ICE,39.4,495.0,103.2,726.0
574414,2026-10-07 22:03:29,WAT,0.0,0.0,102.7,910.0
574415,2026-10-07 22:03:29,MAC,46.0,556.0,102.7,774.0
574416,2026-10-07 22:06:30,AIR,1.4,28.0,102.9,1007.0
574417,2026-10-07 22:06:30,ICE,39.4,495.0,103.2,726.0
574418,2026-10-07 22:06:30,WAT,0.0,0.0,102.7,910.0
574419,2026-10-07 22:06:30,MAC,46.0,556.0,102.7,774.0
574420,2026-10-07 22:09:31,AIR,1.4,28.0,102.9,1007.0
574421,2026-10-07 22:09:31,ICE,39.4,495.0,103.2,726.0
574422,2026-10-07 22:09:31,WAT,0.0,0.0,102.7,910.0
574423,2026-10-07 22:09:31,MAC,46.0,556.0,102.7,774.0
574424,2026-10-07 22:12:33,AIR,1.4,28.0,102.9,1007.0
574425,2026-10-07 22:12:33,ICE,39.4,495.0,103.2,726.0
574426,2026-10-07 22:12:33,WAT,0.0,0.0,102.7,910.0
574427,2026-10-07 22:12:33,MAC,46.0,556.0,102.7,774.0
574428,2026-10-07 22:15:34,AIR,1.4,28.0,102.9,1007.0
574429,2026-10-07 22:15:34,ICE,39.4,495.0,103.2,726.0
574430,2026-10-07 22:15:34,WAT,0.0,0.0,102.7,910.0
574431,2026-10-07 22:15:34,MAC,46.0,556.0,102.7,774.0
574432,2026-10-07 22:18:35,AIR,1.4,28.0,102.9,1007.0
574433,2026-10-07 22:18:35,ICE,39.4,495.0,103.2,726.0
574434,2026-10-07 22:18:35,WAT,0.0,0.0,102.7,910.0
574435,2026-10-07 22:18:35,MAC,46.0,556.0,102.7,774.0
574436,2026-10-07 22:21:37,AIR,1.4,28.0,102.9,1007.0
574437,2026-10-07 22:21:37,ICE,39.4,495.0,103.2,726.0
574438,2026-10-07 22:21:37,WAT,0.0,0.0,102.7,910.0
574439,2026-10-07 22:21:37,MAC,46.0,556.0,102.7,774.0
574440,2026-10-07 22:24:39,AIR,1.4,28.0,102.9,1007.0
574441,2026-10-07 22:24:39,ICE,39.4,495.0,103.2,726.0
574442,2026-10-07 22:24:39,WAT,0.0,0.0,102.7,910.0
574443,2026-10-07 22:24:39,MAC,46.0,556.0,102.7,774.0
574444,2026-10-07 22:27:40,AIR,1.4,28.0,102.9,1007.0
574445,2026-10-07 22:27:40,ICE,39.4,495.0,103.2,726.0
574446,2026-10-07 22:27:40,WAT,0.0,0.0,102.7,910.0
574447,2026-10-07 22:27:40,MAC,46.0,556.0,102.7,774.0
574448,2026-10-07 22:30:41,AIR,1.4,28.0,102.9,1007.0
574449,2026-10-07 22:30:41,ICE,39.4,495.0,103.2,726.0
574450,2026-10-07 22:30:41,WAT,0.0,0.0,102.7,910.0
574451,2026-10-07 22:30:41,MAC,46.0,556.0,102.7,774.0
574452,2026-10-07 22:33:43,AIR,1.4,28.0,102.9,1007.0
574453,2026-10-07 22:33:43,ICE,39.4,495.0,103.2,726.0
574454,2026-10-07 22:33:43,WAT,0.0,0.0,102.7,910.0
574455,2026-10-07 22:33:43,MAC,46.0,556.0,102.7,774.0
574456,2026-10-07 22:36:44,AIR,1.4,28.0,102.9,1007.0
574457,2026-10-07 22:36:44,ICE,39.4,495.0,103.2,726.0
574458,2026-10-07 22:36:44,WAT,0.0,0.0,102.7,910.0
574459,2026-10-07 22:36:44,MAC,44.1,518.0,102.9,815.0
574460,2026-10-07 22:39:45,AIR,1.4,28.0,102.9,1007.0
574461,2026-10-07 22:39:45,ICE,39.4,495.0,103.2,726.0
574462,2026-10-07 22:39:45,WAT,0.0,0.0,102.7,910.0
574463,2026-10-07 22:39:45,MAC,44.1,518.0,102.9,815.0
574464,2026-10-07 22:42:47,AIR,1.4,28.0,102.9,1007.0
574465,2026-10-07 22:42:47,ICE,39.4,495.0,103.2,726.0
574466,2026-10-07 22:42:47,WAT,0.0,0.0,102.7,910.0
574467,2026-10-07 22:42:47,MAC,44.1,518.0,102.9,815.0
574468,2026-10-07 22:45:48,AIR,1.4,28.0,102.9,1007.0
574469,2026-10-07 22:45:48,ICE,39.4,495.0,103.2,726.0
574470,2026-10-07 22:45:48,WAT,0.0,0.0,102.7,910.0
574471,2026-10-07 22:45:48,MAC,44.1,518.0,102.9,815.0
574472,2026-10-07 22:48:50,AIR,1.4,28.0,102.9,1007.0
574473,2026-10-07 22:48:50,ICE,39.4,495.0,103.2,726.0
574474,2026-10-07 22:48:50,WAT,0.0,0.0,102.7,910.0
574475,2026-10-07 22:48:50,MAC,44.1,518.0,102.9,815.0
574476,2026-10-07 22:51:51,AIR,1.4,28.0,102.9,1007.0
574477,2026-10-07 22:51:51,ICE,39.4,495.0,103.2,726.0
574478,2026-10-07 22:51:51,WAT,0.0,0.0,102.7,910.0
574479,2026-10-07 22:51:51,MAC,44.1,518.0,102.9,815.0
574480,2026-10-07 22:54:53,AIR,1.4,28.0,102.9,1007.0
574481,2026-10-07 22:54:53,ICE,39.4,495.0,103.2,726.0
574482,2026-10-07 22:54:53,WAT,0.0,0.0,102.7,910.0
574483,2026-10-07 22:54:53,MAC,44.1,518.0,102.9,815.0
574484,2026-10-07 22:57:54,AIR,1.4,28.0,102.9,1007.0
574485,2026-10-07 22:57:54,ICE,39.4,495.0,103.2,726.0
574486,2026-10-07 22:57:54,WAT,0.0,0.0,102.7,910.0
574487,2026-10-07 22:57:54,MAC,44.1,518.0,102.9,815.0
574488,2026-10-07 23:00:55,AIR,1.4,28.0,102.9,1007.0
574489,2026-10-07 23:00:55,ICE,39.4,495.0,103.2,726.0
574490,2026-10-07 23:00:55,WAT,0.0,0.0,102.7,910.0
574491,2026-10-07 23:00:55,MAC,45.0,556.0,102.5,841.0
574492,2026-10-07 23:03:55,AIR,1.4,28.0,102.9,1007.0
574493,2026-10-07 23:03:55,ICE,39.4,495.0,103.2,726.0
574494,2026-10-07 23:03:55,WAT,0.0,0.0,102.7,910.0
574495,2026-10-07 23:03:55,MAC,45.0,556.0,102.5,841.0
574496,2026-10-07 23:06:56,AIR,1.4,28.0,102.9,1007.0
574497,2026-10-07 23:06:56,ICE,39.4,495.0,103.2,726.0
574498,2026-10-07 23:06:56,WAT,0.0,0.0,102.7,910.0
574499,2026-10-07 23:06:56,MAC,45.0,556.0,102.5,841.0
574500,2026-10-07 23:09:58,AIR,1.4,28.0,102.9,1007.0
574501,2026-10-07 23:09:58,ICE,39.4,495.0,103.2,726.0
574502,2026-10-07 23:09:58,WAT,0.0,0.0,102.7,910.0
574503,2026-10-07 23:09:58,MAC,45.0,556.0,102.5,841.0
574504,2026-10-07 23:13:01,AIR,1.4,28.0,102.9,1007.0
574505,2026-10-07 23:13:01,ICE,39.4,495.0,103.2,726.0
574506,2026-10-07 23:13:01,WAT,0.0,0.0,102.7,910.0
574507,2026-10-07 23:13:01,MAC,45.0,556.0,102.5,841.0
574508,2026-10-07 23:16:02,AIR,1.4,28.0,102.9,1007.0
574509,2026-10-07 23:16:02,ICE,39.4,495.0,103.2,726.0
574510,2026-10-07 23:16:02,WAT,0.0,0.0,102.7,910.0
574511,2026-10-07 23:16:02,MAC,45.0,556.0,102.5,841.0
574512,2026-10-07 23:19:06,AIR,1.4,28.0,102.9,1007.0
574513,2026-10-07 23:19:06,ICE,39.4,495.0,103.2,726.0
574514,2026-10-07 23:19:06,WAT,0.0,0.0,102.7,910.0
574515,2026-10-07 23:19:06,MAC,33.7,452.0,102.5,859.0
574516,2026-10-07 23:22:07,AIR,1.4,28.0,102.9,1007.0
574517,2026-10-07 23:22:07,ICE,39.4,495.0,103.2,726.0
574518,2026-10-07 23:22:07,WAT,0.0,0.0,102.7,910.0
574519,2026-10-07 23:22:07,MAC,44.1,531.0,102.4,860.0
574520,2026-10-07 23:25:08,AIR,1.4,28.0,102.9,1007.0
574521,2026-10-07 23:25:08,ICE,39.4,495.0,103.2,726.0
574522,2026-10-07 23:25:08,WAT,0.0,0.0,102.7,910.0
574523,2026-10-07 23:25:08,MAC,44.1,531.0,102.4,860.0
574524,2026-10-07 23:28:10,AIR,1.4,28.0,102.9,1007.0
574525,2026-10-07 23:28:10,ICE,39.4,495.0,103.2,726.0
574526,2026-10-07 23:28:10,WAT,0.0,0.0,102.7,910.0
574527,2026-10-07 23:28:10,MAC,44.1,531.0,102.4,860.0
574528,2026-10-07 23:31:12,AIR,1.4,28.0,102.9,1007.0
574529,2026-10-07 23:31:12,ICE,39.4,495.0,103.2,726.0
574530,2026-10-07 23:31:12,WAT,0.0,0.0,102.7,910.0
574531,2026-10-07 23:31:12,MAC,44.1,531.0,102.4,860.0
574532,2026-10-07 23:34:11,AIR,1.4,28.0,102.9,1007.0
574533,2026-10-07 23:34:11,ICE,39.4,495.0,103.2,726.0
574534,2026-10-07 23:34:11,WAT,0.0,0.0,102.7,910.0
574535,2026-10-07 23:34:11,MAC,44.1,531.0,102.4,860.0
574536,2026-10-07 23:37:13,AIR,1.4,28.0,102.9,1007.0
574537,2026-10-07 23:37:13,ICE,39.4,495.0,103.2,726.0
574538,2026-10-07 23:37:13,WAT,0.0,0.0,102.7,910.0
574539,2026-10-07 23:37:13,MAC,44.1,531.0,102.4,860.0
574540,2026-10-07 23:40:14,AIR,1.4,28.0,102.9,1007.0
574541,2026-10-07 23:40:14,ICE,39.4,495.0,103.2,726.0
574542,2026-10-07 23:40:14,WAT,0.0,0.0,102.7,910.0
574543,2026-10-07 23:40:14,MAC,44.1,531.0,102.4,860.0
574544,2026-10-07 23:43:15,AIR,1.4,28.0,102.9,1007.0
574545,2026-10-07 23:43:15,ICE,39.4,495.0,103.2,726.0
574546,2026-10-07 23:43:15,WAT,0.0,0.0,102.7,910.0
574547,2026-10-07 23:43:15,MAC,44.1,531.0,102.4,860.0
574548,2026-10-07 23:46:16,AIR,1.4,28.0,102.9,1007.0
574549,2026-10-07 23:46:16,ICE,39.4,495.0,103.2,726.0
574550,2026-10-07 23:46:16,WAT,0.0,0.0,102.7,910.0
574551,2026-10-07 23:46:16,MAC,44.1,531.0,102.4,860.0
574552,2026-10-07 23:49:17,AIR,1.4,28.0,102.9,1007.0
574553,2026-10-07 23:49:17,ICE,39.4,495.0,103.2,726.0
574554,2026-10-07 23:49:17,WAT,0.0,0.0,102.7,910.0
574555,2026-10-07 23:49:17,MAC,44.1,531.0,102.4,860.0
574556,2026-10-07 23:52:19,AIR,1.4,28.0,102.9,1007.0
574557,2026-10-07 23:52:19,ICE,39.4,495.0,103.2,726.0
574558,2026-10-07 23:52:19,WAT,0.0,0.0,102.7,910.0
574559,2026-10-07 23:52:19,MAC,44.1,531.0,102.4,860.0
574560,2026-10-07 23:55:20,AIR,1.4,28.0,102.9,1007.0
574561,2026-10-07 23:55:20,ICE,39.4,495.0,103.2,726.0
574562,2026-10-07 23:55:20,WAT,0.0,0.0,102.7,910.0
574563,2026-10-07 23:55:20,MAC,7.5,82.0,102.7,894.0
574564,2026-10-07 23:58:21,AIR,1.4,28.0,102.9,1007.0
574565,2026-10-07 23:58:21,ICE,39.4,495.0,103.2,726.0
574566,2026-10-07 23:58:21,WAT,0.0,0.0,102.7,910.0
574567,2026-10-07 23:58:21,MAC,7.5,82.0,102.7,894.0
574568,2026-10-08 00:01:25,AIR,1.4,28.0,102.9,1007.0
574569,2026-10-08 00:01:25,ICE,39.4,495.0,103.2,726.0
574570,2026-10-08 00:01:25,WAT,0.0,0.0,102.7,910.0
574571,2026-10-08 00:01:25,MAC,7.5,82.0,102.7,894.0
574572,2026-10-08 00:04:26,AIR,1.4,28.0,102.9,1007.0
574573,2026-10-08 00:04:26,ICE,39.4,495.0,103.2,726.0
574574,2026-10-08 00:04:26,WAT,0.0,0.0,102.7,910.0
574575,2026-10-08 00:04:26,MAC,7.5,82.0,102.7,894.0
574576,2026-10-08 00:07:27,AIR,1.4,28.0,102.9,1007.0
574577,2026-10-08 00:07:27,ICE,39.4,495.0,103.2,726.0
574578,2026-10-08 00:07:27,WAT,0.0,0.0,102.7,910.0
574579,2026-10-08 00:07:27,MAC,7.5,82.0,102.7,894.0
574580,2026-10-08 00:10:29,AIR,1.4,28.0,102.9,1007.0
574581,2026-10-08 00:10:29,ICE,61.2,766.0,102.9,909.0
574582,2026-10-08 00:10:29,WAT,0.0,0.0,102.7,910.0
574583,2026-10-08 00:10:29,MAC,7.5,82.0,102.7,894.0
574584,2026-10-08 00:13:30,AIR,1.4,28.0,102.9,1007.0
574585,2026-10-08 00:13:30,ICE,61.2,766.0,102.9,909.0
574586,2026-10-08 00:13:30,WAT,0.0,0.0,102.7,910.0
574587,2026-10-08 00:13:30,MAC,7.5,82.0,102.7,894.0
574588,2026-10-08 00:16:31,AIR,1.4,28.0,102.9,1007.0
574589,2026-10-08 00:16:31,ICE,61.2,766.0,102.9,909.0
574590,2026-10-08 00:16:31,WAT,0.0,0.0,102.7,910.0
574591,2026-10-08 00:16:31,MAC,7.5,82.0,102.7,894.0
574592,2026-10-08 00:19:33,AIR,1.4,28.0,102.9,1007.0
574593,2026-10-08 00:19:33,ICE,61.2,766.0,102.9,909.0
574594,2026-10-08 00:19:33,WAT,0.0,0.0,102.7,910.0
574595,2026-10-08 00:19:33,MAC,7.5,82.0,102.7,894.0
574596,2026-10-08 00:22:34,AIR,1.4,28.0,102.9,1007.0
574597,2026-10-08 00:22:34,ICE,61.2,766.0,102.9,909.0
574598,2026-10-08 00:22:34,WAT,0.0,0.0,102.7,910.0
574599,2026-10-08 00:22:34,MAC,7.5,82.0,102.7,894.0
574600,2026-10-08 00:25:35,AIR,1.4,28.0,102.9,1007.0
574601,2026-10-08 00:25:35,ICE,61.2,766.0,102.9,909.0
574602,2026-10-08 00:25:35,WAT,0.0,0.0,102.7,910.0
574603,2026-10-08 00:25:35,MAC,7.5,82.0,102.7,894.0
574604,2026-10-08 00:28:36,AIR,1.4,28.0,102.9,1007.0
574605,2026-10-08 00:28:36,ICE,61.2,766.0,102.9,909.0
574606,2026-10-08 00:28:36,WAT,0.0,0.0,102.7,910.0
574607,2026-10-08 00:28:36,MAC,7.5,82.0,102.7,894.0
574608,2026-10-08 00:31:38,AIR,1.4,28.0,102.9,1007.0
574609,2026-10-08 00:31:38,ICE,61.2,766.0,102.9,909.0
574610,2026-10-08 00:31:38,WAT,0.0,0.0,102.7,910.0
574611,2026-10-08 00:31:38,MAC,7.5,82.0,102.7,894.0
574612,2026-10-08 00:34:39,AIR,1.4,28.0,102.9,1007.0
574613,2026-10-08 00:34:39,ICE,61.2,766.0,102.9,909.0
574614,2026-10-08 00:34:39,WAT,0.0,0.0,102.7,910.0
574615,2026-10-08 00:34:39,MAC,7.5,82.0,102.7,894.0
574616,2026-10-08 00:37:41,AIR,1.4,28.0,102.9,1007.0
574617,2026-10-08 00:37:41,ICE,61.2,766.0,102.9,909.0
574618,2026-10-08 00:37:41,WAT,0.0,0.0,102.7,910.0
574619,2026-10-08 00:37:41,MAC,7.5,82.0,102.7,894.0
574620,2026-10-08 00:40:43,AIR,1.4,28.0,102.9,1007.0
574621,2026-10-08 00:40:43,ICE,61.2,766.0,102.9,909.0
574622,2026-10-08 00:40:43,WAT,0.0,0.0,102.7,910.0
574623,2026-10-08 00:40:43,MAC,7.5,82.0,102.7,894.0
574624,2026-10-08 00:43:44,AIR,1.4,28.0,102.9,1007.0
574625,2026-10-08 00:43:44,ICE,61.2,766.0,102.9,909.0
574626,2026-10-08 00:43:44,WAT,0.0,0.0,102.7,910.0
574627,2026-10-08 00:43:44,MAC,7.5,82.0,102.7,894.0
574628,2026-10-08 00:46:47,AIR,1.4,28.0,102.9,1007.0
574629,2026-10-08 00:46:47,ICE,61.2,766.0,102.9,909.0
574630,2026-10-08 00:46:47,WAT,0.0,0.0,102.7,910.0
574631,2026-10-08 00:46:47,MAC,7.5,82.0,102.7,894.0
574632,2026-10-08 00:49:48,AIR,1.4,28.0,102.9,1007.0
574633,2026-10-08 00:49:48,ICE,61.2,766.0,102.9,909.0
574634,2026-10-08 00:49:48,WAT,0.0,0.0,102.7,910.0
574635,2026-10-08 00:49:48,MAC,7.5,82.0,102.7,894.0
574636,2026-10-08 00:52:50,AIR,1.4,28.0,102.9,1007.0
574637,2026-10-08 00:52:50,ICE,61.2,766.0,102.9,909.0
574638,2026-10-08 00:52:50,WAT,0.0,0.0,102.7,910.0
574639,2026-10-08 00:52:50,MAC,7.5,82.0,102.7,894.0
574640,2026-10-08 00:55:51,AIR,1.4,28.0,102.9,1007.0
574641,2026-10-08 00:55:51,ICE,3.0,29.0,102.9,955.0
574642,2026-10-08 00:55:51,WAT,0.0,0.0,102.7,910.0
574643,2026-10-08 00:55:51,MAC,7.5,82.0,102.7,894.0
574644,2026-10-08 00:58:54,AIR,1.4,28.0,102.9,1007.0
574645,2026-10-08 00:58:54,ICE,3.0,29.0,102.9,955.0
574646,2026-10-08 00:58:54,WAT,0.0,0.0,102.7,910.0
574647,2026-10-08 00:58:54,MAC,7.5,82.0,102.7,894.0
574648,2026-10-08 01:01:55,AIR,1.4,28.0,102.9,1007.0
574649,2026-10-08 01:01:55,ICE,3.0,29.0,102.9,955.0
574650,2026-10-08 01:01:55,WAT,0.0,0.0,102.7,910.0
574651,2026-10-08 01:01:55,MAC,7.5,82.0,102.7,894.0
574652,2026-10-08 01:04:56,AIR,1.4,28.0,102.9,1007.0
574653,2026-10-08 01:04:56,ICE,3.0,29.0,102.9,955.0
574654,2026-10-08 01:04:56,WAT,0.0,0.0,102.7,910.0
574655,2026-10-08 01:04:56,MAC,7.5,82.0,102.7,894.0
574656,2026-10-08 01:07:57,AIR,1.4,28.0,102.9,1007.0
574657,2026-10-08 01:07:57,ICE,3.0,29.0,102.9,955.0
574658,2026-10-08 01:07:57,WAT,0.0,0.0,102.7,910.0
574659,2026-10-08 01:07:57,MAC,7.5,82.0,102.7,894.0
574660,2026-10-08 01:10:58,AIR,1.4,28.0,102.9,1007.0
574661,2026-10-08 01:10:58,ICE,3.0,29.0,102.9,955.0
574662,2026-10-08 01:10:58,WAT,0.0,0.0,102.7,910.0
574663,2026-10-08 01:10:58,MAC,7.5,82.0,102.7,894.0
574664,2026-10-08 01:14:00,AIR,1.4,28.0,102.9,1007.0
574665,2026-10-08 01:14:00,ICE,42.4,531.0,102.9,972.0
574666,2026-10-08 01:14:00,WAT,0.0,0.0,102.7,910.0
574667,2026-10-08 01:14:00,MAC,7.5,82.0,102.7,894.0
574668,2026-10-08 01:17:01,AIR,1.4,28.0,102.9,1007.0
574669,2026-10-08 01:17:01,ICE,42.4,531.0,102.9,972.0
574670,2026-10-08 01:17:01,WAT,0.0,0.0,102.7,910.0
574671,2026-10-08 01:17:01,MAC,7.5,82.0,102.7,894.0
574672,2026-10-08 01:20:03,AIR,1.4,28.0,102.9,1007.0
574673,2026-10-08 01:20:03,ICE,42.4,531.0,102.9,972.0
574674,2026-10-08 01:20:03,WAT,0.0,0.0,102.7,910.0
574675,2026-10-08 01:20:03,MAC,7.5,82.0,102.7,894.0
574676,2026-10-08 01:23:05,AIR,1.4,28.0,102.9,1007.0
574677,2026-10-08 01:23:05,ICE,42.4,531.0,102.9,972.0
574678,2026-10-08 01:23:05,WAT,0.0,0.0,102.7,910.0
574679,2026-10-08 01:23:05,MAC,7.5,82.0,102.7,894.0
574680,2026-10-08 01:26:06,AIR,1.4,28.0,102.9,1007.0
574681,2026-10-08 01:26:06,ICE,42.4,531.0,102.9,972.0
574682,2026-10-08 01:26:06,WAT,0.0,0.0,102.7,910.0
574683,2026-10-08 01:26:06,MAC,7.5,82.0,102.7,894.0
574684,2026-10-08 01:29:07,AIR,1.4,28.0,102.9,1007.0
574685,2026-10-08 01:29:07,ICE,42.4,531.0,102.9,972.0
574686,2026-10-08 01:29:07,WAT,0.0,0.0,102.7,910.0
574687,2026-10-08 01:29:07,MAC,7.5,82.0,102.7,894.0
574688,2026-10-08 01:32:09,AIR,1.4,28.0,102.9,1007.0
574689,2026-10-08 01:32:09,ICE,42.4,531.0,102.9,972.0
574690,2026-10-08 01:32:09,WAT,0.0,0.0,102.7,910.0
574691,2026-10-08 01:32:09,MAC,7.5,82.0,102.7,894.0
574692,2026-10-08 01:35:10,AIR,1.4,28.0,102.9,1007.0
574693,2026-10-08 01:35:10,ICE,42.4,531.0,102.9,972.0
574694,2026-10-08 01:35:10,WAT,0.0,0.0,102.7,910.0
574695,2026-10-08 01:35:10,MAC,7.5,82.0,102.7,894.0
574696,2026-10-08 01:38:11,AIR,1.4,28.0,102.9,1007.0
574697,2026-10-08 01:38:11,ICE,42.4,531.0,102.9,972.0
574698,2026-10-08 01:38:11,WAT,0.0,0.0,102.7,910.0
574699,2026-10-08 01:38:11,MAC,7.5,82.0,102.7,894.0
574700,2026-10-08 01:41:13,AIR,1.4,28.0,102.9,1007.0
574701,2026-10-08 01:41:13,ICE,42.4,531.0,102.9,972.0
574702,2026-10-08 01:41:13,WAT,0.0,0.0,102.7,910.0
574703,2026-10-08 01:41:13,MAC,7.5,82.0,102.7,894.0
574704,2026-10-08 01:44:14,AIR,1.4,28.0,102.9,1007.0
574705,2026-10-08 01:44:14,ICE,42.4,531.0,102.9,972.0
574706,2026-10-08 01:44:14,WAT,0.0,0.0,102.7,910.0
574707,2026-10-08 01:44:14,MAC,7.5,82.0,102.7,894.0
574708,2026-10-08 01:47:16,AIR,1.4,28.0,102.9,1007.0
574709,2026-10-08 01:47:16,ICE,42.4,531.0,102.9,972.0
574710,2026-10-08 01:47:16,WAT,0.0,0.0,102.7,910.0
574711,2026-10-08 01:47:16,MAC,7.5,82.0,102.7,894.0
574712,2026-10-08 01:50:17,AIR,1.4,28.0,102.9,1007.0
574713,2026-10-08 01:50:17,ICE,42.4,531.0,102.9,972.0
574714,2026-10-08 01:50:17,WAT,0.0,0.0,102.7,910.0
574715,2026-10-08 01:50:17,MAC,7.5,82.0,102.7,894.0
574716,2026-10-08 01:53:18,AIR,1.4,28.0,102.9,1007.0
574717,2026-10-08 01:53:18,ICE,42.4,531.0,102.9,972.0
574718,2026-10-08 01:53:18,WAT,0.0,0.0,102.7,910.0
574719,2026-10-08 01:53:18,MAC,7.5,82.0,102.7,894.0
574720,2026-10-08 01:56:20,AIR,1.4,28.0,102.9,1007.0
574721,2026-10-08 01:56:20,ICE,42.4,531.0,102.9,972.0
574722,2026-10-08 01:56:20,WAT,0.0,0.0,102.7,910.0
574723,2026-10-08 01:56:20,MAC,7.5,82.0,102.7,894.0
574724,2026-10-08 01:59:21,AIR,1.4,28.0,102.9,1007.0
574725,2026-10-08 01:59:21,ICE,42.4,531.0,102.9,972.0
574726,2026-10-08 01:59:21,WAT,0.0,0.0,102.7,910.0
574727,2026-10-08 01:59:21,MAC,7.5,82.0,102.7,894.0
574728,2026-10-08 02:02:22,AIR,1.4,28.0,102.9,1007.0
574729,2026-10-08 02:02:22,ICE,42.4,531.0,102.9,972.0
574730,2026-10-08 02:02:22,WAT,0.0,0.0,102.7,910.0
574731,2026-10-08 02:02:22,MAC,7.5,82.0,102.7,894.0
574732,2026-10-08 02:05:24,AIR,1.4,28.0,102.9,1007.0
574733,2026-10-08 02:05:24,ICE,42.4,531.0,102.9,972.0
574734,2026-10-08 02:05:24,WAT,0.0,0.0,102.7,910.0
574735,2026-10-08 02:05:24,MAC,7.5,82.0,102.7,894.0
574736,2026-10-08 02:08:25,AIR,1.4,28.0,102.9,1007.0
574737,2026-10-08 02:08:25,ICE,42.4,531.0,102.9,972.0
574738,2026-10-08 02:08:25,WAT,0.0,0.0,102.7,910.0
574739,2026-10-08 02:08:25,MAC,7.5,82.0,102.7,894.0
574740,2026-10-08 02:11:27,AIR,1.4,28.0,102.9,1007.0
574741,2026-10-08 02:11:27,ICE,42.4,531.0,102.9,972.0
574742,2026-10-08 02:11:27,WAT,0.0,0.0,102.7,910.0
574743,2026-10-08 02:11:27,MAC,7.5,82.0,102.7,894.0
574744,2026-10-08 02:14:28,AIR,1.4,28.0,102.9,1007.0
574745,2026-10-08 02:14:28,ICE,42.4,531.0,102.9,972.0
574746,2026-10-08 02:14:28,WAT,0.0,0.0,102.7,910.0
574747,2026-10-08 02:14:28,MAC,7.5,82.0,102.7,894.0
574748,2026-10-08 02:17:30,AIR,1.4,28.0,102.9,1007.0
574749,2026-10-08 02:17:30,ICE,42.4,531.0,102.9,972.0
574750,2026-10-08 02:17:30,WAT,0.0,0.0,102.7,910.0
574751,2026-10-08 02:17:30,MAC,7.5,82.0,102.7,894.0
574752,2026-10-08 02:20:31,AIR,1.4,28.0,102.9,1007.0
574753,2026-10-08 02:20:31,ICE,42.4,531.0,102.9,972.0
574754,2026-10-08 02:20:31,WAT,0.0,0.0,102.7,910.0
574755,2026-10-08 02:20:31,MAC,7.5,82.0,102.7,894.0
574756,2026-10-08 02:23:32,AIR,1.4,28.0,102.9,1007.0
574757,2026-10-08 02:23:32,ICE,42.4,531.0,102.9,972.0
574758,2026-10-08 02:23:32,WAT,0.0,0.0,102.7,910.0
574759,2026-10-08 02:23:32,MAC,7.5,82.0,102.7,894.0
574760,2026-10-08 02:26:34,AIR,1.4,28.0,102.9,1007.0
574761,2026-10-08 02:26:34,ICE,42.4,531.0,102.9,972.0
574762,2026-10-08 02:26:34,WAT,0.0,0.0,102.7,910.0
574763,2026-10-08 02:26:34,MAC,7.5,82.0,102.7,894.0
574764,2026-10-08 02:29:35,AIR,1.4,28.0,102.9,1007.0
574765,2026-10-08 02:29:35,ICE,42.4,531.0,102.9,972.0
574766,2026-10-08 02:29:35,WAT,0.0,0.0,102.7,910.0
574767,2026-10-08 02:29:35,MAC,7.5,82.0,102.7,894.0
574768,2026-10-08 02:32:36,AIR,1.4,28.0,102.9,1007.0
574769,2026-10-08 02:32:36,ICE,42.4,531.0,102.9,972.0
574770,2026-10-08 02:32:36,WAT,0.0,0.0,102.7,910.0
574771,2026-10-08 02:32:36,MAC,7.5,82.0,102.7,894.0
574772,2026-10-08 02:35:38,AIR,1.4,28.0,102.9,1007.0
574773,2026-10-08 02:35:38,ICE,42.4,531.0,102.9,972.0
574774,2026-10-08 02:35:38,WAT,0.0,0.0,102.7,910.0
574775,2026-10-08 02:35:38,MAC,7.5,82.0,102.7,894.0
574776,2026-10-08 02:38:39,AIR,1.4,28.0,102.9,1007.0
574777,2026-10-08 02:38:39,ICE,42.4,531.0,102.9,972.0
574778,2026-10-08 02:38:39,WAT,0.0,0.0,102.7,910.0
574779,2026-10-08 02:38:39,MAC,7.5,82.0,102.7,894.0
574780,2026-10-08 02:41:41,AIR,1.4,28.0,102.9,1007.0
574781,2026-10-08 02:41:41,ICE,1.4,29.0,103.3,1059.0
574782,2026-10-08 02:41:41,WAT,0.0,0.0,102.7,910.0
574783,2026-10-08 02:41:41,MAC,7.5,82.0,102.7,894.0
574784,2026-10-08 02:44:42,AIR,1.4,28.0,102.9,1007.0
574785,2026-10-08 02:44:42,ICE,1.4,29.0,103.3,1059.0
574786,2026-10-08 02:44:42,WAT,0.0,0.0,102.7,910.0
574787,2026-10-08 02:44:42,MAC,7.5,82.0,102.7,894.0
574788,2026-10-08 02:47:43,AIR,1.4,28.0,102.9,1007.0
574789,2026-10-08 02:47:43,ICE,1.4,29.0,103.3,1059.0
574790,2026-10-08 02:47:43,WAT,0.0,0.0,102.7,910.0
574791,2026-10-08 02:47:43,MAC,7.5,82.0,102.7,894.0
574792,2026-10-08 02:50:44,AIR,1.4,28.0,102.9,1007.0
574793,2026-10-08 02:50:44,ICE,1.4,29.0,103.3,1059.0
574794,2026-10-08 02:50:44,WAT,0.0,0.0,102.7,910.0
574795,2026-10-08 02:50:44,MAC,7.5,82.0,102.7,894.0
574796,2026-10-08 02:53:46,AIR,1.4,28.0,102.9,1007.0
574797,2026-10-08 02:53:46,ICE,1.4,29.0,103.3,1059.0
574798,2026-10-08 02:53:46,WAT,0.0,0.0,102.7,910.0
574799,2026-10-08 02:53:46,MAC,7.5,82.0,102.7,894.0
574800,2026-10-08 02:56:47,AIR,1.4,28.0,102.9,1007.0
574801,2026-10-08 02:56:47,ICE,140.6,1364.0,103.0,1074.0
574802,2026-10-08 02:56:47,WAT,0.0,0.0,102.7,910.0
574803,2026-10-08 02:56:47,MAC,7.5,82.0,102.7,894.0
574804,2026-10-08 02:59:48,AIR,1.4,28.0,102.9,1007.0
574805,2026-10-08 02:59:48,ICE,140.6,1364.0,103.0,1074.0
574806,2026-10-08 02:59:48,WAT,0.0,0.0,102.7,910.0
574807,2026-10-08 02:59:48,MAC,7.5,82.0,102.7,894.0
574808,2026-10-08 03:02:49,AIR,1.4,28.0,102.9,1007.0
574809,2026-10-08 03:02:49,ICE,140.6,1364.0,103.0,1074.0
574810,2026-10-08 03:02:49,WAT,0.0,0.0,102.7,910.0
574811,2026-10-08 03:02:49,MAC,7.5,82.0,102.7,894.0
574812,2026-10-08 03:05:51,AIR,1.4,28.0,102.9,1007.0
574813,2026-10-08 03:05:51,ICE,140.6,1364.0,103.0,1074.0
574814,2026-10-08 03:05:51,WAT,0.0,0.0,102.7,910.0
574815,2026-10-08 03:05:51,MAC,7.5,82.0,102.7,894.0
574816,2026-10-08 03:08:52,AIR,1.4,28.0,102.9,1007.0
574817,2026-10-08 03:08:52,ICE,140.6,1364.0,103.0,1074.0
574818,2026-10-08 03:08:52,WAT,0.0,0.0,102.7,910.0
574819,2026-10-08 03:08:52,MAC,7.5,82.0,102.7,894.0
574820,2026-10-08 03:11:53,AIR,1.4,28.0,102.9,1007.0
574821,2026-10-08 03:11:53,ICE,140.6,1364.0,103.0,1074.0
574822,2026-10-08 03:11:53,WAT,0.0,0.0,102.7,910.0
574823,2026-10-08 03:11:53,MAC,7.5,82.0,102.7,894.0
574824,2026-10-08 03:14:55,AIR,1.4,28.0,102.9,1007.0
574825,2026-10-08 03:14:55,ICE,140.6,1364.0,103.0,1074.0
574826,2026-10-08 03:14:55,WAT,0.0,0.0,102.7,910.0
574827,2026-10-08 03:14:55,MAC,7.5,82.0,102.7,894.0
574828,2026-10-08 03:17:56,AIR,1.4,28.0,102.9,1007.0
574829,2026-10-08 03:17:56,ICE,140.6,1364.0,103.0,1074.0
574830,2026-10-08 03:17:56,WAT,0.0,0.0,102.7,910.0
574831,2026-10-08 03:17:56,MAC,7.5,82.0,102.7,894.0
574832,2026-10-08 03:20:57,AIR,1.4,28.0,102.9,1007.0
574833,2026-10-08 03:20:57,ICE,140.6,1364.0,103.0,1074.0
574834,2026-10-08 03:20:57,WAT,0.0,0.0,102.7,910.0
574835,2026-10-08 03:20:57,MAC,7.5,82.0,102.7,894.0
574836,2026-10-08 03:23:58,AIR,1.4,28.0,102.9,1007.0
574837,2026-10-08 03:23:58,ICE,140.6,1364.0,103.0,1074.0
574838,2026-10-08 03:23:58,WAT,0.0,0.0,102.7,910.0
574839,2026-10-08 03:23:58,MAC,7.5,82.0,102.7,894.0
574840,2026-10-08 03:27:00,AIR,1.4,28.0,102.9,1007.0
574841,2026-10-08 03:27:00,ICE,140.6,1364.0,103.0,1074.0
574842,2026-10-08 03:27:00,WAT,0.0,0.0,102.7,910.0
574843,2026-10-08 03:27:00,MAC,7.5,82.0,102.7,894.0
574844,2026-10-08 03:30:01,AIR,1.4,28.0,102.9,1007.0
574845,2026-10-08 03:30:01,ICE,78.9,961.0,103.1,1109.0
574846,2026-10-08 03:30:01,WAT,0.0,0.0,102.7,910.0
574847,2026-10-08 03:30:01,MAC,7.5,82.0,102.7,894.0
574848,2026-10-08 03:33:07,AIR,1.4,28.0,102.9,1007.0
574849,2026-10-08 03:33:07,ICE,64.3,778.0,103.3,1110.0
574850,2026-10-08 03:33:07,WAT,0.0,0.0,102.7,910.0
574851,2026-10-08 03:33:07,MAC,7.5,82.0,102.7,894.0
574852,2026-10-08 03:36:09,AIR,1.4,28.0,102.9,1007.0
574853,2026-10-08 03:36:09,ICE,64.3,778.0,103.3,1110.0
574854,2026-10-08 03:36:09,WAT,0.0,0.0,102.7,910.0
574855,2026-10-08 03:36:09,MAC,7.5,82.0,102.7,894.0
574856,2026-10-08 03:39:10,AIR,1.4,28.0,102.9,1007.0
574857,2026-10-08 03:39:10,ICE,54.2,677.0,103.3,1119.0
574858,2026-10-08 03:39:10,WAT,0.0,0.0,102.7,910.0
574859,2026-10-08 03:39:10,MAC,7.5,82.0,102.7,894.0
574860,2026-10-08 03:42:12,AIR,1.4,28.0,102.9,1007.0
574861,2026-10-08 03:42:12,ICE,54.2,677.0,103.3,1119.0
574862,2026-10-08 03:42:12,WAT,0.0,0.0,102.7,910.0
574863,2026-10-08 03:42:12,MAC,7.5,82.0,102.7,894.0
574864,2026-10-08 03:45:13,AIR,1.4,28.0,102.9,1007.0
574865,2026-10-08 03:45:13,ICE,54.2,677.0,103.3,1119.0
574866,2026-10-08 03:45:13,WAT,0.0,0.0,102.7,910.0
574867,2026-10-08 03:45:13,MAC,7.5,82.0,102.7,894.0
574868,2026-10-08 03:48:14,AIR,1.4,28.0,102.9,1007.0
574869,2026-10-08 03:48:14,ICE,54.2,677.0,103.3,1119.0
574870,2026-10-08 03:48:14,WAT,0.0,0.0,102.7,910.0
574871,2026-10-08 03:48:14,MAC,7.5,82.0,102.7,894.0
574872,2026-10-08 03:51:16,AIR,1.4,28.0,102.9,1007.0
574873,2026-10-08 03:51:16,ICE,54.2,677.0,103.3,1119.0
574874,2026-10-08 03:51:16,WAT,0.0,0.0,102.7,910.0
574875,2026-10-08 03:51:16,MAC,7.5,82.0,102.7,894.0
574876,2026-10-08 03:54:17,AIR,1.4,28.0,102.9,1007.0
574877,2026-10-08 03:54:17,ICE,54.2,677.0,103.3,1119.0
574878,2026-10-08 03:54:17,WAT,0.0,0.0,102.7,910.0
574879,2026-10-08 03:54:17,MAC,7.5,82.0,102.7,894.0
574880,2026-10-08 03:57:18,AIR,1.4,28.0,102.9,1007.0
574881,2026-10-08 03:57:18,ICE,54.2,677.0,103.3,1119.0
574882,2026-10-08 03:57:18,WAT,0.0,0.0,102.7,910.0
574883,2026-10-08 03:57:18,MAC,7.5,82.0,102.7,894.0
574884,2026-10-08 04:00:20,AIR,1.4,28.0,102.9,1007.0
574885,2026-10-08 04:00:20,ICE,54.2,677.0,103.3,1119.0
574886,2026-10-08 04:00:20,WAT,0.0,0.0,102.7,910.0
574887,2026-10-08 04:00:20,MAC,7.5,82.0,102.7,894.0
574888,2026-10-08 04:03:33,AIR,1.4,28.0,102.9,1007.0
574889,2026-10-08 04:03:33,ICE,54.2,677.0,103.3,1119.0
574890,2026-10-08 04:03:33,WAT,0.0,0.0,102.7,910.0
574891,2026-10-08 04:03:33,MAC,7.5,82.0,102.7,894.0
574892,2026-10-08 04:06:34,AIR,1.4,28.0,102.9,1007.0
574893,2026-10-08 04:06:34,ICE,54.2,677.0,103.3,1119.0
574894,2026-10-08 04:06:34,WAT,0.0,0.0,102.7,910.0
574895,2026-10-08 04:06:34,MAC,7.5,82.0,102.7,894.0
574896,2026-10-08 04:09:35,AIR,1.4,28.0,102.9,1007.0
574897,2026-10-08 04:09:35,ICE,54.2,677.0,103.3,1119.0
574898,2026-10-08 04:09:35,WAT,0.0,0.0,102.7,910.0
574899,2026-10-08 04:09:35,MAC,7.5,82.0,102.7,894.0
574900,2026-10-08 04:12:37,AIR,1.4,28.0,102.9,1007.0
574901,2026-10-08 04:12:37,ICE,54.2,677.0,103.3,1119.0
574902,2026-10-08 04:12:37,WAT,0.0,0.0,102.7,910.0
574903,2026-10-08 04:12:37,MAC,7.5,82.0,102.7,894.0
574904,2026-10-08 04:15:38,AIR,1.4,28.0,102.9,1007.0
574905,2026-10-08 04:15:38,ICE,54.2,677.0,103.3,1119.0
574906,2026-10-08 04:15:38,WAT,0.0,0.0,102.7,910.0
574907,2026-10-08 04:15:38,MAC,7.5,82.0,102.7,894.0
574908,2026-10-08 04:18:39,AIR,1.4,28.0,102.9,1007.0
574909,2026-10-08 04:18:39,ICE,54.2,677.0,103.3,1119.0
574910,2026-10-08 04:18:39,WAT,0.0,0.0,102.7,910.0
574911,2026-10-08 04:18:39,MAC,7.5,82.0,102.7,894.0
574912,2026-10-08 04:21:40,AIR,1.4,28.0,102.9,1007.0
574913,2026-10-08 04:21:40,ICE,54.2,677.0,103.3,1119.0
574914,2026-10-08 04:21:40,WAT,0.0,0.0,102.7,910.0
574915,2026-10-08 04:21:40,MAC,7.5,82.0,102.7,894.0
574916,2026-10-08 04:24:42,AIR,1.4,28.0,102.9,1007.0
574917,2026-10-08 04:24:42,ICE,44.0,558.0,103.4,1162.0
574918,2026-10-08 04:24:42,WAT,0.0,0.0,102.7,910.0
574919,2026-10-08 04:24:42,MAC,7.5,82.0,102.7,894.0
574920,2026-10-08 04:27:43,AIR,1.4,28.0,102.9,1007.0
574921,2026-10-08 04:27:43,ICE,44.0,558.0,103.4,1162.0
574922,2026-10-08 04:27:43,WAT,0.0,0.0,102.7,910.0
574923,2026-10-08 04:27:43,MAC,7.5,82.0,102.7,894.0
574924,2026-10-08 04:30:45,AIR,1.4,28.0,102.9,1007.0
574925,2026-10-08 04:30:45,ICE,44.0,558.0,103.4,1162.0
574926,2026-10-08 04:30:45,WAT,0.0,0.0,102.7,910.0
574927,2026-10-08 04:30:45,MAC,7.5,82.0,102.7,894.0
574928,2026-10-08 04:33:46,AIR,1.4,28.0,102.9,1007.0
574929,2026-10-08 04:33:46,ICE,44.0,558.0,103.4,1162.0
574930,2026-10-08 04:33:46,WAT,0.0,0.0,102.7,910.0
574931,2026-10-08 04:33:46,MAC,7.5,82.0,102.7,894.0
574932,2026-10-08 04:36:47,AIR,1.4,28.0,102.9,1007.0
574933,2026-10-08 04:36:47,ICE,44.0,558.0,103.4,1162.0
574934,2026-10-08 04:36:47,WAT,0.0,0.0,102.7,910.0
574935,2026-10-08 04:36:47,MAC,7.5,82.0,102.7,894.0
574936,2026-10-08 04:39:49,AIR,1.4,28.0,102.9,1007.0
574937,2026-10-08 04:39:49,ICE,44.0,558.0,103.4,1162.0
574938,2026-10-08 04:39:49,WAT,0.0,0.0,102.7,910.0
574939,2026-10-08 04:39:49,MAC,7.5,82.0,102.7,894.0
574940,2026-10-08 04:42:50,AIR,1.4,28.0,102.9,1007.0
574941,2026-10-08 04:42:50,ICE,44.0,558.0,103.4,1162.0
574942,2026-10-08 04:42:50,WAT,0.0,0.0,102.7,910.0
574943,2026-10-08 04:42:50,MAC,7.5,82.0,102.7,894.0
574944,2026-10-08 04:45:51,AIR,1.4,28.0,102.9,1007.0
574945,2026-10-08 04:45:51,ICE,44.0,558.0,103.4,1162.0
574946,2026-10-08 04:45:51,WAT,0.0,0.0,102.7,910.0
574947,2026-10-08 04:45:51,MAC,7.5,82.0,102.7,894.0
574948,2026-10-08 04:48:53,AIR,1.4,28.0,102.9,1007.0
574949,2026-10-08 04:48:53,ICE,44.0,558.0,103.4,1162.0
574950,2026-10-08 04:48:53,WAT,0.0,0.0,102.7,910.0
574951,2026-10-08 04:48:53,MAC,7.5,82.0,102.7,894.0
574952,2026-10-08 04:51:54,AIR,1.4,28.0,102.9,1007.0
574953,2026-10-08 04:51:54,ICE,44.0,558.0,103.4,1162.0
574954,2026-10-08 04:51:54,WAT,0.0,0.0,102.7,910.0
574955,2026-10-08 04:51:54,MAC,7.5,82.0,102.7,894.0
574956,2026-10-08 04:54:56,AIR,1.4,28.0,102.9,1007.0
574957,2026-10-08 04:54:56,ICE,44.0,558.0,103.4,1162.0
574958,2026-10-08 04:54:56,WAT,0.0,0.0,102.7,910.0
574959,2026-10-08 04:54:56,MAC,7.5,82.0,102.7,894.0
574960,2026-10-08 04:57:57,AIR,1.4,28.0,102.9,1007.0
574961,2026-10-08 04:57:57,ICE,44.0,558.0,103.4,1162.0
574962,2026-10-08 04:57:57,WAT,0.0,0.0,102.7,910.0
574963,2026-10-08 04:57:57,MAC,7.5,82.0,102.7,894.0
574964,2026-10-08 05:00:58,AIR,1.4,28.0,102.9,1007.0
574965,2026-10-08 05:00:58,ICE,65.8,814.0,102.9,1199.0
574966,2026-10-08 05:00:58,WAT,0.0,0.0,102.7,910.0
574967,2026-10-08 05:00:58,MAC,7.5,82.0,102.7,894.0
574968,2026-10-08 05:04:01,AIR,1.4,28.0,102.9,1007.0
574969,2026-10-08 05:04:01,ICE,65.8,814.0,102.9,1199.0
574970,2026-10-08 05:04:01,WAT,0.0,0.0,102.7,910.0
574971,2026-10-08 05:04:01,MAC,7.5,82.0,102.7,894.0
574972,2026-10-08 05:07:02,AIR,1.4,28.0,102.9,1007.0
574973,2026-10-08 05:07:02,ICE,65.8,814.0,102.9,1199.0
574974,2026-10-08 05:07:02,WAT,0.0,0.0,102.7,910.0
574975,2026-10-08 05:07:02,MAC,7.5,82.0,102.7,894.0
574976,2026-10-08 05:10:04,AIR,1.4,28.0,102.9,1007.0
574977,2026-10-08 05:10:04,ICE,65.8,814.0,102.9,1199.0
574978,2026-10-08 05:10:04,WAT,0.0,0.0,102.7,910.0
574979,2026-10-08 05:10:04,MAC,7.5,82.0,102.7,894.0
574980,2026-10-08 05:13:06,AIR,1.4,28.0,102.9,1007.0
574981,2026-10-08 05:13:06,ICE,65.8,814.0,102.9,1199.0
574982,2026-10-08 05:13:06,WAT,0.0,0.0,102.7,910.0
574983,2026-10-08 05:13:06,MAC,7.5,82.0,102.7,894.0
574984,2026-10-08 05:16:07,AIR,1.4,28.0,102.9,1007.0
574985,2026-10-08 05:16:07,ICE,65.8,814.0,102.9,1199.0
574986,2026-10-08 05:16:07,WAT,0.0,0.0,102.7,910.0
574987,2026-10-08 05:16:07,MAC,7.5,82.0,102.7,894.0
574988,2026-10-08 05:19:08,AIR,1.4,28.0,102.9,1007.0
574989,2026-10-08 05:19:08,ICE,65.8,814.0,102.9,1199.0
574990,2026-10-08 05:19:08,WAT,0.0,0.0,102.7,910.0
574991,2026-10-08 05:19:08,MAC,7.5,82.0,102.7,894.0
574992,2026-10-08 05:22:10,AIR,1.4,28.0,102.9,1007.0
574993,2026-10-08 05:22:10,ICE,65.8,814.0,102.9,1199.0
574994,2026-10-08 05:22:10,WAT,0.0,0.0,102.7,910.0
574995,2026-10-08 05:22:10,MAC,7.5,82.0,102.7,894.0
574996,2026-10-08 05:25:11,AIR,1.4,28.0,102.9,1007.0
574997,2026-10-08 05:25:11,ICE,1.4,29.0,102.9,1222.0
574998,2026-10-08 05:25:11,WAT,0.0,0.0,102.7,910.0
574999,2026-10-08 05:25:11,MAC,7.5,82.0,102.7,894.0
575000,2026-10-08 05:28:12,AIR,1.4,28.0,102.9,1007.0
575001,2026-10-08 05:28:12,ICE,53.1,676.0,102.9,1227.0
575002,2026-10-08 05:28:12,WAT,0.0,0.0,102.7,910.0
575003,2026-10-08 05:28:12,MAC,7.5,82.0,102.7,894.0
575004,2026-10-08 05:31:14,AIR,1.4,28.0,102.9,1007.0
575005,2026-10-08 05:31:14,ICE,41.8,526.0,102.8,1228.0
575006,2026-10-08 05:31:14,WAT,0.0,0.0,102.7,910.0
575007,2026-10-08 05:31:14,MAC,7.5,82.0,102.7,894.0
575008,2026-10-08 05:34:15,AIR,1.4,28.0,102.9,1007.0
575009,2026-10-08 05:34:15,ICE,41.8,526.0,102.8,1228.0
575010,2026-10-08 05:34:15,WAT,0.0,0.0,102.7,910.0
575011,2026-10-08 05:34:15,MAC,7.5,82.0,102.7,894.0
575012,2026-10-08 05:37:16,AIR,1.4,28.0,102.9,1007.0
575013,2026-10-08 05:37:16,ICE,41.8,526.0,102.8,1228.0
575014,2026-10-08 05:37:16,WAT,0.0,0.0,102.7,910.0
575015,2026-10-08 05:37:16,MAC,7.5,82.0,102.7,894.0
575016,2026-10-08 05:40:17,AIR,1.4,28.0,102.9,1007.0
575017,2026-10-08 05:40:17,ICE,41.8,526.0,102.8,1228.0
575018,2026-10-08 05:40:17,WAT,0.0,0.0,102.7,910.0
575019,2026-10-08 05:40:17,MAC,7.5,82.0,102.7,894.0
575020,2026-10-08 05:43:19,AIR,1.4,28.0,102.9,1007.0
575021,2026-10-08 05:43:19,ICE,41.8,526.0,102.8,1228.0
575022,2026-10-08 05:43:19,WAT,0.0,0.0,102.7,910.0
575023,2026-10-08 05:43:19,MAC,7.5,82.0,102.7,894.0
575024,2026-10-08 05:46:20,AIR,1.4,28.0,102.9,1007.0
575025,2026-10-08 05:46:20,ICE,41.8,526.0,102.8,1228.0
575026,2026-10-08 05:46:20,WAT,0.0,0.0,102.7,910.0
575027,2026-10-08 05:46:20,MAC,7.5,82.0,102.7,894.0
575028,2026-10-08 05:49:21,AIR,1.4,28.0,102.9,1007.0
575029,2026-10-08 05:49:21,ICE,41.8,526.0,102.8,1228.0
575030,2026-10-08 05:49:21,WAT,0.0,0.0,102.7,910.0
575031,2026-10-08 05:49:21,MAC,7.5,82.0,102.7,894.0
575032,2026-10-08 05:52:22,AIR,1.4,28.0,102.9,1007.0
575033,2026-10-08 05:52:22,ICE,41.8,526.0,102.8,1228.0
575034,2026-10-08 05:52:22,WAT,0.0,0.0,102.7,910.0
575035,2026-10-08 05:52:22,MAC,7.5,82.0,102.7,894.0
575036,2026-10-08 05:55:24,AIR,1.4,28.0,102.9,1007.0
575037,2026-10-08 05:55:24,ICE,41.8,526.0,102.8,1228.0
575038,2026-10-08 05:55:24,WAT,0.0,0.0,102.7,910.0
575039,2026-10-08 05:55:24,MAC,7.5,82.0,102.7,894.0
575040,2026-10-08 05:58:25,AIR,1.4,28.0,102.9,1007.0
575041,2026-10-08 05:58:25,ICE,41.8,526.0,102.8,1228.0
575042,2026-10-08 05:58:25,WAT,0.0,0.0,102.7,910.0
575043,2026-10-08 05:58:25,MAC,7.5,82.0,102.7,894.0
575044,2026-10-08 06:01:26,AIR,1.4,28.0,102.9,1007.0
575045,2026-10-08 06:01:26,ICE,41.8,526.0,102.8,1228.0
575046,2026-10-08 06:01:26,WAT,0.0,0.0,102.7,910.0
575047,2026-10-08 06:01:26,MAC,7.5,82.0,102.7,894.0
575048,2026-10-08 06:04:28,AIR,1.4,28.0,102.9,1007.0
575049,2026-10-08 06:04:28,ICE,41.8,526.0,102.8,1228.0
575050,2026-10-08 06:04:28,WAT,0.0,0.0,102.7,910.0
575051,2026-10-08 06:04:28,MAC,7.5,82.0,102.7,894.0
575052,2026-10-08 06:07:29,AIR,1.4,28.0,102.9,1007.0
575053,2026-10-08 06:07:29,ICE,41.8,526.0,102.8,1228.0
575054,2026-10-08 06:07:29,WAT,0.0,0.0,102.7,910.0
575055,2026-10-08 06:07:29,MAC,7.5,82.0,102.7,894.0
575056,2026-10-08 06:10:30,AIR,1.4,28.0,102.9,1007.0
575057,2026-10-08 06:10:30,ICE,41.8,526.0,102.8,1228.0
575058,2026-10-08 06:10:30,WAT,0.0,0.0,102.7,910.0
575059,2026-10-08 06:10:30,MAC,7.5,82.0,102.7,894.0
575060,2026-10-08 06:13:32,AIR,1.4,28.0,102.9,1007.0
575061,2026-10-08 06:13:32,ICE,41.8,526.0,102.8,1228.0
575062,2026-10-08 06:13:32,WAT,0.0,0.0,102.7,910.0
575063,2026-10-08 06:13:32,MAC,7.5,82.0,102.7,894.0
575064,2026-10-08 06:16:33,AIR,1.4,28.0,102.9,1007.0
575065,2026-10-08 06:16:33,ICE,41.8,526.0,102.8,1228.0
575066,2026-10-08 06:16:33,WAT,0.0,0.0,102.7,910.0
575067,2026-10-08 06:16:33,MAC,7.5,82.0,102.7,894.0
575068,2026-10-08 06:19:34,AIR,1.4,28.0,102.9,1007.0
575069,2026-10-08 06:19:34,ICE,41.8,526.0,102.8,1228.0
575070,2026-10-08 06:19:34,WAT,0.0,0.0,102.7,910.0
575071,2026-10-08 06:19:34,MAC,7.5,82.0,102.7,894.0
575072,2026-10-08 06:22:35,AIR,1.4,28.0,102.9,1007.0
575073,2026-10-08 06:22:35,ICE,41.8,526.0,102.8,1228.0
575074,2026-10-08 06:22:35,WAT,0.0,0.0,102.7,910.0
575075,2026-10-08 06:22:35,MAC,7.5,82.0,102.7,894.0
575076,2026-10-08 06:25:37,AIR,1.4,28.0,102.9,1007.0
575077,2026-10-08 06:25:37,ICE,41.8,526.0,102.8,1228.0
575078,2026-10-08 06:25:37,WAT,0.0,0.0,102.7,910.0
575079,2026-10-08 06:25:37,MAC,7.5,82.0,102.7,894.0
575080,2026-10-08 06:28:38,AIR,1.4,28.0,102.9,1007.0
575081,2026-10-08 06:28:38,ICE,41.8,526.0,102.8,1228.0
575082,2026-10-08 06:28:38,WAT,0.0,0.0,102.7,910.0
575083,2026-10-08 06:28:38,MAC,7.5,82.0,102.7,894.0
575084,2026-10-08 06:31:39,AIR,1.4,28.0,102.9,1007.0
575085,2026-10-08 06:31:39,ICE,41.8,526.0,102.8,1228.0
575086,2026-10-08 06:31:39,WAT,0.0,0.0,102.7,910.0
575087,2026-10-08 06:31:39,MAC,7.5,82.0,102.7,894.0
575088,2026-10-08 06:34:42,AIR,1.4,28.0,102.9,1007.0
575089,2026-10-08 06:34:42,ICE,41.8,526.0,102.8,1228.0
575090,2026-10-08 06:34:42,WAT,0.0,0.0,102.7,910.0
575091,2026-10-08 06:34:42,MAC,7.5,82.0,102.7,894.0
575092,2026-10-08 06:37:43,AIR,1.4,28.0,102.9,1007.0
575093,2026-10-08 06:37:43,ICE,41.8,526.0,102.8,1228.0
575094,2026-10-08 06:37:43,WAT,0.0,0.0,102.7,910.0
575095,2026-10-08 06:37:43,MAC,7.5,82.0,102.7,894.0
575096,2026-10-08 06:40:44,AIR,1.4,28.0,102.9,1007.0
575097,2026-10-08 06:40:44,ICE,41.8,526.0,102.8,1228.0
575098,2026-10-08 06:40:44,WAT,0.0,0.0,102.7,910.0
575099,2026-10-08 06:40:44,MAC,7.5,82.0,102.7,894.0
575100,2026-10-08 06:43:45,AIR,1.4,28.0,102.9,1007.0
575101,2026-10-08 06:43:45,ICE,41.8,526.0,102.8,1228.0
575102,2026-10-08 06:43:45,WAT,0.0,0.0,102.7,910.0
575103,2026-10-08 06:43:45,MAC,7.5,82.0,102.7,894.0
575104,2026-10-08 06:46:46,AIR,1.4,28.0,102.9,1007.0
575105,2026-10-08 06:46:46,ICE,41.8,526.0,102.8,1228.0
575106,2026-10-08 06:46:46,WAT,0.0,0.0,102.7,910.0
575107,2026-10-08 06:46:46,MAC,7.5,82.0,102.7,894.0
575108,2026-10-08 06:49:48,AIR,1.4,28.0,102.9,1007.0
575109,2026-10-08 06:49:48,ICE,41.8,526.0,102.8,1228.0
575110,2026-10-08 06:49:48,WAT,0.0,0.0,102.7,910.0
575111,2026-10-08 06:49:48,MAC,7.5,82.0,102.7,894.0
575112,2026-10-08 06:52:49,AIR,1.4,28.0,102.9,1007.0
575113,2026-10-08 06:52:49,ICE,41.8,526.0,102.8,1228.0
575114,2026-10-08 06:52:49,WAT,0.0,0.0,102.7,910.0
575115,2026-10-08 06:52:49,MAC,7.5,82.0,102.7,894.0
575116,2026-10-08 06:55:50,AIR,1.4,28.0,102.9,1007.0
575117,2026-10-08 06:55:50,ICE,41.8,526.0,102.8,1228.0
575118,2026-10-08 06:55:50,WAT,0.0,0.0,102.7,910.0
575119,2026-10-08 06:55:50,MAC,7.5,82.0,102.7,894.0
575120,2026-10-08 06:58:51,AIR,1.4,28.0,102.9,1007.0
575121,2026-10-08 06:58:51,ICE,64.1,817.0,101.8,1317.0
575122,2026-10-08 06:58:51,WAT,0.0,0.0,102.7,910.0
575123,2026-10-08 06:58:51,MAC,7.5,82.0,102.7,894.0
575124,2026-10-08 07:01:53,AIR,1.4,28.0,102.9,1007.0
575125,2026-10-08 07:01:53,ICE,64.1,817.0,101.8,1317.0
575126,2026-10-08 07:01:53,WAT,0.0,0.0,102.7,910.0
575127,2026-10-08 07:01:53,MAC,7.5,82.0,102.7,894.0
575128,2026-10-08 07:04:54,AIR,1.4,28.0,102.9,1007.0
575129,2026-10-08 07:04:54,ICE,64.1,817.0,101.8,1317.0
575130,2026-10-08 07:04:54,WAT,0.0,0.0,102.7,910.0
575131,2026-10-08 07:04:54,MAC,7.5,82.0,102.7,894.0
575132,2026-10-08 07:07:55,AIR,1.4,28.0,102.9,1007.0
575133,2026-10-08 07:07:55,ICE,64.1,817.0,101.8,1317.0
575134,2026-10-08 07:07:55,WAT,0.0,0.0,102.7,910.0
575135,2026-10-08 07:07:55,MAC,7.5,82.0,102.7,894.0
575136,2026-10-08 07:10:56,AIR,1.4,28.0,102.9,1007.0
575137,2026-10-08 07:10:56,ICE,64.1,817.0,101.8,1317.0
575138,2026-10-08 07:10:56,WAT,0.0,0.0,102.7,910.0
575139,2026-10-08 07:10:56,MAC,7.5,82.0,102.7,894.0
575140,2026-10-08 07:13:58,AIR,1.4,28.0,102.9,1007.0
575141,2026-10-08 07:13:58,ICE,64.1,817.0,101.8,1317.0
575142,2026-10-08 07:13:58,WAT,0.0,0.0,102.7,910.0
575143,2026-10-08 07:13:58,MAC,7.5,82.0,102.7,894.0
575144,2026-10-08 07:16:59,AIR,1.4,28.0,102.9,1007.0
575145,2026-10-08 07:16:59,ICE,64.1,817.0,101.8,1317.0
575146,2026-10-08 07:16:59,WAT,0.0,0.0,102.7,910.0
575147,2026-10-08 07:16:59,MAC,7.5,82.0,102.7,894.0
575148,2026-10-08 07:20:01,AIR,1.4,28.0,102.9,1007.0
575149,2026-10-08 07:20:01,ICE,64.1,817.0,101.8,1317.0
575150,2026-10-08 07:20:01,WAT,0.0,0.0,102.7,910.0
575151,2026-10-08 07:20:01,MAC,7.5,82.0,102.7,894.0
575152,2026-10-08 07:23:04,AIR,1.4,28.0,102.9,1007.0
575153,2026-10-08 07:23:04,ICE,64.1,817.0,101.8,1317.0
575154,2026-10-08 07:23:04,WAT,0.0,0.0,102.7,910.0
575155,2026-10-08 07:23:04,MAC,7.5,82.0,102.7,894.0
575156,2026-10-08 07:26:06,AIR,1.4,28.0,102.9,1007.0
575157,2026-10-08 07:26:06,ICE,64.1,817.0,101.8,1317.0
575158,2026-10-08 07:26:06,WAT,0.0,0.0,102.7,910.0
575159,2026-10-08 07:26:06,MAC,7.5,82.0,102.7,894.0
575160,2026-10-08 07:29:07,AIR,1.4,28.0,102.9,1007.0
575161,2026-10-08 07:29:07,ICE,3.0,29.0,103.8,1347.0
575162,2026-10-08 07:29:07,WAT,0.0,0.0,102.7,910.0
575163,2026-10-08 07:29:07,MAC,7.5,82.0,102.7,894.0
575164,2026-10-08 07:32:08,AIR,1.4,28.0,102.9,1007.0
575165,2026-10-08 07:32:08,ICE,3.0,29.0,103.8,1347.0
575166,2026-10-08 07:32:08,WAT,0.0,0.0,102.7,910.0
575167,2026-10-08 07:32:08,MAC,7.5,82.0,102.7,894.0
575168,2026-10-08 07:35:10,AIR,1.4,28.0,102.9,1007.0
575169,2026-10-08 07:35:10,ICE,3.0,29.0,103.8,1347.0
575170,2026-10-08 07:35:10,WAT,0.0,0.0,102.7,910.0
575171,2026-10-08 07:35:10,MAC,7.5,82.0,102.7,894.0
575172,2026-10-08 07:38:11,AIR,1.4,28.0,102.9,1007.0
575173,2026-10-08 07:38:11,ICE,3.0,29.0,103.8,1347.0
575174,2026-10-08 07:38:11,WAT,0.0,0.0,102.7,910.0
575175,2026-10-08 07:38:11,MAC,7.5,82.0,102.7,894.0
575176,2026-10-08 07:41:13,AIR,1.4,28.0,102.9,1007.0
575177,2026-10-08 07:41:13,ICE,3.0,29.0,103.8,1347.0
575178,2026-10-08 07:41:13,WAT,0.0,0.0,102.7,910.0
575179,2026-10-08 07:41:13,MAC,7.5,82.0,102.7,894.0
575180,2026-10-08 07:44:15,AIR,1.4,28.0,102.9,1007.0
575181,2026-10-08 07:44:15,ICE,37.8,486.0,103.3,1363.0
575182,2026-10-08 07:44:15,WAT,0.0,0.0,102.7,910.0
575183,2026-10-08 07:44:15,MAC,7.5,82.0,102.7,894.0
575184,2026-10-08 07:47:16,AIR,1.4,28.0,102.9,1007.0
575185,2026-10-08 07:47:16,ICE,37.8,486.0,103.3,1363.0
575186,2026-10-08 07:47:16,WAT,0.0,0.0,102.7,910.0
575187,2026-10-08 07:47:16,MAC,7.5,82.0,102.7,894.0
575188,2026-10-08 07:50:18,AIR,1.4,28.0,102.9,1007.0
575189,2026-10-08 07:50:18,ICE,37.8,486.0,103.3,1363.0
575190,2026-10-08 07:50:18,WAT,0.0,0.0,102.7,910.0
575191,2026-10-08 07:50:18,MAC,7.5,82.0,102.7,894.0
575192,2026-10-08 07:53:19,AIR,1.4,28.0,102.9,1007.0
575193,2026-10-08 07:53:19,ICE,37.8,486.0,103.3,1363.0
575194,2026-10-08 07:53:19,WAT,0.0,0.0,102.7,910.0
575195,2026-10-08 07:53:19,MAC,7.5,82.0,102.7,894.0
575196,2026-10-08 07:56:20,AIR,1.4,28.0,102.9,1007.0
575197,2026-10-08 07:56:20,ICE,37.8,486.0,103.3,1363.0
575198,2026-10-08 07:56:20,WAT,0.0,0.0,102.7,910.0
575199,2026-10-08 07:56:20,MAC,7.5,82.0,102.7,894.0
575200,2026-10-08 07:59:22,AIR,1.4,28.0,102.9,1007.0
575201,2026-10-08 07:59:22,ICE,37.8,486.0,103.3,1363.0
575202,2026-10-08 07:59:22,WAT,0.0,0.0,102.7,910.0
575203,2026-10-08 07:59:22,MAC,7.5,82.0,102.7,894.0
575204,2026-10-08 08:02:23,AIR,1.4,28.0,102.9,1007.0
575205,2026-10-08 08:02:23,ICE,37.8,486.0,103.3,1363.0
575206,2026-10-08 08:02:23,WAT,0.0,0.0,102.7,910.0
575207,2026-10-08 08:02:23,MAC,7.5,82.0,102.7,894.0
575208,2026-10-08 08:05:24,AIR,1.4,28.0,102.9,1007.0
575209,2026-10-08 08:05:24,ICE,37.8,486.0,103.3,1363.0
575210,2026-10-08 08:05:24,WAT,0.0,0.0,102.7,910.0
575211,2026-10-08 08:05:24,MAC,7.5,82.0,102.7,894.0
575212,2026-10-08 08:08:26,AIR,1.4,28.0,102.9,1007.0
575213,2026-10-08 08:08:26,ICE,37.8,486.0,103.3,1363.0
575214,2026-10-08 08:08:26,WAT,0.0,0.0,102.7,910.0
575215,2026-10-08 08:08:26,MAC,7.5,82.0,102.7,894.0
575216,2026-10-08 08:11:27,AIR,1.4,28.0,102.9,1007.0
575217,2026-10-08 08:11:27,ICE,37.8,486.0,103.3,1363.0
575218,2026-10-08 08:11:27,WAT,0.0,0.0,102.7,910.0
575219,2026-10-08 08:11:27,MAC,7.5,82.0,102.7,894.0
575220,2026-10-08 08:14:28,AIR,1.4,28.0,102.9,1007.0
575221,2026-10-08 08:14:28,ICE,37.8,486.0,103.3,1363.0
575222,2026-10-08 08:14:28,WAT,0.0,0.0,102.7,910.0
575223,2026-10-08 08:14:28,MAC,7.5,82.0,102.7,894.0
575224,2026-10-08 08:17:29,AIR,1.4,28.0,102.9,1007.0
575225,2026-10-08 08:17:29,ICE,37.8,486.0,103.3,1363.0
575226,2026-10-08 08:17:29,WAT,0.0,0.0,102.7,910.0
575227,2026-10-08 08:17:29,MAC,7.5,82.0,102.7,894.0
575228,2026-10-08 08:20:31,AIR,1.4,28.0,102.9,1007.0
575229,2026-10-08 08:20:31,ICE,37.8,486.0,103.3,1363.0
575230,2026-10-08 08:20:31,WAT,0.0,0.0,102.7,910.0
575231,2026-10-08 08:20:31,MAC,7.5,82.0,102.7,894.0
575232,2026-10-08 08:23:32,AIR,1.4,28.0,102.9,1007.0
575233,2026-10-08 08:23:32,ICE,37.8,486.0,103.3,1363.0
575234,2026-10-08 08:23:32,WAT,0.0,0.0,102.7,910.0
575235,2026-10-08 08:23:32,MAC,7.5,82.0,102.7,894.0
575236,2026-10-08 08:26:33,AIR,1.4,28.0,102.9,1007.0
575237,2026-10-08 08:26:33,ICE,37.8,486.0,103.3,1363.0
575238,2026-10-08 08:26:33,WAT,0.0,0.0,102.7,910.0
575239,2026-10-08 08:26:33,MAC,7.5,82.0,102.7,894.0
575240,2026-10-08 08:29:35,AIR,1.4,28.0,102.9,1007.0
575241,2026-10-08 08:29:35,ICE,37.8,486.0,103.3,1363.0
575242,2026-10-08 08:29:35,WAT,0.0,0.0,102.7,910.0
575243,2026-10-08 08:29:35,MAC,7.5,82.0,102.7,894.0
575244,2026-10-08 08:32:36,AIR,1.4,28.0,102.9,1007.0
575245,2026-10-08 08:32:36,ICE,37.8,486.0,103.3,1363.0
575246,2026-10-08 08:32:36,WAT,0.0,0.0,102.7,910.0
575247,2026-10-08 08:32:36,MAC,7.5,82.0,102.7,894.0
575248,2026-10-08 08:35:37,AIR,1.4,28.0,102.9,1007.0
575249,2026-10-08 08:35:37,ICE,37.8,486.0,103.3,1363.0
575250,2026-10-08 08:35:37,WAT,0.0,0.0,102.7,910.0
575251,2026-10-08 08:35:37,MAC,7.5,82.0,102.7,894.0
575252,2026-10-08 08:38:39,AIR,1.4,28.0,102.9,1007.0
575253,2026-10-08 08:38:39,ICE,37.8,486.0,103.3,1363.0
575254,2026-10-08 08:38:39,WAT,0.0,0.0,102.7,910.0
575255,2026-10-08 08:38:39,MAC,7.5,82.0,102.7,894.0
575256,2026-10-08 08:41:40,AIR,1.4,28.0,102.9,1007.0
575257,2026-10-08 08:41:40,ICE,37.8,486.0,103.3,1363.0
575258,2026-10-08 08:41:40,WAT,0.0,0.0,102.7,910.0
575259,2026-10-08 08:41:40,MAC,7.5,82.0,102.7,894.0
575260,2026-10-08 08:44:41,AIR,1.4,28.0,102.9,1007.0
575261,2026-10-08 08:44:41,ICE,37.8,486.0,103.3,1363.0
575262,2026-10-08 08:44:41,WAT,0.0,0.0,102.7,910.0
575263,2026-10-08 08:44:41,MAC,7.5,82.0,102.7,894.0
575264,2026-10-08 08:47:43,AIR,1.4,28.0,102.9,1007.0
575265,2026-10-08 08:47:43,ICE,37.8,486.0,103.3,1363.0
575266,2026-10-08 08:47:43,WAT,0.0,0.0,102.7,910.0
575267,2026-10-08 08:47:43,MAC,7.5,82.0,102.7,894.0
575268,2026-10-08 08:50:44,AIR,1.4,28.0,102.9,1007.0
575269,2026-10-08 08:50:44,ICE,37.8,486.0,103.3,1363.0
575270,2026-10-08 08:50:44,WAT,0.0,0.0,102.7,910.0
575271,2026-10-08 08:50:44,MAC,7.5,82.0,102.7,894.0
575272,2026-10-08 08:53:46,AIR,1.4,28.0,102.9,1007.0
575273,2026-10-08 08:53:46,ICE,37.8,486.0,103.3,1363.0
575274,2026-10-08 08:53:46,WAT,0.0,0.0,102.7,910.0
575275,2026-10-08 08:53:46,MAC,7.5,82.0,102.7,894.0
575276,2026-10-08 08:56:48,AIR,1.4,28.0,102.9,1007.0
575277,2026-10-08 08:56:48,ICE,37.8,486.0,103.3,1363.0
575278,2026-10-08 08:56:48,WAT,0.0,0.0,102.7,910.0
575279,2026-10-08 08:56:48,MAC,7.5,82.0,102.7,894.0
575280,2026-10-08 08:59:49,AIR,1.4,28.0,102.9,1007.0
575281,2026-10-08 08:59:49,ICE,37.8,486.0,103.3,1363.0
575282,2026-10-08 08:59:49,WAT,0.0,0.0,102.7,910.0
575283,2026-10-08 08:59:49,MAC,7.5,82.0,102.7,894.0
575284,2026-10-08 09:02:50,AIR,1.4,28.0,102.9,1007.0
575285,2026-10-08 09:02:50,ICE,37.8,486.0,103.3,1363.0
575286,2026-10-08 09:02:50,WAT,0.0,0.0,102.7,910.0
575287,2026-10-08 09:02:50,MAC,7.5,82.0,102.7,894.0
575288,2026-10-08 09:05:52,AIR,1.4,28.0,102.9,1007.0
575289,2026-10-08 09:05:52,ICE,37.8,486.0,103.3,1363.0
575290,2026-10-08 09:05:52,WAT,0.0,0.0,102.7,910.0
575291,2026-10-08 09:05:52,MAC,7.5,82.0,102.7,894.0
575292,2026-10-08 09:08:53,AIR,1.4,28.0,102.9,1007.0
575293,2026-10-08 09:08:53,ICE,37.8,486.0,103.3,1363.0
575294,2026-10-08 09:08:53,WAT,0.0,0.0,102.7,910.0
575295,2026-10-08 09:08:53,MAC,7.5,82.0,102.7,894.0
575296,2026-10-08 09:11:54,AIR,1.4,28.0,102.9,1007.0
575297,2026-10-08 09:11:54,ICE,37.8,486.0,103.3,1363.0
575298,2026-10-08 09:11:54,WAT,0.0,0.0,102.7,910.0
575299,2026-10-08 09:11:54,MAC,7.5,82.0,102.7,894.0
575300,2026-10-08 09:14:56,AIR,1.4,28.0,102.9,1007.0
575301,2026-10-08 09:14:56,ICE,61.5,783.0,103.3,12.0
575302,2026-10-08 09:14:56,WAT,0.0,0.0,102.7,910.0
575303,2026-10-08 09:14:56,MAC,7.5,82.0,102.7,894.0
575304,2026-10-08 09:17:57,AIR,1.4,28.0,102.9,1007.0
575305,2026-10-08 09:17:57,ICE,61.5,783.0,103.3,12.0
575306,2026-10-08 09:17:57,WAT,0.0,0.0,102.7,910.0
575307,2026-10-08 09:17:57,MAC,7.5,82.0,102.7,894.0
575308,2026-10-08 09:20:58,AIR,1.4,28.0,102.9,1007.0
575309,2026-10-08 09:20:58,ICE,61.5,783.0,103.3,12.0
575310,2026-10-08 09:20:58,WAT,0.0,0.0,102.7,910.0
575311,2026-10-08 09:20:58,MAC,7.5,82.0,102.7,894.0
575312,2026-10-08 09:24:00,AIR,1.4,28.0,102.9,1007.0
575313,2026-10-08 09:24:00,ICE,61.5,783.0,103.3,12.0
575314,2026-10-08 09:24:00,WAT,0.0,0.0,102.7,910.0
575315,2026-10-08 09:24:00,MAC,7.5,82.0,102.7,894.0
575316,2026-10-08 09:27:01,AIR,1.4,28.0,102.9,1007.0
575317,2026-10-08 09:27:01,ICE,61.5,783.0,103.3,12.0
575318,2026-10-08 09:27:01,WAT,0.0,0.0,102.7,910.0
575319,2026-10-08 09:27:01,MAC,7.5,82.0,102.7,894.0
575320,2026-10-08 09:30:04,AIR,1.4,28.0,102.9,1007.0
575321,2026-10-08 09:30:04,ICE,61.5,783.0,103.3,12.0
575322,2026-10-08 09:30:04,WAT,0.0,0.0,102.7,910.0
575323,2026-10-08 09:30:04,MAC,7.5,82.0,102.7,894.0
575324,2026-10-08 09:33:11,AIR,1.4,28.0,102.9,1007.0
575325,2026-10-08 09:33:11,ICE,61.5,783.0,103.3,12.0
575326,2026-10-08 09:33:11,WAT,0.0,0.0,102.7,910.0
575327,2026-10-08 09:33:11,MAC,7.5,82.0,102.7,894.0
575328,2026-10-08 09:36:13,AIR,1.4,28.0,102.9,1007.0
575329,2026-10-08 09:36:13,ICE,61.5,783.0,103.3,12.0
575330,2026-10-08 09:36:13,WAT,0.0,0.0,102.7,910.0
575331,2026-10-08 09:36:13,MAC,7.5,82.0,102.7,894.0
575332,2026-10-08 09:39:14,AIR,1.4,28.0,102.9,1007.0
575333,2026-10-08 09:39:14,ICE,61.5,783.0,103.3,12.0
575334,2026-10-08 09:39:14,WAT,0.0,0.0,102.7,910.0
575335,2026-10-08 09:39:14,MAC,7.5,82.0,102.7,894.0
575336,2026-10-08 09:42:15,AIR,1.4,28.0,102.9,1007.0
575337,2026-10-08 09:42:15,ICE,61.5,783.0,103.3,12.0
575338,2026-10-08 09:42:15,WAT,0.0,0.0,102.7,910.0
575339,2026-10-08 09:42:15,MAC,7.5,82.0,102.7,894.0
575340,2026-10-08 09:45:13,AIR,1.4,28.0,102.9,1007.0
575341,2026-10-08 09:45:13,ICE,3.0,29.0,103.7,43.0
575342,2026-10-08 09:45:13,WAT,0.0,0.0,102.7,910.0
575343,2026-10-08 09:45:13,MAC,7.5,82.0,102.7,894.0
575344,2026-10-08 09:48:14,AIR,1.4,28.0,102.9,1007.0
575345,2026-10-08 09:48:14,ICE,3.0,29.0,103.7,43.0
575346,2026-10-08 09:48:14,WAT,0.0,0.0,102.7,910.0
575347,2026-10-08 09:48:14,MAC,7.5,82.0,102.7,894.0
575348,2026-10-08 09:51:16,AIR,1.4,28.0,102.9,1007.0
575349,2026-10-08 09:51:16,ICE,3.0,29.0,103.7,43.0
575350,2026-10-08 09:51:16,WAT,0.0,0.0,102.7,910.0
575351,2026-10-08 09:51:16,MAC,7.5,82.0,102.7,894.0
575352,2026-10-08 09:54:17,AIR,1.4,28.0,102.9,1007.0
575353,2026-10-08 09:54:17,ICE,41.7,530.0,103.7,53.0
575354,2026-10-08 09:54:17,WAT,0.0,0.0,102.7,910.0
575355,2026-10-08 09:54:17,MAC,7.5,82.0,102.7,894.0
575356,2026-10-08 09:57:19,AIR,1.4,28.0,102.9,1007.0
575357,2026-10-08 09:57:19,ICE,41.7,530.0,103.7,53.0
575358,2026-10-08 09:57:19,WAT,0.0,0.0,102.7,910.0
575359,2026-10-08 09:57:19,MAC,7.5,82.0,102.7,894.0
575360,2026-10-08 10:00:20,AIR,1.4,28.0,102.9,1007.0
575361,2026-10-08 10:00:20,ICE,41.7,530.0,103.7,53.0
575362,2026-10-08 10:00:20,WAT,0.0,0.0,102.7,910.0
575363,2026-10-08 10:00:20,MAC,7.5,82.0,102.7,894.0
575364,2026-10-08 10:03:22,AIR,1.4,28.0,102.9,1007.0
575365,2026-10-08 10:03:22,ICE,41.7,530.0,103.7,53.0
575366,2026-10-08 10:03:22,WAT,0.0,0.0,102.7,910.0
575367,2026-10-08 10:03:22,MAC,7.5,82.0,102.7,894.0
575368,2026-10-08 10:06:23,AIR,1.4,28.0,102.9,1007.0
575369,2026-10-08 10:06:23,ICE,41.7,530.0,103.7,53.0
575370,2026-10-08 10:06:23,WAT,0.0,0.0,102.7,910.0
575371,2026-10-08 10:06:23,MAC,7.5,82.0,102.7,894.0
575372,2026-10-08 10:09:24,AIR,1.4,28.0,102.9,1007.0
575373,2026-10-08 10:09:24,ICE,41.7,530.0,103.7,53.0
575374,2026-10-08 10:09:24,WAT,0.0,0.0,102.7,910.0
575375,2026-10-08 10:09:24,MAC,7.5,82.0,102.7,894.0
575376,2026-10-08 10:12:25,AIR,1.4,28.0,102.9,1007.0
575377,2026-10-08 10:12:25,ICE,41.7,530.0,103.7,53.0
575378,2026-10-08 10:12:25,WAT,0.0,0.0,102.7,910.0
575379,2026-10-08 10:12:25,MAC,7.5,82.0,102.7,894.0
575380,2026-10-08 10:15:29,AIR,1.4,28.0,102.9,1007.0
575381,2026-10-08 10:15:29,ICE,41.7,530.0,103.7,53.0
575382,2026-10-08 10:15:29,WAT,0.0,0.0,102.7,910.0
575383,2026-10-08 10:15:29,MAC,7.5,82.0,102.7,894.0
575384,2026-10-08 10:18:30,AIR,1.4,28.0,102.9,1007.0
575385,2026-10-08 10:18:30,ICE,41.7,530.0,103.7,53.0
575386,2026-10-08 10:18:30,WAT,0.0,0.0,102.7,910.0
575387,2026-10-08 10:18:30,MAC,7.5,82.0,102.7,894.0
575388,2026-10-08 10:21:32,AIR,1.4,28.0,102.9,1007.0
575389,2026-10-08 10:21:32,ICE,41.7,530.0,103.7,53.0
575390,2026-10-08 10:21:32,WAT,0.0,0.0,102.7,910.0
575391,2026-10-08 10:21:32,MAC,7.5,82.0,102.7,894.0
575392,2026-10-08 10:24:33,AIR,1.4,28.0,102.9,1007.0
575393,2026-10-08 10:24:33,ICE,41.7,530.0,103.7,53.0
575394,2026-10-08 10:24:33,WAT,0.0,0.0,102.7,910.0
575395,2026-10-08 10:24:33,MAC,7.5,82.0,102.7,894.0
575396,2026-10-08 10:27:34,AIR,1.4,28.0,102.9,1007.0
575397,2026-10-08 10:27:34,ICE,41.7,530.0,103.7,53.0
575398,2026-10-08 10:27:34,WAT,0.0,0.0,102.7,910.0
575399,2026-10-08 10:27:34,MAC,7.5,82.0,102.7,894.0
575400,2026-10-08 10:30:36,AIR,1.4,28.0,102.9,1007.0
575401,2026-10-08 10:30:36,ICE,41.7,530.0,103.7,53.0
575402,2026-10-08 10:30:36,WAT,0.0,0.0,102.7,910.0
575403,2026-10-08 10:30:36,MAC,7.5,82.0,102.7,894.0
575404,2026-10-08 10:33:37,AIR,1.4,28.0,102.9,1007.0
575405,2026-10-08 10:33:37,ICE,41.7,530.0,103.7,53.0
575406,2026-10-08 10:33:37,WAT,0.0,0.0,102.7,910.0
575407,2026-10-08 10:33:37,MAC,7.5,82.0,102.7,894.0
575408,2026-10-08 10:36:39,AIR,1.4,28.0,102.9,1007.0
575409,2026-10-08 10:36:39,ICE,41.7,530.0,103.7,53.0
575410,2026-10-08 10:36:39,WAT,0.0,0.0,102.7,910.0
575411,2026-10-08 10:36:39,MAC,7.5,82.0,102.7,894.0
575412,2026-10-08 10:39:42,AIR,1.4,28.0,102.9,1007.0
575413,2026-10-08 10:39:42,ICE,41.7,530.0,103.7,53.0
575414,2026-10-08 10:39:42,WAT,0.0,0.0,102.7,910.0
575415,2026-10-08 10:39:42,MAC,7.5,82.0,102.7,894.0
575416,2026-10-08 10:42:43,AIR,1.4,28.0,102.9,1007.0
575417,2026-10-08 10:42:43,ICE,41.7,530.0,103.7,53.0
575418,2026-10-08 10:42:43,WAT,0.0,0.0,102.7,910.0
575419,2026-10-08 10:42:43,MAC,7.5,82.0,102.7,894.0
575420,2026-10-08 10:45:45,AIR,1.4,28.0,102.9,1007.0
575421,2026-10-08 10:45:45,ICE,41.7,530.0,103.7,53.0
575422,2026-10-08 10:45:45,WAT,0.0,0.0,102.7,910.0
575423,2026-10-08 10:45:45,MAC,7.5,82.0,102.7,894.0
575424,2026-10-08 10:48:46,AIR,1.4,28.0,102.9,1007.0
575425,2026-10-08 10:48:46,ICE,41.7,530.0,103.7,53.0
575426,2026-10-08 10:48:46,WAT,0.0,0.0,102.7,910.0
575427,2026-10-08 10:48:46,MAC,7.5,82.0,102.7,894.0
575428,2026-10-08 10:51:48,AIR,1.4,28.0,102.9,1007.0
575429,2026-10-08 10:51:48,ICE,41.7,530.0,103.7,53.0
575430,2026-10-08 10:51:48,WAT,0.0,0.0,102.7,910.0
575431,2026-10-08 10:51:48,MAC,7.5,82.0,102.7,894.0
575432,2026-10-08 10:54:49,AIR,1.4,28.0,102.9,1007.0
575433,2026-10-08 10:54:49,ICE,41.7,530.0,103.7,53.0
575434,2026-10-08 10:54:49,WAT,0.0,0.0,102.7,910.0
575435,2026-10-08 10:54:49,MAC,7.5,82.0,102.7,894.0
575436,2026-10-08 10:57:51,AIR,1.4,28.0,102.9,1007.0
575437,2026-10-08 10:57:51,ICE,41.7,530.0,103.7,53.0
575438,2026-10-08 10:57:51,WAT,0.0,0.0,102.7,910.0
575439,2026-10-08 10:57:51,MAC,7.5,82.0,102.7,894.0
575440,2026-10-08 11:00:52,AIR,1.4,28.0,102.9,1007.0
575441,2026-10-08 11:00:52,ICE,41.7,530.0,103.7,53.0
575442,2026-10-08 11:00:52,WAT,0.0,0.0,102.7,910.0
575443,2026-10-08 11:00:52,MAC,7.5,82.0,102.7,894.0
575444,2026-10-08 11:03:54,AIR,1.4,28.0,102.9,1007.0
575445,2026-10-08 11:03:54,ICE,41.7,530.0,103.7,53.0
575446,2026-10-08 11:03:54,WAT,0.0,0.0,102.7,910.0
575447,2026-10-08 11:03:54,MAC,7.5,82.0,102.7,894.0
575448,2026-10-08 11:06:55,AIR,1.4,28.0,102.9,1007.0
575449,2026-10-08 11:06:55,ICE,41.7,530.0,103.7,53.0
575450,2026-10-08 11:06:55,WAT,0.0,0.0,102.7,910.0
575451,2026-10-08 11:06:55,MAC,7.5,82.0,102.7,894.0
575452,2026-10-08 11:09:57,AIR,1.4,28.0,102.9,1007.0
575453,2026-10-08 11:09:57,ICE,41.7,530.0,103.7,53.0
575454,2026-10-08 11:09:57,WAT,0.0,0.0,102.7,910.0
575455,2026-10-08 11:09:57,MAC,7.5,82.0,102.7,894.0
575456,2026-10-08 11:12:58,AIR,1.4,28.0,102.9,1007.0
575457,2026-10-08 11:12:58,ICE,41.7,530.0,103.7,53.0
575458,2026-10-08 11:12:58,WAT,0.0,0.0,102.7,910.0
575459,2026-10-08 11:12:58,MAC,7.5,82.0,102.7,894.0
575460,2026-10-08 11:16:00,AIR,1.4,28.0,102.9,1007.0
575461,2026-10-08 11:16:00,ICE,41.7,530.0,103.7,53.0
575462,2026-10-08 11:16:00,WAT,0.0,0.0,102.7,910.0
575463,2026-10-08 11:16:00,MAC,7.5,82.0,102.7,894.0
575464,2026-10-08 11:19:01,AIR,1.4,28.0,102.9,1007.0
575465,2026-10-08 11:19:01,ICE,41.7,530.0,103.7,53.0
575466,2026-10-08 11:19:01,WAT,0.0,0.0,102.7,910.0
575467,2026-10-08 11:19:01,MAC,7.5,82.0,102.7,894.0
575468,2026-10-08 11:22:03,AIR,1.4,28.0,102.9,1007.0
575469,2026-10-08 11:22:03,ICE,41.7,530.0,103.7,53.0
575470,2026-10-08 11:22:03,WAT,0.0,0.0,102.7,910.0
575471,2026-10-08 11:22:03,MAC,7.5,82.0,102.7,894.0
575472,2026-10-08 11:25:04,AIR,1.4,28.0,102.9,1007.0
575473,2026-10-08 11:25:04,ICE,53.7,688.0,103.8,142.0
575474,2026-10-08 11:25:04,WAT,0.0,0.0,102.7,910.0
575475,2026-10-08 11:25:04,MAC,7.5,82.0,102.7,894.0
575476,2026-10-08 11:28:06,AIR,1.4,28.0,102.9,1007.0
575477,2026-10-08 11:28:06,ICE,53.7,688.0,103.8,142.0
575478,2026-10-08 11:28:06,WAT,0.0,0.0,102.7,910.0
575479,2026-10-08 11:28:06,MAC,7.5,82.0,102.7,894.0
575480,2026-10-08 11:31:07,AIR,1.4,28.0,102.9,1007.0
575481,2026-10-08 11:31:07,ICE,53.7,688.0,103.8,142.0
575482,2026-10-08 11:31:07,WAT,0.0,0.0,102.7,910.0
575483,2026-10-08 11:31:07,MAC,7.5,82.0,102.7,894.0
575484,2026-10-08 11:34:08,AIR,1.4,28.0,102.9,1007.0
575485,2026-10-08 11:34:08,ICE,64.2,804.0,103.8,153.0
575486,2026-10-08 11:34:08,WAT,0.0,0.0,102.7,910.0
575487,2026-10-08 11:34:08,MAC,7.5,82.0,102.7,894.0
575488,2026-10-08 11:37:10,AIR,1.4,28.0,102.9,1007.0
575489,2026-10-08 11:37:10,ICE,64.2,804.0,103.8,153.0
575490,2026-10-08 11:37:10,WAT,0.0,0.0,102.7,910.0
575491,2026-10-08 11:37:10,MAC,7.5,82.0,102.7,894.0
575492,2026-10-08 11:40:11,AIR,1.4,28.0,102.9,1007.0
575493,2026-10-08 11:40:11,ICE,64.2,804.0,103.8,153.0
575494,2026-10-08 11:40:11,WAT,0.0,0.0,102.7,910.0
575495,2026-10-08 11:40:11,MAC,7.5,82.0,102.7,894.0
575496,2026-10-08 11:43:13,AIR,1.4,28.0,102.9,1007.0
575497,2026-10-08 11:43:13,ICE,64.2,804.0,103.8,153.0
575498,2026-10-08 11:43:13,WAT,0.0,0.0,102.7,910.0
575499,2026-10-08 11:43:13,MAC,7.5,82.0,102.7,894.0
575500,2026-10-08 11:46:14,AIR,1.4,28.0,102.9,1007.0
575501,2026-10-08 11:46:14,ICE,64.2,804.0,103.8,153.0
575502,2026-10-08 11:46:14,WAT,0.0,0.0,102.7,910.0
575503,2026-10-08 11:46:14,MAC,7.5,82.0,102.7,894.0
575504,2026-10-08 11:49:16,AIR,1.4,28.0,102.9,1007.0
575505,2026-10-08 11:49:16,ICE,64.2,804.0,103.8,153.0
575506,2026-10-08 11:49:16,WAT,0.0,0.0,102.7,910.0
575507,2026-10-08 11:49:16,MAC,7.5,82.0,102.7,894.0
575508,2026-10-08 11:52:17,AIR,1.4,28.0,102.9,1007.0
575509,2026-10-08 11:52:17,ICE,64.2,804.0,103.8,153.0
575510,2026-10-08 11:52:17,WAT,0.0,0.0,102.7,910.0
575511,2026-10-08 11:52:17,MAC,7.5,82.0,102.7,894.0
575512,2026-10-08 11:55:19,AIR,1.4,28.0,102.9,1007.0
575513,2026-10-08 11:55:19,ICE,64.2,804.0,103.8,153.0
575514,2026-10-08 11:55:19,WAT,0.0,0.0,102.7,910.0
575515,2026-10-08 11:55:19,MAC,7.5,82.0,102.7,894.0
575516,2026-10-08 11:58:20,AIR,1.4,28.0,102.9,1007.0
575517,2026-10-08 11:58:20,ICE,64.2,804.0,103.8,153.0
575518,2026-10-08 11:58:20,WAT,0.0,0.0,102.7,910.0
575519,2026-10-08 11:58:20,MAC,7.5,82.0,102.7,894.0
575520,2026-10-08 12:01:21,AIR,1.4,28.0,102.9,1007.0
575521,2026-10-08 12:01:21,ICE,64.2,804.0,103.8,153.0
575522,2026-10-08 12:01:21,WAT,0.0,0.0,102.7,910.0
575523,2026-10-08 12:01:21,MAC,7.5,82.0,102.7,894.0
575524,2026-10-08 12:04:23,AIR,1.4,28.0,102.9,1007.0
575525,2026-10-08 12:04:23,ICE,64.2,804.0,103.8,153.0
575526,2026-10-08 12:04:23,WAT,0.0,0.0,102.7,910.0
575527,2026-10-08 12:04:23,MAC,7.5,82.0,102.7,894.0
575528,2026-10-08 12:07:24,AIR,1.4,28.0,102.9,1007.0
575529,2026-10-08 12:07:24,ICE,1.4,29.0,104.1,186.0
575530,2026-10-08 12:07:24,WAT,0.0,0.0,102.7,910.0
575531,2026-10-08 12:07:24,MAC,7.5,82.0,102.7,894.0
575532,2026-10-08 12:10:26,AIR,1.4,28.0,102.9,1007.0
575533,2026-10-08 12:10:26,ICE,1.4,29.0,104.1,186.0
575534,2026-10-08 12:10:26,WAT,0.0,0.0,102.7,910.0
575535,2026-10-08 12:10:26,MAC,7.5,82.0,102.7,894.0
575536,2026-10-08 12:13:27,AIR,1.4,28.0,102.9,1007.0
575537,2026-10-08 12:13:27,ICE,1.4,29.0,104.1,186.0
575538,2026-10-08 12:13:27,WAT,0.0,0.0,102.7,910.0
575539,2026-10-08 12:13:27,MAC,7.5,82.0,102.7,894.0
575540,2026-10-08 12:16:28,AIR,1.4,28.0,102.9,1007.0
575541,2026-10-08 12:16:28,ICE,1.4,29.0,104.1,186.0
575542,2026-10-08 12:16:28,WAT,0.0,0.0,102.7,910.0
575543,2026-10-08 12:16:28,MAC,7.5,82.0,102.7,894.0
575544,2026-10-08 12:19:30,AIR,1.4,28.0,102.9,1007.0
575545,2026-10-08 12:19:30,ICE,1.4,29.0,104.1,186.0
575546,2026-10-08 12:19:30,WAT,0.0,0.0,102.7,910.0
575547,2026-10-08 12:19:30,MAC,7.5,82.0,102.7,894.0
575548,2026-10-08 12:22:31,AIR,1.4,28.0,102.9,1007.0
575549,2026-10-08 12:22:31,ICE,38.6,492.0,103.8,202.0
575550,2026-10-08 12:22:31,WAT,0.0,0.0,102.7,910.0
575551,2026-10-08 12:22:31,MAC,7.5,82.0,102.7,894.0
575552,2026-10-08 12:25:31,AIR,1.4,28.0,102.9,1007.0
575553,2026-10-08 12:25:31,ICE,38.6,492.0,103.8,202.0
575554,2026-10-08 12:25:31,WAT,0.0,0.0,102.7,910.0
575555,2026-10-08 12:25:31,MAC,7.5,82.0,102.7,894.0
575556,2026-10-08 12:28:32,AIR,1.4,28.0,102.9,1007.0
575557,2026-10-08 12:28:32,ICE,38.6,492.0,103.8,202.0
575558,2026-10-08 12:28:32,WAT,0.0,0.0,102.7,910.0
575559,2026-10-08 12:28:32,MAC,7.5,82.0,102.7,894.0
575560,2026-10-08 12:31:33,AIR,1.4,28.0,102.9,1007.0
575561,2026-10-08 12:31:33,ICE,38.6,492.0,103.8,202.0
575562,2026-10-08 12:31:33,WAT,0.0,0.0,102.7,910.0
575563,2026-10-08 12:31:33,MAC,7.5,82.0,102.7,894.0
575564,2026-10-08 12:34:35,AIR,1.4,28.0,102.9,1007.0
575565,2026-10-08 12:34:35,ICE,38.6,492.0,103.8,202.0
575566,2026-10-08 12:34:35,WAT,0.0,0.0,102.7,910.0
575567,2026-10-08 12:34:35,MAC,7.5,82.0,102.7,894.0
575568,2026-10-08 12:37:37,AIR,1.4,28.0,102.9,1007.0
575569,2026-10-08 12:37:37,ICE,38.6,492.0,103.8,202.0
575570,2026-10-08 12:37:37,WAT,0.0,0.0,102.7,910.0
575571,2026-10-08 12:37:37,MAC,7.5,82.0,102.7,894.0
575572,2026-10-08 12:40:38,AIR,1.4,28.0,102.9,1007.0
575573,2026-10-08 12:40:38,ICE,38.6,492.0,103.8,202.0
575574,2026-10-08 12:40:38,WAT,0.0,0.0,102.7,910.0
575575,2026-10-08 12:40:38,MAC,7.5,82.0,102.7,894.0
575576,2026-10-08 12:43:39,AIR,1.4,28.0,102.9,1007.0
575577,2026-10-08 12:43:39,ICE,38.6,492.0,103.8,202.0
575578,2026-10-08 12:43:39,WAT,0.0,0.0,102.7,910.0
575579,2026-10-08 12:43:39,MAC,7.5,82.0,102.7,894.0
575580,2026-10-08 12:46:40,AIR,1.4,28.0,102.9,1007.0
575581,2026-10-08 12:46:40,ICE,38.6,492.0,103.8,202.0
575582,2026-10-08 12:46:40,WAT,0.0,0.0,102.7,910.0
575583,2026-10-08 12:46:40,MAC,7.5,82.0,102.7,894.0
575584,2026-10-08 12:49:42,AIR,1.4,28.0,102.9,1007.0
575585,2026-10-08 12:49:42,ICE,38.6,492.0,103.8,202.0
575586,2026-10-08 12:49:42,WAT,0.0,0.0,102.7,910.0
575587,2026-10-08 12:49:42,MAC,7.5,82.0,102.7,894.0
575588,2026-10-08 12:52:45,AIR,1.4,28.0,102.9,1007.0
575589,2026-10-08 12:52:45,ICE,38.6,492.0,103.8,202.0
575590,2026-10-08 12:52:45,WAT,0.0,0.0,102.7,910.0
575591,2026-10-08 12:52:45,MAC,7.5,82.0,102.7,894.0
575592,2026-10-08 12:55:47,AIR,1.4,28.0,102.9,1007.0
575593,2026-10-08 12:55:47,ICE,38.6,492.0,103.8,202.0
575594,2026-10-08 12:55:47,WAT,0.0,0.0,102.7,910.0
575595,2026-10-08 12:55:47,MAC,7.5,82.0,102.7,894.0
575596,2026-10-08 12:58:48,AIR,1.4,28.0,102.9,1007.0
575597,2026-10-08 12:58:48,ICE,38.6,492.0,103.8,202.0
575598,2026-10-08 12:58:48,WAT,0.0,0.0,102.7,910.0
575599,2026-10-08 12:58:48,MAC,7.5,82.0,102.7,894.0
575600,2026-10-08 13:01:50,AIR,1.4,28.0,102.9,1007.0
575601,2026-10-08 13:01:50,ICE,38.6,492.0,103.8,202.0
575602,2026-10-08 13:01:50,WAT,0.0,0.0,102.7,910.0
575603,2026-10-08 13:01:50,MAC,7.5,82.0,102.7,894.0
575604,2026-10-08 13:04:51,AIR,1.4,28.0,102.9,1007.0
575605,2026-10-08 13:04:51,ICE,38.6,492.0,103.8,202.0
575606,2026-10-08 13:04:51,WAT,0.0,0.0,102.7,910.0
575607,2026-10-08 13:04:51,MAC,7.5,82.0,102.7,894.0
575608,2026-10-08 13:07:53,AIR,1.4,28.0,102.9,1007.0
575609,2026-10-08 13:07:53,ICE,38.6,492.0,103.8,202.0
575610,2026-10-08 13:07:53,WAT,0.0,0.0,102.7,910.0
575611,2026-10-08 13:07:53,MAC,7.5,82.0,102.7,894.0
575612,2026-10-08 13:10:56,AIR,1.4,28.0,102.9,1007.0
575613,2026-10-08 13:10:56,ICE,38.6,492.0,103.8,202.0
575614,2026-10-08 13:10:56,WAT,0.0,0.0,102.7,910.0
575615,2026-10-08 13:10:56,MAC,7.5,82.0,102.7,894.0
575616,2026-10-08 13:13:57,AIR,1.4,28.0,102.9,1007.0
575617,2026-10-08 13:13:57,ICE,38.6,492.0,103.8,202.0
575618,2026-10-08 13:13:57,WAT,0.0,0.0,102.7,910.0
575619,2026-10-08 13:13:57,MAC,7.5,82.0,102.7,894.0
575620,2026-10-08 13:16:59,AIR,1.4,28.0,102.9,1007.0
575621,2026-10-08 13:16:59,ICE,38.6,492.0,103.8,202.0
575622,2026-10-08 13:16:59,WAT,0.0,0.0,102.7,910.0
575623,2026-10-08 13:16:59,MAC,7.5,82.0,102.7,894.0
575624,2026-10-08 13:20:00,AIR,1.4,28.0,102.9,1007.0
575625,2026-10-08 13:20:00,ICE,38.6,492.0,103.8,202.0
575626,2026-10-08 13:20:00,WAT,0.0,0.0,102.7,910.0
575627,2026-10-08 13:20:00,MAC,7.5,82.0,102.7,894.0
575628,2026-10-08 13:23:03,AIR,1.4,28.0,102.9,1007.0
575629,2026-10-08 13:23:03,ICE,38.6,492.0,103.8,202.0
575630,2026-10-08 13:23:03,WAT,0.0,0.0,102.7,910.0
575631,2026-10-08 13:23:03,MAC,7.5,82.0,102.7,894.0
575632,2026-10-08 13:26:04,AIR,1.4,28.0,102.9,1007.0
575633,2026-10-08 13:26:04,ICE,38.6,492.0,103.8,202.0
575634,2026-10-08 13:26:04,WAT,0.0,0.0,102.7,910.0
575635,2026-10-08 13:26:04,MAC,7.5,82.0,102.7,894.0
575636,2026-10-08 13:29:06,AIR,1.4,28.0,102.9,1007.0
575637,2026-10-08 13:29:06,ICE,38.6,492.0,103.8,202.0
575638,2026-10-08 13:29:06,WAT,0.0,0.0,102.7,910.0
575639,2026-10-08 13:29:06,MAC,7.5,82.0,102.7,894.0
575640,2026-10-08 13:32:07,AIR,1.4,28.0,102.9,1007.0
575641,2026-10-08 13:32:07,ICE,38.6,492.0,103.8,202.0
575642,2026-10-08 13:32:07,WAT,0.0,0.0,102.7,910.0
575643,2026-10-08 13:32:07,MAC,7.5,82.0,102.7,894.0
575644,2026-10-08 13:35:08,AIR,1.4,28.0,102.9,1007.0
575645,2026-10-08 13:35:08,ICE,38.6,492.0,103.8,202.0
575646,2026-10-08 13:35:08,WAT,0.0,0.0,102.7,910.0
575647,2026-10-08 13:35:08,MAC,7.5,82.0,102.7,894.0
575648,2026-10-08 13:38:10,AIR,1.4,28.0,102.9,1007.0
575649,2026-10-08 13:38:10,ICE,38.6,492.0,103.8,202.0
575650,2026-10-08 13:38:10,WAT,0.0,0.0,102.7,910.0
575651,2026-10-08 13:38:10,MAC,7.5,82.0,102.7,894.0
575652,2026-10-08 13:41:11,AIR,1.4,28.0,102.9,1007.0
575653,2026-10-08 13:41:11,ICE,38.6,492.0,103.8,202.0
575654,2026-10-08 13:41:11,WAT,0.0,0.0,102.7,910.0
575655,2026-10-08 13:41:11,MAC,7.5,82.0,102.7,894.0
575656,2026-10-08 13:44:13,AIR,1.4,28.0,102.9,1007.0
575657,2026-10-08 13:44:13,ICE,38.6,492.0,103.8,202.0
575658,2026-10-08 13:44:13,WAT,0.0,0.0,102.7,910.0
575659,2026-10-08 13:44:13,MAC,7.5,82.0,102.7,894.0
575660,2026-10-08 13:47:14,AIR,1.4,28.0,102.9,1007.0
575661,2026-10-08 13:47:14,ICE,1.4,29.0,103.7,287.0
575662,2026-10-08 13:47:14,WAT,0.0,0.0,102.7,910.0
575663,2026-10-08 13:47:14,MAC,7.5,82.0,102.7,894.0
575664,2026-10-08 13:50:16,AIR,1.4,28.0,102.9,1007.0
575665,2026-10-08 13:50:16,ICE,1.4,29.0,103.7,287.0
575666,2026-10-08 13:50:16,WAT,0.0,0.0,102.7,910.0
575667,2026-10-08 13:50:16,MAC,7.5,82.0,102.7,894.0
575668,2026-10-08 13:53:17,AIR,1.4,28.0,102.9,1007.0
575669,2026-10-08 13:53:17,ICE,1.4,29.0,103.7,287.0
575670,2026-10-08 13:53:17,WAT,0.0,0.0,102.7,910.0
575671,2026-10-08 13:53:17,MAC,7.5,82.0,102.7,894.0
575672,2026-10-08 13:56:18,AIR,1.4,28.0,102.9,1007.0
575673,2026-10-08 13:56:18,ICE,1.4,29.0,103.7,287.0
575674,2026-10-08 13:56:18,WAT,0.0,0.0,102.7,910.0
575675,2026-10-08 13:56:18,MAC,7.5,82.0,102.7,894.0
575676,2026-10-08 13:59:20,AIR,1.4,28.0,102.9,1007.0
575677,2026-10-08 13:59:20,ICE,38.6,492.0,103.8,297.0
575678,2026-10-08 13:59:20,WAT,0.0,0.0,102.7,910.0
575679,2026-10-08 13:59:20,MAC,7.5,82.0,102.7,894.0
575680,2026-10-08 14:02:21,AIR,1.4,28.0,102.9,1007.0
575681,2026-10-08 14:02:21,ICE,38.6,492.0,103.8,297.0
575682,2026-10-08 14:02:21,WAT,0.0,0.0,102.7,910.0
575683,2026-10-08 14:02:21,MAC,7.5,82.0,102.7,894.0
575684,2026-10-08 14:05:23,AIR,1.4,28.0,102.9,1007.0
575685,2026-10-08 14:05:23,ICE,38.6,492.0,103.8,297.0
575686,2026-10-08 14:05:23,WAT,0.0,0.0,102.7,910.0
575687,2026-10-08 14:05:23,MAC,7.5,82.0,102.7,894.0
575688,2026-10-08 14:08:24,AIR,1.4,28.0,102.9,1007.0
575689,2026-10-08 14:08:24,ICE,38.6,492.0,103.8,297.0
575690,2026-10-08 14:08:24,WAT,0.0,0.0,102.7,910.0
575691,2026-10-08 14:08:24,MAC,7.5,82.0,102.7,894.0
575692,2026-10-08 14:11:25,AIR,1.4,28.0,102.9,1007.0
575693,2026-10-08 14:11:25,ICE,38.6,492.0,103.8,297.0
575694,2026-10-08 14:11:25,WAT,0.0,0.0,102.7,910.0
575695,2026-10-08 14:11:25,MAC,7.5,82.0,102.7,894.0
575696,2026-10-08 14:14:27,AIR,1.4,28.0,102.9,1007.0
575697,2026-10-08 14:14:27,ICE,38.6,492.0,103.8,297.0
575698,2026-10-08 14:14:27,WAT,0.0,0.0,102.7,910.0
575699,2026-10-08 14:14:27,MAC,7.5,82.0,102.7,894.0
575700,2026-10-08 14:17:28,AIR,1.4,28.0,102.9,1007.0
575701,2026-10-08 14:17:28,ICE,38.6,492.0,103.8,297.0
575702,2026-10-08 14:17:28,WAT,0.0,0.0,102.7,910.0
575703,2026-10-08 14:17:28,MAC,7.5,82.0,102.7,894.0
575704,2026-10-08 14:20:30,AIR,1.4,28.0,102.9,1007.0
575705,2026-10-08 14:20:30,ICE,38.6,492.0,103.8,297.0
575706,2026-10-08 14:20:30,WAT,0.0,0.0,102.7,910.0
575707,2026-10-08 14:20:30,MAC,7.5,82.0,102.7,894.0
575708,2026-10-08 14:23:31,AIR,1.4,28.0,102.9,1007.0
575709,2026-10-08 14:23:31,ICE,38.6,492.0,103.8,297.0
575710,2026-10-08 14:23:31,WAT,0.0,0.0,102.7,910.0
575711,2026-10-08 14:23:31,MAC,7.5,82.0,102.7,894.0
575712,2026-10-08 14:26:32,AIR,1.4,28.0,102.9,1007.0
575713,2026-10-08 14:26:32,ICE,38.6,492.0,103.8,297.0
575714,2026-10-08 14:26:32,WAT,0.0,0.0,102.7,910.0
575715,2026-10-08 14:26:32,MAC,7.5,82.0,102.7,894.0
575716,2026-10-08 14:29:34,AIR,1.4,28.0,102.9,1007.0
575717,2026-10-08 14:29:34,ICE,38.6,492.0,103.8,297.0
575718,2026-10-08 14:29:34,WAT,0.0,0.0,102.7,910.0
575719,2026-10-08 14:29:34,MAC,7.5,82.0,102.7,894.0
575720,2026-10-08 14:32:35,AIR,1.4,28.0,102.9,1007.0
575721,2026-10-08 14:32:35,ICE,38.6,492.0,103.8,297.0
575722,2026-10-08 14:32:35,WAT,0.0,0.0,102.7,910.0
575723,2026-10-08 14:32:35,MAC,7.5,82.0,102.7,894.0
575724,2026-10-08 14:35:37,AIR,1.4,28.0,102.9,1007.0
575725,2026-10-08 14:35:37,ICE,38.6,492.0,103.8,297.0
575726,2026-10-08 14:35:37,WAT,0.0,0.0,102.7,910.0
575727,2026-10-08 14:35:37,MAC,7.5,82.0,102.7,894.0
575728,2026-10-08 14:38:38,AIR,1.4,28.0,102.9,1007.0
575729,2026-10-08 14:38:38,ICE,38.6,492.0,103.8,297.0
575730,2026-10-08 14:38:38,WAT,0.0,0.0,102.7,910.0
575731,2026-10-08 14:38:38,MAC,7.5,82.0,102.7,894.0
575732,2026-10-08 14:41:40,AIR,1.4,28.0,102.9,1007.0
575733,2026-10-08 14:41:40,ICE,38.6,492.0,103.8,297.0
575734,2026-10-08 14:41:40,WAT,0.0,0.0,102.7,910.0
575735,2026-10-08 14:41:40,MAC,7.5,82.0,102.7,894.0
575736,2026-10-08 14:44:41,AIR,1.4,28.0,102.9,1007.0
575737,2026-10-08 14:44:41,ICE,38.6,492.0,103.8,297.0
575738,2026-10-08 14:44:41,WAT,0.0,0.0,102.7,910.0
575739,2026-10-08 14:44:41,MAC,7.5,82.0,102.7,894.0
575740,2026-10-08 14:47:43,AIR,1.4,28.0,102.9,1007.0
575741,2026-10-08 14:47:43,ICE,38.6,492.0,103.8,297.0
575742,2026-10-08 14:47:43,WAT,0.0,0.0,102.7,910.0
575743,2026-10-08 14:47:43,MAC,7.5,82.0,102.7,894.0
575744,2026-10-08 14:50:44,AIR,1.4,28.0,102.9,1007.0
575745,2026-10-08 14:50:44,ICE,38.6,492.0,103.8,297.0
575746,2026-10-08 14:50:44,WAT,0.0,0.0,102.7,910.0
575747,2026-10-08 14:50:44,MAC,7.5,82.0,102.7,894.0
575748,2026-10-08 14:53:45,AIR,1.4,28.0,102.9,1007.0
575749,2026-10-08 14:53:45,ICE,38.6,492.0,103.8,297.0
575750,2026-10-08 14:53:45,WAT,0.0,0.0,102.7,910.0
575751,2026-10-08 14:53:45,MAC,7.5,82.0,102.7,894.0
575752,2026-10-08 14:56:47,AIR,1.4,28.0,102.9,1007.0
575753,2026-10-08 14:56:47,ICE,38.6,492.0,103.8,297.0
575754,2026-10-08 14:56:47,WAT,0.0,0.0,102.7,910.0
575755,2026-10-08 14:56:47,MAC,7.5,82.0,102.7,894.0
575756,2026-10-08 14:59:49,AIR,1.4,28.0,102.9,1007.0
575757,2026-10-08 14:59:49,ICE,38.6,492.0,103.8,297.0
575758,2026-10-08 14:59:49,WAT,0.0,0.0,102.7,910.0
575759,2026-10-08 14:59:49,MAC,7.5,82.0,102.7,894.0
575760,2026-10-08 15:02:50,AIR,1.4,28.0,102.9,1007.0
575761,2026-10-08 15:02:50,ICE,38.6,492.0,103.8,297.0
575762,2026-10-08 15:02:50,WAT,0.0,0.0,102.7,910.0
575763,2026-10-08 15:02:50,MAC,7.5,82.0,102.7,894.0
575764,2026-10-08 15:05:52,AIR,1.4,28.0,102.9,1007.0
575765,2026-10-08 15:05:52,ICE,38.6,492.0,103.8,297.0
575766,2026-10-08 15:05:52,WAT,0.0,0.0,102.7,910.0
575767,2026-10-08 15:05:52,MAC,7.5,82.0,102.7,894.0
575768,2026-10-08 15:08:53,AIR,1.4,28.0,102.9,1007.0
575769,2026-10-08 15:08:53,ICE,38.6,492.0,103.8,297.0
575770,2026-10-08 15:08:53,WAT,0.0,0.0,102.7,910.0
575771,2026-10-08 15:08:53,MAC,7.5,82.0,102.7,894.0
575772,2026-10-08 15:11:54,AIR,1.4,28.0,102.9,1007.0
575773,2026-10-08 15:11:54,ICE,38.6,492.0,103.8,297.0
575774,2026-10-08 15:11:54,WAT,0.0,0.0,102.7,910.0
575775,2026-10-08 15:11:54,MAC,7.5,82.0,102.7,894.0
575776,2026-10-08 15:14:55,AIR,1.4,28.0,102.9,1007.0
575777,2026-10-08 15:14:55,ICE,38.6,492.0,103.8,297.0
575778,2026-10-08 15:14:55,WAT,0.0,0.0,102.7,910.0
575779,2026-10-08 15:14:55,MAC,7.5,82.0,102.7,894.0
575780,2026-10-08 15:17:57,AIR,1.4,28.0,102.9,1007.0
575781,2026-10-08 15:17:57,ICE,38.6,492.0,103.8,297.0
575782,2026-10-08 15:17:57,WAT,0.0,0.0,102.7,910.0
575783,2026-10-08 15:17:57,MAC,7.5,82.0,102.7,894.0
575784,2026-10-08 15:20:58,AIR,1.4,28.0,102.9,1007.0
575785,2026-10-08 15:20:58,ICE,38.6,492.0,103.8,297.0
575786,2026-10-08 15:20:58,WAT,0.0,0.0,102.7,910.0
575787,2026-10-08 15:20:58,MAC,7.5,82.0,102.7,894.0
575788,2026-10-08 15:24:00,AIR,1.4,28.0,102.9,1007.0
575789,2026-10-08 15:24:00,ICE,38.6,492.0,103.8,297.0
575790,2026-10-08 15:24:00,WAT,0.0,0.0,102.7,910.0
575791,2026-10-08 15:24:00,MAC,7.5,82.0,102.7,894.0
575792,2026-10-08 15:27:01,AIR,1.4,28.0,102.9,1007.0
575793,2026-10-08 15:27:01,ICE,61.7,784.0,103.3,387.0
575794,2026-10-08 15:27:01,WAT,0.0,0.0,102.7,910.0
575795,2026-10-08 15:27:01,MAC,7.5,82.0,102.7,894.0
575796,2026-10-08 15:30:03,AIR,1.4,28.0,102.9,1007.0
575797,2026-10-08 15:30:03,ICE,61.7,784.0,103.3,387.0
575798,2026-10-08 15:30:03,WAT,0.0,0.0,102.7,910.0
575799,2026-10-08 15:30:03,MAC,7.5,82.0,102.7,894.0
575800,2026-10-08 15:33:08,AIR,1.4,28.0,102.9,1007.0
575801,2026-10-08 15:33:08,ICE,61.7,784.0,103.3,387.0
575802,2026-10-08 15:33:08,WAT,0.0,0.0,102.7,910.0
575803,2026-10-08 15:33:08,MAC,7.5,82.0,102.7,894.0
575804,2026-10-08 15:36:10,AIR,1.4,28.0,102.9,1007.0
575805,2026-10-08 15:36:10,ICE,61.7,784.0,103.3,387.0
575806,2026-10-08 15:36:10,WAT,0.0,0.0,102.7,910.0
575807,2026-10-08 15:36:10,MAC,7.5,82.0,102.7,894.0
575808,2026-10-08 15:39:11,AIR,1.4,28.0,102.9,1007.0
575809,2026-10-08 15:39:11,ICE,61.7,784.0,103.3,387.0
575810,2026-10-08 15:39:11,WAT,0.0,0.0,102.7,910.0
575811,2026-10-08 15:39:11,MAC,7.5,82.0,102.7,894.0
575812,2026-10-08 15:42:12,AIR,1.4,28.0,102.9,1007.0
575813,2026-10-08 15:42:12,ICE,61.7,784.0,103.3,387.0
575814,2026-10-08 15:42:12,WAT,0.0,0.0,102.7,910.0
575815,2026-10-08 15:42:12,MAC,4.4,66.0,103.5,402.0
575816,2026-10-08 15:45:14,AIR,1.4,28.0,102.9,1007.0
575817,2026-10-08 15:45:14,ICE,61.7,784.0,103.3,387.0
575818,2026-10-08 15:45:14,WAT,0.0,0.0,102.7,910.0
575819,2026-10-08 15:45:14,MAC,4.4,66.0,103.5,402.0
575820,2026-10-08 15:48:15,AIR,1.4,28.0,102.9,1007.0
575821,2026-10-08 15:48:15,ICE,61.7,784.0,103.3,387.0
575822,2026-10-08 15:48:15,WAT,0.0,0.0,102.7,910.0
575823,2026-10-08 15:48:15,MAC,4.4,66.0,103.5,402.0
575824,2026-10-08 15:51:17,AIR,1.4,28.0,102.9,1007.0
575825,2026-10-08 15:51:17,ICE,61.7,784.0,103.3,387.0
575826,2026-10-08 15:51:17,WAT,0.0,0.0,102.7,910.0
575827,2026-10-08 15:51:17,MAC,4.4,66.0,103.5,402.0
575828,2026-10-08 15:54:18,AIR,1.4,28.0,102.9,1007.0
575829,2026-10-08 15:54:18,ICE,61.7,784.0,103.3,387.0
575830,2026-10-08 15:54:18,WAT,0.0,0.0,102.7,910.0
575831,2026-10-08 15:54:18,MAC,4.4,66.0,103.5,402.0
575832,2026-10-08 15:57:20,AIR,1.4,28.0,102.9,1007.0
575833,2026-10-08 15:57:20,ICE,61.7,784.0,103.3,387.0
575834,2026-10-08 15:57:20,WAT,0.0,0.0,102.7,910.0
575835,2026-10-08 15:57:20,MAC,4.4,66.0,103.5,402.0
575836,2026-10-08 16:00:21,AIR,1.4,28.0,102.9,1007.0
575837,2026-10-08 16:00:21,ICE,61.7,784.0,103.3,387.0
575838,2026-10-08 16:00:21,WAT,0.0,0.0,102.7,910.0
575839,2026-10-08 16:00:21,MAC,4.4,66.0,103.5,402.0
575840,2026-10-08 16:03:23,AIR,1.4,28.0,102.9,1007.0
575841,2026-10-08 16:03:23,ICE,1.4,29.0,104.3,420.0
575842,2026-10-08 16:03:23,WAT,0.0,0.0,102.7,910.0
575843,2026-10-08 16:03:23,MAC,4.4,66.0,103.5,402.0
575844,2026-10-08 16:06:24,AIR,1.4,28.0,102.9,1007.0
575845,2026-10-08 16:06:24,ICE,1.4,29.0,104.3,420.0
575846,2026-10-08 16:06:24,WAT,0.0,0.0,102.7,910.0
575847,2026-10-08 16:06:24,MAC,4.4,66.0,103.5,402.0
575848,2026-10-08 16:09:26,AIR,1.4,28.0,102.9,1007.0
575849,2026-10-08 16:09:26,ICE,1.4,29.0,104.3,420.0
575850,2026-10-08 16:09:26,WAT,0.0,0.0,102.7,910.0
575851,2026-10-08 16:09:26,MAC,4.4,66.0,103.5,402.0
575852,2026-10-08 16:12:27,AIR,1.4,28.0,102.9,1007.0
575853,2026-10-08 16:12:27,ICE,1.4,29.0,104.3,420.0
575854,2026-10-08 16:12:27,WAT,0.0,0.0,102.7,910.0
575855,2026-10-08 16:12:27,MAC,4.4,66.0,103.5,402.0
575856,2026-10-08 16:15:28,AIR,1.4,28.0,102.9,1007.0
575857,2026-10-08 16:15:28,ICE,49.7,648.0,103.8,435.0
575858,2026-10-08 16:15:28,WAT,0.0,0.0,102.7,910.0
575859,2026-10-08 16:15:28,MAC,4.4,66.0,103.5,402.0
575860,2026-10-08 16:18:29,AIR,1.4,28.0,102.9,1007.0
575861,2026-10-08 16:18:29,ICE,39.1,494.0,104.1,436.0
575862,2026-10-08 16:18:29,WAT,0.0,0.0,102.7,910.0
575863,2026-10-08 16:18:29,MAC,4.4,66.0,103.5,402.0
575864,2026-10-08 16:21:31,AIR,1.4,28.0,102.9,1007.0
575865,2026-10-08 16:21:31,ICE,39.1,494.0,104.1,436.0
575866,2026-10-08 16:21:31,WAT,0.0,0.0,102.7,910.0
575867,2026-10-08 16:21:31,MAC,4.4,66.0,103.5,402.0
575868,2026-10-08 16:24:32,AIR,1.4,28.0,102.9,1007.0
575869,2026-10-08 16:24:32,ICE,39.1,494.0,104.1,436.0
575870,2026-10-08 16:24:32,WAT,0.0,0.0,102.7,910.0
575871,2026-10-08 16:24:32,MAC,4.4,66.0,103.5,402.0
575872,2026-10-08 16:27:33,AIR,1.4,28.0,102.9,1007.0
575873,2026-10-08 16:27:33,ICE,39.1,494.0,104.1,436.0
575874,2026-10-08 16:27:33,WAT,0.0,0.0,102.7,910.0
575875,2026-10-08 16:27:33,MAC,4.4,66.0,103.5,402.0
575876,2026-10-08 16:30:35,AIR,1.4,28.0,102.9,1007.0
575877,2026-10-08 16:30:35,ICE,39.1,494.0,104.1,436.0
575878,2026-10-08 16:30:35,WAT,0.0,0.0,102.7,910.0
575879,2026-10-08 16:30:35,MAC,4.4,66.0,103.5,402.0
575880,2026-10-08 16:33:37,AIR,1.4,28.0,102.9,1007.0
575881,2026-10-08 16:33:37,ICE,39.1,494.0,104.1,436.0
575882,2026-10-08 16:33:37,WAT,0.0,0.0,102.7,910.0
575883,2026-10-08 16:33:37,MAC,4.4,66.0,103.5,402.0
575884,2026-10-08 16:36:39,AIR,1.4,28.0,102.9,1007.0
575885,2026-10-08 16:36:39,ICE,39.1,494.0,104.1,436.0
575886,2026-10-08 16:36:39,WAT,0.0,0.0,102.7,910.0
575887,2026-10-08 16:36:39,MAC,4.4,66.0,103.5,402.0
575888,2026-10-08 16:39:40,AIR,1.4,28.0,102.9,1007.0
575889,2026-10-08 16:39:40,ICE,39.1,494.0,104.1,436.0
575890,2026-10-08 16:39:40,WAT,0.0,0.0,102.7,910.0
575891,2026-10-08 16:39:40,MAC,4.4,66.0,103.5,402.0
575892,2026-10-08 16:42:41,AIR,1.4,28.0,102.9,1007.0
575893,2026-10-08 16:42:41,ICE,39.1,494.0,104.1,436.0
575894,2026-10-08 16:42:41,WAT,0.0,0.0,102.7,910.0
575895,2026-10-08 16:42:41,MAC,4.4,66.0,103.5,402.0
575896,2026-10-08 16:45:43,AIR,1.4,28.0,102.9,1007.0
575897,2026-10-08 16:45:43,ICE,39.1,494.0,104.1,436.0
575898,2026-10-08 16:45:43,WAT,0.0,0.0,102.7,910.0
575899,2026-10-08 16:45:43,MAC,4.4,66.0,103.5,402.0
575900,2026-10-08 16:48:44,AIR,1.4,28.0,102.9,1007.0
575901,2026-10-08 16:48:44,ICE,39.1,494.0,104.1,436.0
575902,2026-10-08 16:48:44,WAT,0.0,0.0,102.7,910.0
575903,2026-10-08 16:48:44,MAC,4.4,66.0,103.5,402.0
575904,2026-10-08 16:51:46,AIR,1.4,28.0,102.9,1007.0
575905,2026-10-08 16:51:46,ICE,39.1,494.0,104.1,436.0
575906,2026-10-08 16:51:46,WAT,0.0,0.0,102.7,910.0
575907,2026-10-08 16:51:46,MAC,4.4,66.0,103.5,402.0
575908,2026-10-08 16:54:47,AIR,1.4,28.0,102.9,1007.0
575909,2026-10-08 16:54:47,ICE,39.1,494.0,104.1,436.0
575910,2026-10-08 16:54:47,WAT,0.0,0.0,102.7,910.0
575911,2026-10-08 16:54:47,MAC,4.4,66.0,103.5,402.0
575912,2026-10-08 16:57:48,AIR,1.4,28.0,102.9,1007.0
575913,2026-10-08 16:57:48,ICE,39.1,494.0,104.1,436.0
575914,2026-10-08 16:57:48,WAT,0.0,0.0,102.7,910.0
575915,2026-10-08 16:57:48,MAC,4.4,66.0,103.5,402.0
575916,2026-10-08 17:00:50,AIR,1.4,28.0,102.9,1007.0
575917,2026-10-08 17:00:50,ICE,39.1,494.0,104.1,436.0
575918,2026-10-08 17:00:50,WAT,0.0,0.0,102.7,910.0
575919,2026-10-08 17:00:50,MAC,4.4,66.0,103.5,402.0
575920,2026-10-08 17:03:53,AIR,1.4,28.0,102.9,1007.0
575921,2026-10-08 17:03:53,ICE,39.1,494.0,104.1,436.0
575922,2026-10-08 17:03:53,WAT,0.0,0.0,102.7,910.0
575923,2026-10-08 17:03:53,MAC,4.4,66.0,103.5,402.0
575924,2026-10-08 17:06:54,AIR,1.4,28.0,102.9,1007.0
575925,2026-10-08 17:06:54,ICE,39.1,494.0,104.1,436.0
575926,2026-10-08 17:06:54,WAT,0.0,0.0,102.7,910.0
575927,2026-10-08 17:06:54,MAC,4.4,66.0,103.5,402.0
575928,2026-10-08 17:09:56,AIR,1.4,28.0,102.9,1007.0
575929,2026-10-08 17:09:56,ICE,39.1,494.0,104.1,436.0
575930,2026-10-08 17:09:56,WAT,0.0,0.0,102.7,910.0
575931,2026-10-08 17:09:56,MAC,4.4,66.0,103.5,402.0
575932,2026-10-08 17:12:57,AIR,1.4,28.0,102.9,1007.0
575933,2026-10-08 17:12:57,ICE,39.1,494.0,104.1,436.0
575934,2026-10-08 17:12:57,WAT,0.0,0.0,102.7,910.0
575935,2026-10-08 17:12:57,MAC,4.4,66.0,103.5,402.0
575936,2026-10-08 17:15:58,AIR,1.4,28.0,102.9,1007.0
575937,2026-10-08 17:15:58,ICE,39.1,494.0,104.1,436.0
575938,2026-10-08 17:15:58,WAT,0.0,0.0,102.7,910.0
575939,2026-10-08 17:15:58,MAC,4.4,66.0,103.5,402.0
575940,2026-10-08 17:19:00,AIR,1.4,28.0,102.9,1007.0
575941,2026-10-08 17:19:00,ICE,39.1,494.0,104.1,436.0
575942,2026-10-08 17:19:00,WAT,0.0,0.0,102.7,910.0
575943,2026-10-08 17:19:00,MAC,4.4,66.0,103.5,402.0
575944,2026-10-08 17:22:02,AIR,1.4,28.0,102.9,1007.0
575945,2026-10-08 17:22:02,ICE,39.1,494.0,104.1,436.0
575946,2026-10-08 17:22:02,WAT,0.0,0.0,102.7,910.0
575947,2026-10-08 17:22:02,MAC,4.4,66.0,103.5,402.0
575948,2026-10-08 17:25:03,AIR,1.4,28.0,102.9,1007.0
575949,2026-10-08 17:25:03,ICE,39.1,494.0,104.1,436.0
575950,2026-10-08 17:25:03,WAT,0.0,0.0,102.7,910.0
575951,2026-10-08 17:25:03,MAC,4.4,66.0,103.5,402.0
575952,2026-10-08 17:28:05,AIR,1.4,28.0,102.9,1007.0
575953,2026-10-08 17:28:05,ICE,39.1,494.0,104.1,436.0
575954,2026-10-08 17:28:05,WAT,0.0,0.0,102.7,910.0
575955,2026-10-08 17:28:05,MAC,4.4,66.0,103.5,402.0
575956,2026-10-08 17:31:06,AIR,1.4,28.0,102.9,1007.0
575957,2026-10-08 17:31:06,ICE,39.1,494.0,104.1,436.0
575958,2026-10-08 17:31:06,WAT,0.0,0.0,102.7,910.0
575959,2026-10-08 17:31:06,MAC,4.4,66.0,103.5,402.0
575960,2026-10-08 17:34:08,AIR,1.4,28.0,102.9,1007.0
575961,2026-10-08 17:34:08,ICE,39.1,494.0,104.1,436.0
575962,2026-10-08 17:34:08,WAT,0.0,0.0,102.7,910.0
575963,2026-10-08 17:34:08,MAC,4.4,66.0,103.5,402.0
575964,2026-10-08 17:37:10,AIR,1.4,28.0,102.9,1007.0
575965,2026-10-08 17:37:10,ICE,39.1,494.0,104.1,436.0
575966,2026-10-08 17:37:10,WAT,0.0,0.0,102.7,910.0
575967,2026-10-08 17:37:10,MAC,4.4,66.0,103.5,402.0
575968,2026-10-08 17:40:11,AIR,1.4,28.0,102.9,1007.0
575969,2026-10-08 17:40:11,ICE,39.1,494.0,104.1,436.0
575970,2026-10-08 17:40:11,WAT,0.0,0.0,102.7,910.0
575971,2026-10-08 17:40:11,MAC,4.4,66.0,103.5,402.0
575972,2026-10-08 17:43:13,AIR,1.4,28.0,102.9,1007.0
575973,2026-10-08 17:43:13,ICE,39.1,494.0,104.1,436.0
575974,2026-10-08 17:43:13,WAT,0.0,0.0,102.7,910.0
575975,2026-10-08 17:43:13,MAC,4.4,66.0,103.5,402.0
575976,2026-10-08 17:46:14,AIR,1.4,28.0,102.9,1007.0
575977,2026-10-08 17:46:14,ICE,61.2,778.0,103.3,525.0
575978,2026-10-08 17:46:14,WAT,0.0,0.0,102.7,910.0
575979,2026-10-08 17:46:14,MAC,4.4,66.0,103.5,402.0
575980,2026-10-08 17:49:16,AIR,1.4,28.0,102.9,1007.0
575981,2026-10-08 17:49:16,ICE,61.2,778.0,103.3,525.0
575982,2026-10-08 17:49:16,WAT,0.0,0.0,102.7,910.0
575983,2026-10-08 17:49:16,MAC,4.4,66.0,103.5,402.0
575984,2026-10-08 17:52:17,AIR,1.4,28.0,102.9,1007.0
575985,2026-10-08 17:52:17,ICE,61.2,778.0,103.3,525.0
575986,2026-10-08 17:52:17,WAT,0.0,0.0,102.7,910.0
575987,2026-10-08 17:52:17,MAC,4.4,66.0,103.5,402.0
575988,2026-10-08 17:55:19,AIR,1.4,28.0,102.9,1007.0
575989,2026-10-08 17:55:19,ICE,61.2,778.0,103.3,525.0
575990,2026-10-08 17:55:19,WAT,0.0,0.0,102.7,910.0
575991,2026-10-08 17:55:19,MAC,4.4,66.0,103.5,402.0
575992,2026-10-08 17:58:20,AIR,1.4,28.0,102.9,1007.0
575993,2026-10-08 17:58:20,ICE,61.2,778.0,103.3,525.0
575994,2026-10-08 17:58:20,WAT,0.0,0.0,102.7,910.0
575995,2026-10-08 17:58:20,MAC,4.4,66.0,103.5,402.0
575996,2026-10-08 18:01:22,AIR,1.4,28.0,102.9,1007.0
575997,2026-10-08 18:01:22,ICE,61.2,778.0,103.3,525.0
575998,2026-10-08 18:01:22,WAT,0.0,0.0,102.7,910.0
575999,2026-10-08 18:01:22,MAC,4.4,66.0,103.5,402.0
576000,2026-10-08 18:04:23,AIR,1.4,28.0,102.9,1007.0
576001,2026-10-08 18:04:23,ICE,61.2,778.0,103.3,525.0
576002,2026-10-08 18:04:23,WAT,0.0,0.0,102.7,910.0
576003,2026-10-08 18:04:23,MAC,4.4,66.0,103.5,402.0
576004,2026-10-08 18:07:25,AIR,1.4,28.0,102.9,1007.0
576005,2026-10-08 18:07:25,ICE,61.2,778.0,103.3,525.0
576006,2026-10-08 18:07:25,WAT,0.0,0.0,102.7,910.0
576007,2026-10-08 18:07:25,MAC,4.4,66.0,103.5,402.0
576008,2026-10-08 18:10:26,AIR,1.4,28.0,102.9,1007.0
576009,2026-10-08 18:10:26,ICE,61.2,778.0,103.3,525.0
576010,2026-10-08 18:10:26,WAT,0.0,0.0,102.7,910.0
576011,2026-10-08 18:10:26,MAC,4.4,66.0,103.5,402.0
576012,2026-10-08 18:13:27,AIR,1.4,28.0,102.9,1007.0
576013,2026-10-08 18:13:27,ICE,61.2,778.0,103.3,525.0
576014,2026-10-08 18:13:27,WAT,0.0,0.0,102.7,910.0
576015,2026-10-08 18:13:27,MAC,4.4,66.0,103.5,402.0
576016,2026-10-08 18:16:29,AIR,1.4,28.0,102.9,1007.0
576017,2026-10-08 18:16:29,ICE,61.2,778.0,103.3,525.0
576018,2026-10-08 18:16:29,WAT,0.0,0.0,102.7,910.0
576019,2026-10-08 18:16:29,MAC,4.4,66.0,103.5,402.0
576020,2026-10-08 18:19:31,AIR,1.4,28.0,102.9,1007.0
576021,2026-10-08 18:19:31,ICE,61.2,778.0,103.3,525.0
576022,2026-10-08 18:19:31,WAT,0.0,0.0,102.7,910.0
576023,2026-10-08 18:19:31,MAC,4.4,66.0,103.5,402.0
576024,2026-10-08 18:22:32,AIR,1.4,28.0,102.9,1007.0
576025,2026-10-08 18:22:32,ICE,3.0,29.0,103.3,561.0
576026,2026-10-08 18:22:32,WAT,0.0,0.0,102.7,910.0
576027,2026-10-08 18:22:32,MAC,4.4,66.0,103.5,402.0
576028,2026-10-08 18:25:34,AIR,1.4,28.0,102.9,1007.0
576029,2026-10-08 18:25:34,ICE,3.0,29.0,103.3,561.0
576030,2026-10-08 18:25:34,WAT,0.0,0.0,102.7,910.0
576031,2026-10-08 18:25:34,MAC,4.4,66.0,103.5,402.0
576032,2026-10-08 18:28:35,AIR,1.4,28.0,102.9,1007.0
576033,2026-10-08 18:28:35,ICE,3.0,29.0,103.3,561.0
576034,2026-10-08 18:28:35,WAT,0.0,0.0,102.7,910.0
576035,2026-10-08 18:28:35,MAC,4.4,66.0,103.5,402.0
576036,2026-10-08 18:31:37,AIR,1.4,28.0,102.9,1007.0
576037,2026-10-08 18:31:37,ICE,3.0,29.0,103.3,561.0
576038,2026-10-08 18:31:37,WAT,0.0,0.0,102.7,910.0
576039,2026-10-08 18:31:37,MAC,4.4,66.0,103.5,402.0
576040,2026-10-08 18:34:39,AIR,1.4,28.0,102.9,1007.0
576041,2026-10-08 18:34:39,ICE,3.0,29.0,103.3,561.0
576042,2026-10-08 18:34:39,WAT,0.0,0.0,102.7,910.0
576043,2026-10-08 18:34:39,MAC,4.4,66.0,103.5,402.0
576044,2026-10-08 18:37:40,AIR,1.4,28.0,102.9,1007.0
576045,2026-10-08 18:37:40,ICE,50.2,649.0,103.8,576.0
576046,2026-10-08 18:37:40,WAT,0.0,0.0,102.7,910.0
576047,2026-10-08 18:37:40,MAC,4.4,66.0,103.5,402.0
576048,2026-10-08 18:40:41,AIR,1.4,28.0,102.9,1007.0
576049,2026-10-08 18:40:41,ICE,38.3,487.0,103.7,577.0
576050,2026-10-08 18:40:41,WAT,0.0,0.0,102.7,910.0
576051,2026-10-08 18:40:41,MAC,4.4,66.0,103.5,402.0
576052,2026-10-08 18:43:43,AIR,1.4,28.0,102.9,1007.0
576053,2026-10-08 18:43:43,ICE,38.3,487.0,103.7,577.0
576054,2026-10-08 18:43:43,WAT,0.0,0.0,102.7,910.0
576055,2026-10-08 18:43:43,MAC,4.4,66.0,103.5,402.0
576056,2026-10-08 18:46:44,AIR,1.4,28.0,102.9,1007.0
576057,2026-10-08 18:46:44,ICE,38.3,487.0,103.7,577.0
576058,2026-10-08 18:46:44,WAT,0.0,0.0,102.7,910.0
576059,2026-10-08 18:46:44,MAC,4.4,66.0,103.5,402.0
576060,2026-10-08 18:49:46,AIR,1.4,28.0,102.9,1007.0
576061,2026-10-08 18:49:46,ICE,38.3,487.0,103.7,577.0
576062,2026-10-08 18:49:46,WAT,0.0,0.0,102.7,910.0
576063,2026-10-08 18:49:46,MAC,4.4,66.0,103.5,402.0
576064,2026-10-08 18:52:47,AIR,1.4,28.0,102.9,1007.0
576065,2026-10-08 18:52:47,ICE,38.3,487.0,103.7,577.0
576066,2026-10-08 18:52:47,WAT,0.0,0.0,102.7,910.0
576067,2026-10-08 18:52:47,MAC,4.4,66.0,103.5,402.0
576068,2026-10-08 18:55:48,AIR,1.4,28.0,102.9,1007.0
576069,2026-10-08 18:55:48,ICE,38.3,487.0,103.7,577.0
576070,2026-10-08 18:55:48,WAT,0.0,0.0,102.7,910.0
576071,2026-10-08 18:55:48,MAC,4.4,66.0,103.5,402.0
576072,2026-10-08 18:58:50,AIR,1.4,28.0,102.9,1007.0
576073,2026-10-08 18:58:50,ICE,38.3,487.0,103.7,577.0
576074,2026-10-08 18:58:50,WAT,0.0,0.0,102.7,910.0
576075,2026-10-08 18:58:50,MAC,4.4,66.0,103.5,402.0
576076,2026-10-08 19:01:51,AIR,1.4,28.0,102.9,1007.0
576077,2026-10-08 19:01:51,ICE,38.3,487.0,103.7,577.0
576078,2026-10-08 19:01:51,WAT,0.0,0.0,102.7,910.0
576079,2026-10-08 19:01:51,MAC,4.4,66.0,103.5,402.0
576080,2026-10-08 19:04:53,AIR,1.4,28.0,102.9,1007.0
576081,2026-10-08 19:04:53,ICE,38.3,487.0,103.7,577.0
576082,2026-10-08 19:04:53,WAT,0.0,0.0,102.7,910.0
576083,2026-10-08 19:04:53,MAC,4.4,66.0,103.5,402.0
576084,2026-10-08 19:07:54,AIR,1.4,28.0,102.9,1007.0
576085,2026-10-08 19:07:54,ICE,38.3,487.0,103.7,577.0
576086,2026-10-08 19:07:54,WAT,0.0,0.0,102.7,910.0
576087,2026-10-08 19:07:54,MAC,4.4,66.0,103.5,402.0
576088,2026-10-08 19:10:56,AIR,1.4,28.0,102.9,1007.0
576089,2026-10-08 19:10:56,ICE,38.3,487.0,103.7,577.0
576090,2026-10-08 19:10:56,WAT,0.0,0.0,102.7,910.0
576091,2026-10-08 19:10:56,MAC,4.4,66.0,103.5,402.0
576092,2026-10-08 19:13:58,AIR,1.4,28.0,102.9,1007.0
576093,2026-10-08 19:13:58,ICE,38.3,487.0,103.7,577.0
576094,2026-10-08 19:13:58,WAT,0.0,0.0,102.7,910.0
576095,2026-10-08 19:13:58,MAC,4.4,66.0,103.5,402.0
576096,2026-10-08 19:16:59,AIR,1.4,28.0,102.9,1007.0
576097,2026-10-08 19:16:59,ICE,38.3,487.0,103.7,577.0
576098,2026-10-08 19:16:59,WAT,0.0,0.0,102.7,910.0
576099,2026-10-08 19:16:59,MAC,4.4,66.0,103.5,402.0
576100,2026-10-08 19:20:01,AIR,1.4,28.0,102.9,1007.0
576101,2026-10-08 19:20:01,ICE,38.3,487.0,103.7,577.0
576102,2026-10-08 19:20:01,WAT,0.0,0.0,102.7,910.0
576103,2026-10-08 19:20:01,MAC,4.4,66.0,103.5,402.0
576104,2026-10-08 19:23:05,AIR,1.4,28.0,102.9,1007.0
576105,2026-10-08 19:23:05,ICE,38.3,487.0,103.7,577.0
576106,2026-10-08 19:23:05,WAT,0.0,0.0,102.7,910.0
576107,2026-10-08 19:23:05,MAC,4.4,66.0,103.5,402.0
576108,2026-10-08 19:26:06,AIR,1.4,28.0,102.9,1007.0
576109,2026-10-08 19:26:06,ICE,38.3,487.0,103.7,577.0
576110,2026-10-08 19:26:06,WAT,0.0,0.0,102.7,910.0
576111,2026-10-08 19:26:06,MAC,4.4,66.0,103.5,402.0
576112,2026-10-08 19:29:08,AIR,1.4,28.0,102.9,1007.0
576113,2026-10-08 19:29:08,ICE,38.3,487.0,103.7,577.0
576114,2026-10-08 19:29:08,WAT,0.0,0.0,102.7,910.0
576115,2026-10-08 19:29:08,MAC,4.4,66.0,103.5,402.0
576116,2026-10-08 19:32:09,AIR,1.4,28.0,102.9,1007.0
576117,2026-10-08 19:32:09,ICE,38.3,487.0,103.7,577.0
576118,2026-10-08 19:32:09,WAT,0.0,0.0,102.7,910.0
576119,2026-10-08 19:32:09,MAC,4.4,66.0,103.5,402.0
576120,2026-10-08 19:35:10,AIR,1.4,28.0,102.9,1007.0
576121,2026-10-08 19:35:10,ICE,38.3,487.0,103.7,577.0
576122,2026-10-08 19:35:10,WAT,0.0,0.0,102.7,910.0
576123,2026-10-08 19:35:10,MAC,4.4,66.0,103.5,402.0
576124,2026-10-08 19:38:12,AIR,1.4,28.0,102.9,1007.0
576125,2026-10-08 19:38:12,ICE,38.3,487.0,103.7,577.0
576126,2026-10-08 19:38:12,WAT,0.0,0.0,102.7,910.0
576127,2026-10-08 19:38:12,MAC,4.4,66.0,103.5,402.0
576128,2026-10-08 19:41:14,AIR,1.4,28.0,102.9,1007.0
576129,2026-10-08 19:41:14,ICE,38.3,487.0,103.7,577.0
576130,2026-10-08 19:41:14,WAT,0.0,0.0,102.7,910.0
576131,2026-10-08 19:41:14,MAC,4.4,66.0,103.5,402.0
576132,2026-10-08 19:44:15,AIR,1.4,28.0,102.9,1007.0
576133,2026-10-08 19:44:15,ICE,38.3,487.0,103.7,577.0
576134,2026-10-08 19:44:15,WAT,0.0,0.0,102.7,910.0
576135,2026-10-08 19:44:15,MAC,4.4,66.0,103.5,402.0
576136,2026-10-08 19:47:18,AIR,1.4,28.0,102.9,1007.0
576137,2026-10-08 19:47:18,ICE,38.3,487.0,103.7,577.0
576138,2026-10-08 19:47:18,WAT,0.0,0.0,102.7,910.0
576139,2026-10-08 19:47:18,MAC,4.4,66.0,103.5,402.0
576140,2026-10-08 19:50:19,AIR,1.4,28.0,102.9,1007.0
576141,2026-10-08 19:50:19,ICE,38.3,487.0,103.7,577.0
576142,2026-10-08 19:50:19,WAT,0.0,0.0,102.7,910.0
576143,2026-10-08 19:50:19,MAC,4.4,66.0,103.5,402.0
576144,2026-10-08 19:53:21,AIR,1.4,28.0,102.9,1007.0
576145,2026-10-08 19:53:21,ICE,38.3,487.0,103.7,577.0
576146,2026-10-08 19:53:21,WAT,0.0,0.0,102.7,910.0
576147,2026-10-08 19:53:21,MAC,4.4,66.0,103.5,402.0
576148,2026-10-08 19:56:22,AIR,1.4,28.0,102.9,1007.0
576149,2026-10-08 19:56:22,ICE,38.3,487.0,103.7,577.0
576150,2026-10-08 19:56:22,WAT,0.0,0.0,102.7,910.0
576151,2026-10-08 19:56:22,MAC,4.4,66.0,103.5,402.0
576152,2026-10-08 19:59:24,AIR,1.4,28.0,102.9,1007.0
576153,2026-10-08 19:59:24,ICE,38.3,487.0,103.7,577.0
576154,2026-10-08 19:59:24,WAT,0.0,0.0,102.7,910.0
576155,2026-10-08 19:59:24,MAC,4.4,66.0,103.5,402.0
576156,2026-10-08 20:02:25,AIR,1.4,28.0,102.9,1007.0
576157,2026-10-08 20:02:25,ICE,38.3,487.0,103.7,577.0
576158,2026-10-08 20:02:25,WAT,0.0,0.0,102.7,910.0
576159,2026-10-08 20:02:25,MAC,4.4,66.0,103.5,402.0
576160,2026-10-08 20:05:27,AIR,1.4,28.0,102.9,1007.0
576161,2026-10-08 20:05:27,ICE,38.3,487.0,103.7,577.0
576162,2026-10-08 20:05:27,WAT,0.0,0.0,102.7,910.0
576163,2026-10-08 20:05:27,MAC,4.4,66.0,103.5,402.0
576164,2026-10-08 20:08:28,AIR,1.4,28.0,102.9,1007.0
576165,2026-10-08 20:08:28,ICE,38.3,487.0,103.7,577.0
576166,2026-10-08 20:08:28,WAT,0.0,0.0,102.7,910.0
576167,2026-10-08 20:08:28,MAC,4.4,66.0,103.5,402.0
576168,2026-10-08 20:11:30,AIR,1.4,28.0,102.9,1007.0
576169,2026-10-08 20:11:30,ICE,38.3,487.0,103.7,577.0
576170,2026-10-08 20:11:30,WAT,0.0,0.0,102.7,910.0
576171,2026-10-08 20:11:30,MAC,4.4,66.0,103.5,402.0
576172,2026-10-08 20:14:31,AIR,1.4,28.0,102.9,1007.0
576173,2026-10-08 20:14:31,ICE,38.3,487.0,103.7,577.0
576174,2026-10-08 20:14:31,WAT,0.0,0.0,102.7,910.0
576175,2026-10-08 20:14:31,MAC,4.4,66.0,103.5,402.0
576176,2026-10-08 20:17:33,AIR,1.4,28.0,102.9,1007.0
576177,2026-10-08 20:17:33,ICE,38.3,487.0,103.7,577.0
576178,2026-10-08 20:17:33,WAT,0.0,0.0,102.7,910.0
576179,2026-10-08 20:17:33,MAC,25.2,486.0,103.4,677.0
576180,2026-10-08 20:20:34,AIR,1.4,28.0,102.9,1007.0
576181,2026-10-08 20:20:34,ICE,38.3,487.0,103.7,577.0
576182,2026-10-08 20:20:34,WAT,0.0,0.0,102.7,910.0
576183,2026-10-08 20:20:34,MAC,36.7,489.0,102.8,679.0
576184,2026-10-08 20:23:36,AIR,1.4,28.0,102.9,1007.0
576185,2026-10-08 20:23:36,ICE,38.3,487.0,103.7,577.0
576186,2026-10-08 20:23:36,WAT,0.0,0.0,102.7,910.0
576187,2026-10-08 20:23:36,MAC,36.7,489.0,102.8,679.0
576188,2026-10-08 20:26:38,AIR,1.4,28.0,102.9,1007.0
576189,2026-10-08 20:26:38,ICE,38.3,487.0,103.7,577.0
576190,2026-10-08 20:26:38,WAT,0.0,0.0,102.7,910.0
576191,2026-10-08 20:26:38,MAC,36.7,489.0,102.8,679.0
576192,2026-10-08 20:29:39,AIR,1.4,28.0,102.9,1007.0
576193,2026-10-08 20:29:39,ICE,38.3,487.0,103.7,577.0
576194,2026-10-08 20:29:39,WAT,0.0,0.0,102.7,910.0
576195,2026-10-08 20:29:39,MAC,36.7,489.0,102.8,679.0
576196,2026-10-08 20:32:40,AIR,1.4,28.0,102.9,1007.0
576197,2026-10-08 20:32:40,ICE,38.3,487.0,103.7,577.0
576198,2026-10-08 20:32:40,WAT,0.0,0.0,102.7,910.0
576199,2026-10-08 20:32:40,MAC,36.7,489.0,102.8,679.0
576200,2026-10-08 20:35:42,AIR,1.4,28.0,102.9,1007.0
576201,2026-10-08 20:35:42,ICE,38.3,487.0,103.7,577.0
576202,2026-10-08 20:35:42,WAT,0.0,0.0,102.7,910.0
576203,2026-10-08 20:35:42,MAC,36.7,489.0,102.8,679.0
576204,2026-10-08 20:38:43,AIR,1.4,28.0,102.9,1007.0
576205,2026-10-08 20:38:43,ICE,38.3,487.0,103.7,577.0
576206,2026-10-08 20:38:43,WAT,0.0,0.0,102.7,910.0
576207,2026-10-08 20:38:43,MAC,36.7,489.0,102.8,679.0
576208,2026-10-08 20:41:45,AIR,1.4,28.0,102.9,1007.0
576209,2026-10-08 20:41:45,ICE,38.3,487.0,103.7,577.0
576210,2026-10-08 20:41:45,WAT,0.0,0.0,102.7,910.0
576211,2026-10-08 20:41:45,MAC,36.7,489.0,102.8,679.0
576212,2026-10-08 20:44:46,AIR,1.4,28.0,102.9,1007.0
576213,2026-10-08 20:44:46,ICE,38.3,487.0,103.7,577.0
576214,2026-10-08 20:44:46,WAT,0.0,0.0,102.7,910.0
576215,2026-10-08 20:44:46,MAC,36.7,489.0,102.8,679.0
576216,2026-10-08 20:47:48,AIR,1.4,28.0,102.9,1007.0
576217,2026-10-08 20:47:48,ICE,38.3,487.0,103.7,577.0
576218,2026-10-08 20:47:48,WAT,0.0,0.0,102.7,910.0
576219,2026-10-08 20:47:48,MAC,36.7,489.0,102.8,679.0
576220,2026-10-08 20:50:50,AIR,1.4,28.0,102.9,1007.0
576221,2026-10-08 20:50:50,ICE,38.3,487.0,103.7,577.0
576222,2026-10-08 20:50:50,WAT,0.0,0.0,102.7,910.0
576223,2026-10-08 20:50:50,MAC,36.7,489.0,102.8,679.0
576224,2026-10-08 20:53:51,AIR,1.4,28.0,102.9,1007.0
576225,2026-10-08 20:53:51,ICE,38.3,487.0,103.7,577.0
576226,2026-10-08 20:53:51,WAT,0.0,0.0,102.7,910.0
576227,2026-10-08 20:53:51,MAC,36.7,489.0,102.8,679.0
576228,2026-10-08 20:56:53,AIR,1.4,28.0,102.9,1007.0
576229,2026-10-08 20:56:53,ICE,38.3,487.0,103.7,577.0
576230,2026-10-08 20:56:53,WAT,0.0,0.0,102.7,910.0
576231,2026-10-08 20:56:53,MAC,47.0,573.0,103.0,714.0
576232,2026-10-08 20:59:54,AIR,1.4,28.0,102.9,1007.0
576233,2026-10-08 20:59:54,ICE,38.3,487.0,103.7,577.0
576234,2026-10-08 20:59:54,WAT,0.0,0.0,102.7,910.0
576235,2026-10-08 20:59:54,MAC,47.0,573.0,103.0,714.0
576236,2026-10-08 21:02:55,AIR,1.4,28.0,102.9,1007.0
576237,2026-10-08 21:02:55,ICE,38.3,487.0,103.7,577.0
576238,2026-10-08 21:02:55,WAT,0.0,0.0,102.7,910.0
576239,2026-10-08 21:02:55,MAC,47.0,573.0,103.0,714.0
576240,2026-10-08 21:05:57,AIR,1.4,28.0,102.9,1007.0
576241,2026-10-08 21:05:57,ICE,38.3,487.0,103.7,577.0
576242,2026-10-08 21:05:57,WAT,0.0,0.0,102.7,910.0
576243,2026-10-08 21:05:57,MAC,36.7,484.0,103.8,724.0
576244,2026-10-08 21:08:58,AIR,1.4,28.0,102.9,1007.0
576245,2026-10-08 21:08:58,ICE,38.3,487.0,103.7,577.0
576246,2026-10-08 21:08:58,WAT,0.0,0.0,102.7,910.0
576247,2026-10-08 21:08:58,MAC,36.7,484.0,103.8,724.0
576248,2026-10-08 21:11:59,AIR,1.4,28.0,102.9,1007.0
576249,2026-10-08 21:11:59,ICE,38.3,487.0,103.7,577.0
576250,2026-10-08 21:11:59,WAT,0.0,0.0,102.7,910.0
576251,2026-10-08 21:11:59,MAC,36.7,484.0,103.8,724.0
576252,2026-10-08 21:15:01,AIR,1.4,28.0,102.9,1007.0
576253,2026-10-08 21:15:01,ICE,38.3,487.0,103.7,577.0
576254,2026-10-08 21:15:01,WAT,0.0,0.0,102.7,910.0
576255,2026-10-08 21:15:01,MAC,36.7,484.0,103.8,724.0
576256,2026-10-08 21:18:05,AIR,1.4,28.0,102.9,1007.0
576257,2026-10-08 21:18:05,ICE,38.3,487.0,103.7,577.0
576258,2026-10-08 21:18:05,WAT,0.0,0.0,102.7,910.0
576259,2026-10-08 21:18:05,MAC,36.7,484.0,103.8,724.0
576260,2026-10-08 21:21:07,AIR,1.4,28.0,102.9,1007.0
576261,2026-10-08 21:21:07,ICE,38.3,487.0,103.7,577.0
576262,2026-10-08 21:21:07,WAT,0.0,0.0,102.7,910.0
576263,2026-10-08 21:21:07,MAC,44.6,537.0,103.3,741.0
576264,2026-10-08 21:24:09,AIR,1.4,28.0,102.9,1007.0
576265,2026-10-08 21:24:09,ICE,38.3,487.0,103.7,577.0
576266,2026-10-08 21:24:09,WAT,0.0,0.0,102.7,910.0
576267,2026-10-08 21:24:09,MAC,44.0,554.0,103.4,743.0
576268,2026-10-08 21:27:10,AIR,1.4,28.0,102.9,1007.0
576269,2026-10-08 21:27:10,ICE,38.3,487.0,103.7,577.0
576270,2026-10-08 21:27:10,WAT,0.0,0.0,102.7,910.0
576271,2026-10-08 21:27:10,MAC,44.0,554.0,103.4,743.0
576272,2026-10-08 21:30:12,AIR,1.4,28.0,102.9,1007.0
576273,2026-10-08 21:30:12,ICE,38.3,487.0,103.7,577.0
576274,2026-10-08 21:30:12,WAT,0.0,0.0,102.7,910.0
576275,2026-10-08 21:30:12,MAC,44.0,554.0,103.4,743.0
576276,2026-10-08 21:33:13,AIR,1.4,28.0,102.9,1007.0
576277,2026-10-08 21:33:13,ICE,38.3,487.0,103.7,577.0
576278,2026-10-08 21:33:13,WAT,0.0,0.0,102.7,910.0
576279,2026-10-08 21:33:13,MAC,32.5,452.0,103.3,753.0
576280,2026-10-08 21:36:15,AIR,1.4,28.0,102.9,1007.0
576281,2026-10-08 21:36:15,ICE,38.3,487.0,103.7,577.0
576282,2026-10-08 21:36:15,WAT,0.0,0.0,102.7,910.0
576283,2026-10-08 21:36:15,MAC,42.6,522.0,103.3,754.0
576284,2026-10-08 21:39:16,AIR,1.4,28.0,102.9,1007.0
576285,2026-10-08 21:39:16,ICE,38.3,487.0,103.7,577.0
576286,2026-10-08 21:39:16,WAT,0.0,0.0,102.7,910.0
576287,2026-10-08 21:39:16,MAC,42.6,522.0,103.3,754.0
576288,2026-10-08 21:42:18,AIR,1.4,28.0,102.9,1007.0
576289,2026-10-08 21:42:18,ICE,38.3,487.0,103.7,577.0
576290,2026-10-08 21:42:18,WAT,0.0,0.0,102.7,910.0
576291,2026-10-08 21:42:18,MAC,42.6,522.0,103.3,754.0
576292,2026-10-08 21:45:19,AIR,1.4,28.0,102.9,1007.0
576293,2026-10-08 21:45:19,ICE,61.1,776.0,103.3,764.0
576294,2026-10-08 21:45:19,WAT,0.0,0.0,102.7,910.0
576295,2026-10-08 21:45:19,MAC,42.6,522.0,103.3,754.0
576296,2026-10-08 21:48:20,AIR,1.4,28.0,102.9,1007.0
576297,2026-10-08 21:48:20,ICE,61.1,776.0,103.3,764.0
576298,2026-10-08 21:48:20,WAT,0.0,0.0,102.7,910.0
576299,2026-10-08 21:48:20,MAC,42.6,522.0,103.3,754.0
576300,2026-10-08 21:51:22,AIR,1.4,28.0,102.9,1007.0
576301,2026-10-08 21:51:22,ICE,61.1,776.0,103.3,764.0
576302,2026-10-08 21:51:22,WAT,0.0,0.0,102.7,910.0
576303,2026-10-08 21:51:22,MAC,46.9,561.0,103.0,770.0
576304,2026-10-08 21:54:23,AIR,1.4,28.0,102.9,1007.0
576305,2026-10-08 21:54:23,ICE,61.1,776.0,103.3,764.0
576306,2026-10-08 21:54:23,WAT,0.0,0.0,102.7,910.0
576307,2026-10-08 21:54:23,MAC,36.5,484.0,103.3,772.0
576308,2026-10-08 21:57:24,AIR,1.4,28.0,102.9,1007.0
576309,2026-10-08 21:57:24,ICE,61.1,776.0,103.3,764.0
576310,2026-10-08 21:57:24,WAT,0.0,0.0,102.7,910.0
576311,2026-10-08 21:57:24,MAC,36.5,484.0,103.3,772.0
576312,2026-10-08 22:00:26,AIR,1.4,28.0,102.9,1007.0
576313,2026-10-08 22:00:26,ICE,61.1,776.0,103.3,764.0
576314,2026-10-08 22:00:26,WAT,0.0,0.0,102.7,910.0
576315,2026-10-08 22:00:26,MAC,36.5,484.0,103.3,772.0
576316,2026-10-08 22:03:29,AIR,1.4,28.0,102.9,1007.0
576317,2026-10-08 22:03:29,ICE,61.1,776.0,103.3,764.0
576318,2026-10-08 22:03:29,WAT,0.0,0.0,102.7,910.0
576319,2026-10-08 22:03:29,MAC,36.5,484.0,103.3,772.0
576320,2026-10-08 22:06:30,AIR,1.4,28.0,102.9,1007.0
576321,2026-10-08 22:06:30,ICE,61.1,776.0,103.3,764.0
576322,2026-10-08 22:06:30,WAT,0.0,0.0,102.7,910.0
576323,2026-10-08 22:06:30,MAC,36.5,484.0,103.3,772.0
576324,2026-10-08 22:09:31,AIR,1.4,28.0,102.9,1007.0
576325,2026-10-08 22:09:31,ICE,61.1,776.0,103.3,764.0
576326,2026-10-08 22:09:31,WAT,0.0,0.0,102.7,910.0
576327,2026-10-08 22:09:31,MAC,36.5,484.0,103.3,772.0
576328,2026-10-08 22:12:33,AIR,1.4,28.0,102.9,1007.0
576329,2026-10-08 22:12:33,ICE,61.1,776.0,103.3,764.0
576330,2026-10-08 22:12:33,WAT,0.0,0.0,102.7,910.0
576331,2026-10-08 22:12:33,MAC,36.5,484.0,103.3,772.0
576332,2026-10-08 22:15:34,AIR,1.4,28.0,102.9,1007.0
576333,2026-10-08 22:15:34,ICE,61.1,776.0,103.3,764.0
576334,2026-10-08 22:15:34,WAT,0.0,0.0,102.7,910.0
576335,2026-10-08 22:15:34,MAC,46.1,552.0,103.0,794.0
576336,2026-10-08 22:18:35,AIR,1.4,28.0,102.9,1007.0
576337,2026-10-08 22:18:35,ICE,61.1,776.0,103.3,764.0
576338,2026-10-08 22:18:35,WAT,0.0,0.0,102.7,910.0
576339,2026-10-08 22:18:35,MAC,46.1,552.0,103.0,794.0
576340,2026-10-08 22:21:37,AIR,1.4,28.0,102.9,1007.0
576341,2026-10-08 22:21:37,ICE,3.0,29.0,103.7,799.0
576342,2026-10-08 22:21:37,WAT,0.0,0.0,102.7,910.0
576343,2026-10-08 22:21:37,MAC,46.1,552.0,103.0,794.0
576344,2026-10-08 22:24:38,AIR,1.4,28.0,102.9,1007.0
576345,2026-10-08 22:24:38,ICE,3.0,29.0,103.7,799.0
576346,2026-10-08 22:24:38,WAT,0.0,0.0,102.7,910.0
576347,2026-10-08 22:24:38,MAC,46.1,552.0,103.0,794.0
576348,2026-10-08 22:27:40,AIR,1.4,28.0,102.9,1007.0
576349,2026-10-08 22:27:40,ICE,3.0,29.0,103.7,799.0
576350,2026-10-08 22:27:40,WAT,0.0,0.0,102.7,910.0
576351,2026-10-08 22:27:40,MAC,46.1,552.0,103.0,794.0
576352,2026-10-08 22:30:39,AIR,1.4,28.0,102.9,1007.0
576353,2026-10-08 22:30:39,ICE,3.0,29.0,103.7,799.0
576354,2026-10-08 22:30:39,WAT,0.0,0.0,102.7,910.0
576355,2026-10-08 22:30:39,MAC,46.1,552.0,103.0,794.0
576356,2026-10-08 22:33:40,AIR,1.4,28.0,102.9,1007.0
576357,2026-10-08 22:33:40,ICE,3.0,29.0,103.7,799.0
576358,2026-10-08 22:33:40,WAT,0.0,0.0,102.7,910.0
576359,2026-10-08 22:33:40,MAC,46.1,552.0,103.0,794.0
576360,2026-10-08 22:36:42,AIR,1.4,28.0,102.9,1007.0
576361,2026-10-08 22:36:42,ICE,37.1,472.0,103.3,815.0
576362,2026-10-08 22:36:42,WAT,0.0,0.0,102.7,910.0
576363,2026-10-08 22:36:42,MAC,46.1,552.0,103.0,794.0
576364,2026-10-08 22:39:43,AIR,1.4,28.0,102.9,1007.0
576365,2026-10-08 22:39:43,ICE,37.1,472.0,103.3,815.0
576366,2026-10-08 22:39:43,WAT,0.0,0.0,102.7,910.0
576367,2026-10-08 22:39:43,MAC,46.6,564.0,103.0,819.0
576368,2026-10-08 22:42:45,AIR,1.4,28.0,102.9,1007.0
576369,2026-10-08 22:42:45,ICE,37.1,472.0,103.3,815.0
576370,2026-10-08 22:42:45,WAT,0.0,0.0,102.7,910.0
576371,2026-10-08 22:42:45,MAC,36.3,476.0,102.8,821.0
576372,2026-10-08 22:45:46,AIR,1.4,28.0,102.9,1007.0
576373,2026-10-08 22:45:46,ICE,37.1,472.0,103.3,815.0
576374,2026-10-08 22:45:46,WAT,0.0,0.0,102.7,910.0
576375,2026-10-08 22:45:46,MAC,36.3,476.0,102.8,821.0
576376,2026-10-08 22:48:47,AIR,1.4,28.0,102.9,1007.0
576377,2026-10-08 22:48:47,ICE,37.1,472.0,103.3,815.0
576378,2026-10-08 22:48:47,WAT,0.0,0.0,102.7,910.0
576379,2026-10-08 22:48:47,MAC,36.3,476.0,102.8,821.0
576380,2026-10-08 22:51:48,AIR,1.4,28.0,102.9,1007.0
576381,2026-10-08 22:51:48,ICE,37.1,472.0,103.3,815.0
576382,2026-10-08 22:51:48,WAT,0.0,0.0,102.7,910.0
576383,2026-10-08 22:51:48,MAC,46.9,575.0,102.8,830.0
576384,2026-10-08 22:54:50,AIR,1.4,28.0,102.9,1007.0
576385,2026-10-08 22:54:50,ICE,37.1,472.0,103.3,815.0
576386,2026-10-08 22:54:50,WAT,0.0,0.0,102.7,910.0
576387,2026-10-08 22:54:50,MAC,46.9,575.0,102.8,830.0
576388,2026-10-08 22:57:53,AIR,1.4,28.0,102.9,1007.0
576389,2026-10-08 22:57:53,ICE,37.1,472.0,103.3,815.0
576390,2026-10-08 22:57:53,WAT,0.0,0.0,102.7,910.0
576391,2026-10-08 22:57:53,MAC,46.9,575.0,102.8,830.0
576392,2026-10-08 23:00:55,AIR,1.4,28.0,102.9,1007.0
576393,2026-10-08 23:00:55,ICE,37.1,472.0,103.3,815.0
576394,2026-10-08 23:00:55,WAT,0.0,0.0,102.7,910.0
576395,2026-10-08 23:00:55,MAC,46.9,575.0,102.8,830.0
576396,2026-10-08 23:03:56,AIR,1.4,28.0,102.9,1007.0
576397,2026-10-08 23:03:56,ICE,37.1,472.0,103.3,815.0
576398,2026-10-08 23:03:56,WAT,0.0,0.0,102.7,910.0
576399,2026-10-08 23:03:56,MAC,45.6,564.0,101.7,841.0
576400,2026-10-08 23:06:57,AIR,1.4,28.0,102.9,1007.0
576401,2026-10-08 23:06:57,ICE,37.1,472.0,103.3,815.0
576402,2026-10-08 23:06:57,WAT,0.0,0.0,102.7,910.0
576403,2026-10-08 23:06:57,MAC,45.6,564.0,101.7,841.0
576404,2026-10-08 23:09:59,AIR,1.4,28.0,102.9,1007.0
576405,2026-10-08 23:09:59,ICE,37.1,472.0,103.3,815.0
576406,2026-10-08 23:09:59,WAT,0.0,0.0,102.7,910.0
576407,2026-10-08 23:09:59,MAC,45.6,564.0,101.7,841.0
576408,2026-10-08 23:13:00,AIR,1.4,28.0,102.9,1007.0
576409,2026-10-08 23:13:00,ICE,37.1,472.0,103.3,815.0
576410,2026-10-08 23:13:00,WAT,0.0,0.0,102.7,910.0
576411,2026-10-08 23:13:00,MAC,45.6,564.0,101.7,841.0
576412,2026-10-08 23:16:02,AIR,1.4,28.0,102.9,1007.0
576413,2026-10-08 23:16:02,ICE,37.1,472.0,103.3,815.0
576414,2026-10-08 23:16:02,WAT,0.0,0.0,102.7,910.0
576415,2026-10-08 23:16:02,MAC,45.6,564.0,101.7,841.0
576416,2026-10-08 23:19:03,AIR,1.4,28.0,102.9,1007.0
576417,2026-10-08 23:19:03,ICE,37.1,472.0,103.3,815.0
576418,2026-10-08 23:19:03,WAT,0.0,0.0,102.7,910.0
576419,2026-10-08 23:19:03,MAC,35.5,488.0,102.9,859.0
576420,2026-10-08 23:22:04,AIR,1.4,28.0,102.9,1007.0
576421,2026-10-08 23:22:04,ICE,37.1,472.0,103.3,815.0
576422,2026-10-08 23:22:04,WAT,0.0,0.0,102.7,910.0
576423,2026-10-08 23:22:04,MAC,46.1,575.0,102.8,862.0
576424,2026-10-08 23:25:06,AIR,1.4,28.0,102.9,1007.0
576425,2026-10-08 23:25:06,ICE,37.1,472.0,103.3,815.0
576426,2026-10-08 23:25:06,WAT,0.0,0.0,102.7,910.0
576427,2026-10-08 23:25:06,MAC,46.1,575.0,102.8,862.0
576428,2026-10-08 23:28:08,AIR,1.4,28.0,102.9,1007.0
576429,2026-10-08 23:28:08,ICE,37.1,472.0,103.3,815.0
576430,2026-10-08 23:28:08,WAT,0.0,0.0,102.7,910.0
576431,2026-10-08 23:28:08,MAC,46.1,575.0,102.8,862.0
576432,2026-10-08 23:31:09,AIR,1.4,28.0,102.9,1007.0
576433,2026-10-08 23:31:09,ICE,37.1,472.0,103.3,815.0
576434,2026-10-08 23:31:09,WAT,0.0,0.0,102.7,910.0
576435,2026-10-08 23:31:09,MAC,46.1,575.0,102.8,862.0
576436,2026-10-08 23:34:11,AIR,1.4,28.0,102.9,1007.0
576437,2026-10-08 23:34:11,ICE,37.1,472.0,103.3,815.0
576438,2026-10-08 23:34:11,WAT,0.0,0.0,102.7,910.0
576439,2026-10-08 23:34:11,MAC,46.1,575.0,102.8,862.0
576440,2026-10-08 23:37:12,AIR,1.4,28.0,102.9,1007.0
576441,2026-10-08 23:37:12,ICE,37.1,472.0,103.3,815.0
576442,2026-10-08 23:37:12,WAT,0.0,0.0,102.7,910.0
576443,2026-10-08 23:37:12,MAC,46.1,575.0,102.8,862.0
576444,2026-10-08 23:40:14,AIR,1.4,28.0,102.9,1007.0
576445,2026-10-08 23:40:14,ICE,37.1,472.0,103.3,815.0
576446,2026-10-08 23:40:14,WAT,0.0,0.0,102.7,910.0
576447,2026-10-08 23:40:14,MAC,6.4,89.0,103.5,879.0
576448,2026-10-08 23:43:15,AIR,1.4,28.0,102.9,1007.0
576449,2026-10-08 23:43:15,ICE,37.1,472.0,103.3,815.0
576450,2026-10-08 23:43:15,WAT,0.0,0.0,102.7,910.0
576451,2026-10-08 23:43:15,MAC,6.4,89.0,103.5,879.0
576452,2026-10-08 23:46:16,AIR,1.4,28.0,102.9,1007.0
576453,2026-10-08 23:46:16,ICE,37.1,472.0,103.3,815.0
576454,2026-10-08 23:46:16,WAT,0.0,0.0,102.7,910.0
576455,2026-10-08 23:46:16,MAC,6.4,89.0,103.5,879.0
576456,2026-10-08 23:49:18,AIR,1.4,28.0,102.9,1007.0
576457,2026-10-08 23:49:18,ICE,37.1,472.0,103.3,815.0
576458,2026-10-08 23:49:18,WAT,0.0,0.0,102.7,910.0
576459,2026-10-08 23:49:18,MAC,6.4,89.0,103.5,879.0
576460,2026-10-08 23:52:20,AIR,1.4,28.0,102.9,1007.0
576461,2026-10-08 23:52:20,ICE,37.1,472.0,103.3,815.0
576462,2026-10-08 23:52:20,WAT,0.0,0.0,102.7,910.0
576463,2026-10-08 23:52:20,MAC,6.6,64.0,103.2,891.0
576464,2026-10-08 23:55:21,AIR,1.4,28.0,102.9,1007.0
576465,2026-10-08 23:55:21,ICE,37.1,472.0,103.3,815.0
576466,2026-10-08 23:55:21,WAT,0.0,0.0,102.7,910.0
576467,2026-10-08 23:55:21,MAC,6.6,64.0,103.2,891.0
576468,2026-10-08 23:58:23,AIR,1.4,28.0,102.9,1007.0
576469,2026-10-08 23:58:23,ICE,37.1,472.0,103.3,815.0
576470,2026-10-08 23:58:23,WAT,0.0,0.0,102.7,910.0
576471,2026-10-08 23:58:23,MAC,6.6,64.0,103.2,891.0
576472,2026-10-09 00:01:24,AIR,1.4,28.0,102.9,1007.0
576473,2026-10-09 00:01:24,ICE,37.1,472.0,103.3,815.0
576474,2026-10-09 00:01:24,WAT,0.0,0.0,102.7,910.0
576475,2026-10-09 00:01:24,MAC,6.6,64.0,103.2,891.0
576476,2026-10-09 00:04:29,AIR,1.4,28.0,102.9,1007.0
576477,2026-10-09 00:04:29,ICE,37.1,472.0,103.3,815.0
576478,2026-10-09 00:04:29,WAT,0.0,0.0,102.7,910.0
576479,2026-10-09 00:04:29,MAC,6.6,64.0,103.2,891.0
576480,2026-10-09 00:07:30,AIR,1.4,28.0,102.9,1007.0
576481,2026-10-09 00:07:30,ICE,59.8,754.0,103.5,904.0
576482,2026-10-09 00:07:30,WAT,0.0,0.0,102.7,910.0
576483,2026-10-09 00:07:30,MAC,6.6,64.0,103.2,891.0
576484,2026-10-09 00:10:31,AIR,1.4,28.0,102.9,1007.0
576485,2026-10-09 00:10:31,ICE,59.8,754.0,103.5,904.0
576486,2026-10-09 00:10:31,WAT,0.0,0.0,102.7,910.0
576487,2026-10-09 00:10:31,MAC,6.6,64.0,103.2,891.0
576488,2026-10-09 00:13:33,AIR,1.4,28.0,102.9,1007.0
576489,2026-10-09 00:13:33,ICE,59.8,754.0,103.5,904.0
576490,2026-10-09 00:13:33,WAT,0.0,0.0,102.7,910.0
576491,2026-10-09 00:13:33,MAC,6.6,64.0,103.2,891.0
576492,2026-10-09 00:16:34,AIR,1.4,28.0,102.9,1007.0
576493,2026-10-09 00:16:34,ICE,59.8,754.0,103.5,904.0
576494,2026-10-09 00:16:34,WAT,0.0,0.0,102.7,910.0
576495,2026-10-09 00:16:34,MAC,6.6,64.0,103.2,891.0
576496,2026-10-09 00:19:35,AIR,1.4,28.0,102.9,1007.0
576497,2026-10-09 00:19:35,ICE,59.8,754.0,103.5,904.0
576498,2026-10-09 00:19:35,WAT,0.0,0.0,102.7,910.0
576499,2026-10-09 00:19:35,MAC,6.6,64.0,103.2,891.0
576500,2026-10-09 00:22:36,AIR,1.4,28.0,102.9,1007.0
576501,2026-10-09 00:22:36,ICE,59.8,754.0,103.5,904.0
576502,2026-10-09 00:22:36,WAT,0.0,0.0,102.7,910.0
576503,2026-10-09 00:22:36,MAC,6.6,64.0,103.2,891.0
576504,2026-10-09 00:25:38,AIR,1.4,28.0,102.9,1007.0
576505,2026-10-09 00:25:38,ICE,59.8,754.0,103.5,904.0
576506,2026-10-09 00:25:38,WAT,0.0,0.0,102.7,910.0
576507,2026-10-09 00:25:38,MAC,6.6,64.0,103.2,891.0
576508,2026-10-09 00:28:40,AIR,1.4,28.0,102.9,1007.0
576509,2026-10-09 00:28:40,ICE,59.8,754.0,103.5,904.0
576510,2026-10-09 00:28:40,WAT,0.0,0.0,102.7,910.0
576511,2026-10-09 00:28:40,MAC,6.6,64.0,103.2,891.0
576512,2026-10-09 00:31:41,AIR,1.4,28.0,102.9,1007.0
576513,2026-10-09 00:31:41,ICE,3.0,29.0,103.8,930.0
576514,2026-10-09 00:31:41,WAT,0.0,0.0,102.7,910.0
576515,2026-10-09 00:31:41,MAC,6.6,64.0,103.2,891.0
576516,2026-10-09 00:34:43,AIR,1.4,28.0,102.9,1007.0
576517,2026-10-09 00:34:43,ICE,3.0,29.0,103.8,930.0
576518,2026-10-09 00:34:43,WAT,0.0,0.0,102.7,910.0
576519,2026-10-09 00:34:43,MAC,6.6,64.0,103.2,891.0
576520,2026-10-09 00:37:44,AIR,1.4,28.0,102.9,1007.0
576521,2026-10-09 00:37:44,ICE,3.0,29.0,103.8,930.0
576522,2026-10-09 00:37:44,WAT,0.0,0.0,102.7,910.0
576523,2026-10-09 00:37:44,MAC,6.6,64.0,103.2,891.0
576524,2026-10-09 00:40:46,AIR,1.4,28.0,102.9,1007.0
576525,2026-10-09 00:40:46,ICE,3.0,29.0,103.8,930.0
576526,2026-10-09 00:40:46,WAT,0.0,0.0,102.7,910.0
576527,2026-10-09 00:40:46,MAC,6.6,64.0,103.2,891.0
576528,2026-10-09 00:43:47,AIR,1.4,28.0,102.9,1007.0
576529,2026-10-09 00:43:47,ICE,3.0,29.0,103.8,930.0
576530,2026-10-09 00:43:47,WAT,0.0,0.0,102.7,910.0
576531,2026-10-09 00:43:47,MAC,6.6,64.0,103.2,891.0
576532,2026-10-09 00:46:48,AIR,1.4,28.0,102.9,1007.0
576533,2026-10-09 00:46:48,ICE,38.4,487.0,102.8,946.0
576534,2026-10-09 00:46:48,WAT,0.0,0.0,102.7,910.0
576535,2026-10-09 00:46:48,MAC,6.6,64.0,103.2,891.0
576536,2026-10-09 00:49:50,AIR,1.4,28.0,102.9,1007.0
576537,2026-10-09 00:49:50,ICE,38.4,487.0,102.8,946.0
576538,2026-10-09 00:49:50,WAT,0.0,0.0,102.7,910.0
576539,2026-10-09 00:49:50,MAC,6.6,64.0,103.2,891.0
576540,2026-10-09 00:52:51,AIR,1.4,28.0,102.9,1007.0
576541,2026-10-09 00:52:51,ICE,38.4,487.0,102.8,946.0
576542,2026-10-09 00:52:51,WAT,0.0,0.0,102.7,910.0
576543,2026-10-09 00:52:51,MAC,6.6,64.0,103.2,891.0
576544,2026-10-09 00:55:53,AIR,1.4,28.0,102.9,1007.0
576545,2026-10-09 00:55:53,ICE,38.4,487.0,102.8,946.0
576546,2026-10-09 00:55:53,WAT,0.0,0.0,102.7,910.0
576547,2026-10-09 00:55:53,MAC,6.6,64.0,103.2,891.0
576548,2026-10-09 00:58:54,AIR,1.4,28.0,102.9,1007.0
576549,2026-10-09 00:58:54,ICE,38.4,487.0,102.8,946.0
576550,2026-10-09 00:58:54,WAT,0.0,0.0,102.7,910.0
576551,2026-10-09 00:58:54,MAC,18.1,176.0,102.5,959.0
576552,2026-10-09 01:01:55,AIR,1.4,28.0,102.9,1007.0
576553,2026-10-09 01:01:55,ICE,38.4,487.0,102.8,946.0
576554,2026-10-09 01:01:55,WAT,0.0,0.0,102.7,910.0
576555,2026-10-09 01:01:55,MAC,4.3,65.0,102.4,960.0
576556,2026-10-09 01:04:57,AIR,1.4,28.0,102.9,1007.0
576557,2026-10-09 01:04:57,ICE,38.4,487.0,102.8,946.0
576558,2026-10-09 01:04:57,WAT,0.0,0.0,102.7,910.0
576559,2026-10-09 01:04:57,MAC,4.3,65.0,102.4,960.0
576560,2026-10-09 01:07:58,AIR,1.4,28.0,102.9,1007.0
576561,2026-10-09 01:07:58,ICE,38.4,487.0,102.8,946.0
576562,2026-10-09 01:07:58,WAT,0.0,0.0,102.7,910.0
576563,2026-10-09 01:07:58,MAC,4.3,65.0,102.4,960.0
576564,2026-10-09 01:10:59,AIR,1.4,28.0,102.9,1007.0
576565,2026-10-09 01:10:59,ICE,38.4,487.0,102.8,946.0
576566,2026-10-09 01:10:59,WAT,0.0,0.0,102.7,910.0
576567,2026-10-09 01:10:59,MAC,4.3,65.0,102.4,960.0
576568,2026-10-09 01:14:01,AIR,1.4,28.0,102.9,1007.0
576569,2026-10-09 01:14:01,ICE,38.4,487.0,102.8,946.0
576570,2026-10-09 01:14:01,WAT,0.0,0.0,102.7,910.0
576571,2026-10-09 01:14:01,MAC,4.3,65.0,102.4,960.0
576572,2026-10-09 01:17:02,AIR,1.4,28.0,102.9,1007.0
576573,2026-10-09 01:17:02,ICE,38.4,487.0,102.8,946.0
576574,2026-10-09 01:17:02,WAT,0.0,0.0,102.7,910.0
576575,2026-10-09 01:17:02,MAC,4.3,65.0,102.4,960.0
576576,2026-10-09 01:20:04,AIR,1.4,28.0,102.9,1007.0
576577,2026-10-09 01:20:04,ICE,38.4,487.0,102.8,946.0
576578,2026-10-09 01:20:04,WAT,0.0,0.0,102.7,910.0
576579,2026-10-09 01:20:04,MAC,4.3,65.0,102.4,960.0
576580,2026-10-09 01:23:07,AIR,1.4,28.0,102.9,1007.0
576581,2026-10-09 01:23:07,ICE,38.4,487.0,102.8,946.0
576582,2026-10-09 01:23:07,WAT,0.0,0.0,102.7,910.0
576583,2026-10-09 01:23:07,MAC,4.3,65.0,102.4,960.0
576584,2026-10-09 01:26:08,AIR,1.4,28.0,102.9,1007.0
576585,2026-10-09 01:26:08,ICE,38.4,487.0,102.8,946.0
576586,2026-10-09 01:26:08,WAT,0.0,0.0,102.7,910.0
576587,2026-10-09 01:26:08,MAC,4.3,65.0,102.4,960.0
576588,2026-10-09 01:29:10,AIR,1.4,28.0,102.9,1007.0
576589,2026-10-09 01:29:10,ICE,38.4,487.0,102.8,946.0
576590,2026-10-09 01:29:10,WAT,0.0,0.0,102.7,910.0
576591,2026-10-09 01:29:10,MAC,4.3,65.0,102.4,960.0
576592,2026-10-09 01:32:11,AIR,1.4,28.0,102.9,1007.0
576593,2026-10-09 01:32:11,ICE,38.4,487.0,102.8,946.0
576594,2026-10-09 01:32:11,WAT,0.0,0.0,102.7,910.0
576595,2026-10-09 01:32:11,MAC,4.3,65.0,102.4,960.0
576596,2026-10-09 01:35:13,AIR,1.4,28.0,102.9,1007.0
576597,2026-10-09 01:35:13,ICE,38.4,487.0,102.8,946.0
576598,2026-10-09 01:35:13,WAT,0.0,0.0,102.7,910.0
576599,2026-10-09 01:35:13,MAC,4.3,65.0,102.4,960.0
576600,2026-10-09 01:38:14,AIR,1.4,28.0,102.9,1007.0
576601,2026-10-09 01:38:14,ICE,38.4,487.0,102.8,946.0
576602,2026-10-09 01:38:14,WAT,0.0,0.0,102.7,910.0
576603,2026-10-09 01:38:14,MAC,4.3,65.0,102.4,960.0
576604,2026-10-09 01:41:16,AIR,1.4,28.0,102.9,1007.0
576605,2026-10-09 01:41:16,ICE,38.4,487.0,102.8,946.0
576606,2026-10-09 01:41:16,WAT,0.0,0.0,102.7,910.0
576607,2026-10-09 01:41:16,MAC,4.3,65.0,102.4,960.0
576608,2026-10-09 01:44:17,AIR,1.4,28.0,102.9,1007.0
576609,2026-10-09 01:44:17,ICE,38.4,487.0,102.8,946.0
576610,2026-10-09 01:44:17,WAT,0.0,0.0,102.7,910.0
576611,2026-10-09 01:44:17,MAC,4.3,65.0,102.4,960.0
576612,2026-10-09 01:47:18,AIR,1.4,28.0,102.9,1007.0
576613,2026-10-09 01:47:18,ICE,38.4,487.0,102.8,946.0
576614,2026-10-09 01:47:18,WAT,0.0,0.0,102.7,910.0
576615,2026-10-09 01:47:18,MAC,4.3,65.0,102.4,960.0
576616,2026-10-09 01:50:20,AIR,1.4,28.0,102.9,1007.0
576617,2026-10-09 01:50:20,ICE,38.4,487.0,102.8,946.0
576618,2026-10-09 01:50:20,WAT,0.0,0.0,102.7,910.0
576619,2026-10-09 01:50:20,MAC,4.3,65.0,102.4,960.0
576620,2026-10-09 01:53:21,AIR,1.4,28.0,102.9,1007.0
576621,2026-10-09 01:53:21,ICE,38.4,487.0,102.8,946.0
576622,2026-10-09 01:53:21,WAT,0.0,0.0,102.7,910.0
576623,2026-10-09 01:53:21,MAC,4.3,65.0,102.4,960.0
576624,2026-10-09 01:56:22,AIR,1.4,28.0,102.9,1007.0
576625,2026-10-09 01:56:22,ICE,38.4,487.0,102.8,946.0
576626,2026-10-09 01:56:22,WAT,0.0,0.0,102.7,910.0
576627,2026-10-09 01:56:22,MAC,4.3,65.0,102.4,960.0
576628,2026-10-09 01:59:24,AIR,1.4,28.0,102.9,1007.0
576629,2026-10-09 01:59:24,ICE,38.4,487.0,102.8,946.0
576630,2026-10-09 01:59:24,WAT,0.0,0.0,102.7,910.0
576631,2026-10-09 01:59:24,MAC,4.3,65.0,102.4,960.0
576632,2026-10-09 02:02:25,AIR,1.4,28.0,102.9,1007.0
576633,2026-10-09 02:02:25,ICE,38.4,487.0,102.8,946.0
576634,2026-10-09 02:02:25,WAT,0.0,0.0,102.7,910.0
576635,2026-10-09 02:02:25,MAC,4.3,65.0,102.4,960.0
576636,2026-10-09 02:05:26,AIR,1.4,28.0,102.9,1007.0
576637,2026-10-09 02:05:26,ICE,38.4,487.0,102.8,946.0
576638,2026-10-09 02:05:26,WAT,0.0,0.0,102.7,910.0
576639,2026-10-09 02:05:26,MAC,4.3,65.0,102.4,960.0
576640,2026-10-09 02:08:28,AIR,1.4,28.0,102.9,1007.0
576641,2026-10-09 02:08:28,ICE,38.4,487.0,102.8,946.0
576642,2026-10-09 02:08:28,WAT,0.0,0.0,102.7,910.0
576643,2026-10-09 02:08:28,MAC,4.3,65.0,102.4,960.0
576644,2026-10-09 02:11:29,AIR,1.4,28.0,102.9,1007.0
576645,2026-10-09 02:11:29,ICE,38.4,487.0,102.8,946.0
576646,2026-10-09 02:11:29,WAT,0.0,0.0,102.7,910.0
576647,2026-10-09 02:11:29,MAC,4.3,65.0,102.4,960.0
576648,2026-10-09 02:14:30,AIR,1.4,28.0,102.9,1007.0
576649,2026-10-09 02:14:30,ICE,38.4,487.0,102.8,946.0
576650,2026-10-09 02:14:30,WAT,0.0,0.0,102.7,910.0
576651,2026-10-09 02:14:30,MAC,4.3,65.0,102.4,960.0
576652,2026-10-09 02:17:32,AIR,1.4,28.0,102.9,1007.0
576653,2026-10-09 02:17:32,ICE,62.7,794.0,102.6,1035.0
576654,2026-10-09 02:17:32,WAT,0.0,0.0,102.7,910.0
576655,2026-10-09 02:17:32,MAC,4.3,65.0,102.4,960.0
576656,2026-10-09 02:20:33,AIR,1.4,28.0,102.9,1007.0
576657,2026-10-09 02:20:33,ICE,62.7,794.0,102.6,1035.0
576658,2026-10-09 02:20:33,WAT,0.0,0.0,102.7,910.0
576659,2026-10-09 02:20:33,MAC,4.3,65.0,102.4,960.0
576660,2026-10-09 02:23:34,AIR,1.4,28.0,102.9,1007.0
576661,2026-10-09 02:23:34,ICE,62.7,794.0,102.6,1035.0
576662,2026-10-09 02:23:34,WAT,0.0,0.0,102.7,910.0
576663,2026-10-09 02:23:34,MAC,4.3,65.0,102.4,960.0
576664,2026-10-09 02:26:36,AIR,1.4,28.0,102.9,1007.0
576665,2026-10-09 02:26:36,ICE,62.7,794.0,102.6,1035.0
576666,2026-10-09 02:26:36,WAT,0.0,0.0,102.7,910.0
576667,2026-10-09 02:26:36,MAC,4.3,65.0,102.4,960.0
576668,2026-10-09 02:29:37,AIR,1.4,28.0,102.9,1007.0
576669,2026-10-09 02:29:37,ICE,62.7,794.0,102.6,1035.0
576670,2026-10-09 02:29:37,WAT,0.0,0.0,102.7,910.0
576671,2026-10-09 02:29:37,MAC,4.3,65.0,102.4,960.0
576672,2026-10-09 02:32:39,AIR,1.4,28.0,102.9,1007.0
576673,2026-10-09 02:32:39,ICE,62.7,794.0,102.6,1035.0
576674,2026-10-09 02:32:39,WAT,0.0,0.0,102.7,910.0
576675,2026-10-09 02:32:39,MAC,4.3,65.0,102.4,960.0
576676,2026-10-09 02:35:40,AIR,1.4,28.0,102.9,1007.0
576677,2026-10-09 02:35:40,ICE,62.7,794.0,102.6,1035.0
576678,2026-10-09 02:35:40,WAT,0.0,0.0,102.7,910.0
576679,2026-10-09 02:35:40,MAC,4.3,65.0,102.4,960.0
576680,2026-10-09 02:38:42,AIR,1.4,28.0,102.9,1007.0
576681,2026-10-09 02:38:42,ICE,62.7,794.0,102.6,1035.0
576682,2026-10-09 02:38:42,WAT,0.0,0.0,102.7,910.0
576683,2026-10-09 02:38:42,MAC,4.3,65.0,102.4,960.0
576684,2026-10-09 02:41:43,AIR,1.4,28.0,102.9,1007.0
576685,2026-10-09 02:41:43,ICE,1.4,29.0,102.9,1061.0
576686,2026-10-09 02:41:43,WAT,0.0,0.0,102.7,910.0
576687,2026-10-09 02:41:43,MAC,4.3,65.0,102.4,960.0
576688,2026-10-09 02:44:45,AIR,1.4,28.0,102.9,1007.0
576689,2026-10-09 02:44:45,ICE,1.4,29.0,102.9,1061.0
576690,2026-10-09 02:44:45,WAT,0.0,0.0,102.7,910.0
576691,2026-10-09 02:44:45,MAC,4.3,65.0,102.4,960.0
576692,2026-10-09 02:47:46,AIR,1.4,28.0,102.9,1007.0
576693,2026-10-09 02:47:46,ICE,1.4,29.0,102.9,1061.0
576694,2026-10-09 02:47:46,WAT,0.0,0.0,102.7,910.0
576695,2026-10-09 02:47:46,MAC,4.3,65.0,102.4,960.0
576696,2026-10-09 02:50:48,AIR,1.4,28.0,102.9,1007.0
576697,2026-10-09 02:50:48,ICE,1.4,29.0,102.9,1061.0
576698,2026-10-09 02:50:48,WAT,0.0,0.0,102.7,910.0
576699,2026-10-09 02:50:48,MAC,4.3,65.0,102.4,960.0
576700,2026-10-09 02:53:49,AIR,1.4,28.0,102.9,1007.0
576701,2026-10-09 02:53:49,ICE,1.4,29.0,102.9,1061.0
576702,2026-10-09 02:53:49,WAT,0.0,0.0,102.7,910.0
576703,2026-10-09 02:53:49,MAC,4.3,65.0,102.4,960.0
576704,2026-10-09 02:56:50,AIR,1.4,28.0,102.9,1007.0
576705,2026-10-09 02:56:50,ICE,40.4,512.0,102.9,1076.0
576706,2026-10-09 02:56:50,WAT,0.0,0.0,102.7,910.0
576707,2026-10-09 02:56:50,MAC,4.3,65.0,102.4,960.0
576708,2026-10-09 02:59:52,AIR,1.4,28.0,102.9,1007.0
576709,2026-10-09 02:59:52,ICE,40.4,512.0,102.9,1076.0
576710,2026-10-09 02:59:52,WAT,0.0,0.0,102.7,910.0
576711,2026-10-09 02:59:52,MAC,4.3,65.0,102.4,960.0
576712,2026-10-09 03:02:53,AIR,1.4,28.0,102.9,1007.0
576713,2026-10-09 03:02:53,ICE,40.4,512.0,102.9,1076.0
576714,2026-10-09 03:02:53,WAT,0.0,0.0,102.7,910.0
576715,2026-10-09 03:02:53,MAC,4.3,65.0,102.4,960.0
576716,2026-10-09 03:05:55,AIR,1.4,28.0,102.9,1007.0
576717,2026-10-09 03:05:55,ICE,40.4,512.0,102.9,1076.0
576718,2026-10-09 03:05:55,WAT,0.0,0.0,102.7,910.0
576719,2026-10-09 03:05:55,MAC,4.3,65.0,102.4,960.0
576720,2026-10-09 03:08:56,AIR,1.4,28.0,102.9,1007.0
576721,2026-10-09 03:08:56,ICE,40.4,512.0,102.9,1076.0
576722,2026-10-09 03:08:56,WAT,0.0,0.0,102.7,910.0
576723,2026-10-09 03:08:56,MAC,4.3,65.0,102.4,960.0
576724,2026-10-09 03:11:57,AIR,1.4,28.0,102.9,1007.0
576725,2026-10-09 03:11:57,ICE,40.4,512.0,102.9,1076.0
576726,2026-10-09 03:11:57,WAT,0.0,0.0,102.7,910.0
576727,2026-10-09 03:11:57,MAC,4.3,65.0,102.4,960.0
576728,2026-10-09 03:14:58,AIR,1.4,28.0,102.9,1007.0
576729,2026-10-09 03:14:58,ICE,40.4,512.0,102.9,1076.0
576730,2026-10-09 03:14:58,WAT,0.0,0.0,102.7,910.0
576731,2026-10-09 03:14:58,MAC,4.3,65.0,102.4,960.0
576732,2026-10-09 03:18:01,AIR,1.4,28.0,102.9,1007.0
576733,2026-10-09 03:18:01,ICE,40.4,512.0,102.9,1076.0
576734,2026-10-09 03:18:01,WAT,0.0,0.0,102.7,910.0
576735,2026-10-09 03:18:01,MAC,4.3,65.0,102.4,960.0
576736,2026-10-09 03:21:02,AIR,1.4,28.0,102.9,1007.0
576737,2026-10-09 03:21:02,ICE,40.4,512.0,102.9,1076.0
576738,2026-10-09 03:21:02,WAT,0.0,0.0,102.7,910.0
576739,2026-10-09 03:21:02,MAC,4.3,65.0,102.4,960.0
576740,2026-10-09 03:24:04,AIR,1.4,28.0,102.9,1007.0
576741,2026-10-09 03:24:04,ICE,40.4,512.0,102.9,1076.0
576742,2026-10-09 03:24:04,WAT,0.0,0.0,102.7,910.0
576743,2026-10-09 03:24:04,MAC,4.3,65.0,102.4,960.0
576744,2026-10-09 03:27:06,AIR,1.4,28.0,102.9,1007.0
576745,2026-10-09 03:27:06,ICE,40.4,512.0,102.9,1076.0
576746,2026-10-09 03:27:06,WAT,0.0,0.0,102.7,910.0
576747,2026-10-09 03:27:06,MAC,4.3,65.0,102.4,960.0
576748,2026-10-09 03:30:07,AIR,1.4,28.0,102.9,1007.0
576749,2026-10-09 03:30:07,ICE,40.4,512.0,102.9,1076.0
576750,2026-10-09 03:30:07,WAT,0.0,0.0,102.7,910.0
576751,2026-10-09 03:30:07,MAC,4.3,65.0,102.4,960.0
576752,2026-10-09 03:33:13,AIR,1.4,28.0,102.9,1007.0
576753,2026-10-09 03:33:13,ICE,40.4,512.0,102.9,1076.0
576754,2026-10-09 03:33:13,WAT,0.0,0.0,102.7,910.0
576755,2026-10-09 03:33:13,MAC,4.3,65.0,102.4,960.0
576756,2026-10-09 03:36:14,AIR,1.4,28.0,102.9,1007.0
576757,2026-10-09 03:36:14,ICE,40.4,512.0,102.9,1076.0
576758,2026-10-09 03:36:14,WAT,0.0,0.0,102.7,910.0
576759,2026-10-09 03:36:14,MAC,4.3,65.0,102.4,960.0
576760,2026-10-09 03:39:16,AIR,1.4,28.0,102.9,1007.0
576761,2026-10-09 03:39:16,ICE,40.4,512.0,102.9,1076.0
576762,2026-10-09 03:39:16,WAT,0.0,0.0,102.7,910.0
576763,2026-10-09 03:39:16,MAC,4.3,65.0,102.4,960.0
576764,2026-10-09 03:42:17,AIR,1.4,28.0,102.9,1007.0
576765,2026-10-09 03:42:17,ICE,40.4,512.0,102.9,1076.0
576766,2026-10-09 03:42:17,WAT,0.0,0.0,102.7,910.0
576767,2026-10-09 03:42:17,MAC,4.3,65.0,102.4,960.0
576768,2026-10-09 03:45:19,AIR,1.4,28.0,102.9,1007.0
576769,2026-10-09 03:45:19,ICE,40.4,512.0,102.9,1076.0
576770,2026-10-09 03:45:19,WAT,0.0,0.0,102.7,910.0
576771,2026-10-09 03:45:19,MAC,4.3,65.0,102.4,960.0
576772,2026-10-09 03:48:20,AIR,1.4,28.0,102.9,1007.0
576773,2026-10-09 03:48:20,ICE,40.4,512.0,102.9,1076.0
576774,2026-10-09 03:48:20,WAT,0.0,0.0,102.7,910.0
576775,2026-10-09 03:48:20,MAC,4.3,65.0,102.4,960.0
576776,2026-10-09 03:51:21,AIR,1.4,28.0,102.9,1007.0
576777,2026-10-09 03:51:21,ICE,40.4,512.0,102.9,1076.0
576778,2026-10-09 03:51:21,WAT,0.0,0.0,102.7,910.0
576779,2026-10-09 03:51:21,MAC,4.3,65.0,102.4,960.0
576780,2026-10-09 03:54:23,AIR,1.4,28.0,102.9,1007.0
576781,2026-10-09 03:54:23,ICE,40.4,512.0,102.9,1076.0
576782,2026-10-09 03:54:23,WAT,0.0,0.0,102.7,910.0
576783,2026-10-09 03:54:23,MAC,4.3,65.0,102.4,960.0
576784,2026-10-09 03:57:24,AIR,1.4,28.0,102.9,1007.0
576785,2026-10-09 03:57:24,ICE,40.4,512.0,102.9,1076.0
576786,2026-10-09 03:57:24,WAT,0.0,0.0,102.7,910.0
576787,2026-10-09 03:57:24,MAC,4.3,65.0,102.4,960.0
576788,2026-10-09 04:00:25,AIR,1.4,28.0,102.9,1007.0
576789,2026-10-09 04:00:25,ICE,40.4,512.0,102.9,1076.0
576790,2026-10-09 04:00:25,WAT,0.0,0.0,102.7,910.0
576791,2026-10-09 04:00:25,MAC,4.3,65.0,102.4,960.0
576792,2026-10-09 04:03:54,AIR,1.4,28.0,102.9,1007.0
576793,2026-10-09 04:03:54,ICE,40.4,512.0,102.9,1076.0
576794,2026-10-09 04:03:54,WAT,0.0,0.0,102.7,910.0
576795,2026-10-09 04:03:54,MAC,4.3,65.0,102.4,960.0
576796,2026-10-09 04:06:55,AIR,1.4,28.0,102.9,1007.0
576797,2026-10-09 04:06:55,ICE,40.4,512.0,102.9,1076.0
576798,2026-10-09 04:06:55,WAT,0.0,0.0,102.7,910.0
576799,2026-10-09 04:06:55,MAC,4.3,65.0,102.4,960.0
576800,2026-10-09 04:09:57,AIR,1.4,28.0,102.9,1007.0
576801,2026-10-09 04:09:57,ICE,40.4,512.0,102.9,1076.0
576802,2026-10-09 04:09:57,WAT,0.0,0.0,102.7,910.0
576803,2026-10-09 04:09:57,MAC,4.3,65.0,102.4,960.0
576804,2026-10-09 04:12:58,AIR,1.4,28.0,102.9,1007.0
576805,2026-10-09 04:12:58,ICE,40.4,512.0,102.9,1076.0
576806,2026-10-09 04:12:58,WAT,0.0,0.0,102.7,910.0
576807,2026-10-09 04:12:58,MAC,4.3,65.0,102.4,960.0
576808,2026-10-09 04:15:59,AIR,1.4,28.0,102.9,1007.0
576809,2026-10-09 04:15:59,ICE,40.4,512.0,102.9,1076.0
576810,2026-10-09 04:15:59,WAT,0.0,0.0,102.7,910.0
576811,2026-10-09 04:15:59,MAC,4.3,65.0,102.4,960.0
576812,2026-10-09 04:18:59,AIR,1.4,28.0,102.9,1007.0
576813,2026-10-09 04:18:59,ICE,40.4,512.0,102.9,1076.0
576814,2026-10-09 04:18:59,WAT,0.0,0.0,102.7,910.0
576815,2026-10-09 04:18:59,MAC,4.3,65.0,102.4,960.0
576816,2026-10-09 04:22:01,AIR,1.4,28.0,102.9,1007.0
576817,2026-10-09 04:22:01,ICE,40.4,512.0,102.9,1076.0
576818,2026-10-09 04:22:01,WAT,0.0,0.0,102.7,910.0
576819,2026-10-09 04:22:01,MAC,4.3,65.0,102.4,960.0
576820,2026-10-09 04:25:03,AIR,1.4,28.0,102.9,1007.0
576821,2026-10-09 04:25:03,ICE,40.4,512.0,102.9,1076.0
576822,2026-10-09 04:25:03,WAT,0.0,0.0,102.7,910.0
576823,2026-10-09 04:25:03,MAC,4.3,65.0,102.4,960.0
576824,2026-10-09 04:28:05,AIR,1.4,28.0,102.9,1007.0
576825,2026-10-09 04:28:05,ICE,63.0,800.0,102.5,1165.0
576826,2026-10-09 04:28:05,WAT,0.0,0.0,102.7,910.0
576827,2026-10-09 04:28:05,MAC,4.3,65.0,102.4,960.0
576828,2026-10-09 04:31:06,AIR,1.4,28.0,102.9,1007.0
576829,2026-10-09 04:31:06,ICE,63.0,800.0,102.5,1165.0
576830,2026-10-09 04:31:06,WAT,0.0,0.0,102.7,910.0
576831,2026-10-09 04:31:06,MAC,4.3,65.0,102.4,960.0
576832,2026-10-09 04:34:08,AIR,1.4,28.0,102.9,1007.0
576833,2026-10-09 04:34:08,ICE,63.0,800.0,102.5,1165.0
576834,2026-10-09 04:34:08,WAT,0.0,0.0,102.7,910.0
576835,2026-10-09 04:34:08,MAC,4.3,65.0,102.4,960.0
576836,2026-10-09 04:37:09,AIR,1.4,28.0,102.9,1007.0
576837,2026-10-09 04:37:09,ICE,63.0,800.0,102.5,1165.0
576838,2026-10-09 04:37:09,WAT,0.0,0.0,102.7,910.0
576839,2026-10-09 04:37:09,MAC,4.3,65.0,102.4,960.0
576840,2026-10-09 04:40:11,AIR,1.4,28.0,102.9,1007.0
576841,2026-10-09 04:40:11,ICE,63.0,800.0,102.5,1165.0
576842,2026-10-09 04:40:11,WAT,0.0,0.0,102.7,910.0
576843,2026-10-09 04:40:11,MAC,4.3,65.0,102.4,960.0
576844,2026-10-09 04:43:12,AIR,1.4,28.0,102.9,1007.0
576845,2026-10-09 04:43:12,ICE,63.0,800.0,102.5,1165.0
576846,2026-10-09 04:43:12,WAT,0.0,0.0,102.7,910.0
576847,2026-10-09 04:43:12,MAC,4.3,65.0,102.4,960.0
576848,2026-10-09 04:46:15,AIR,1.4,28.0,102.9,1007.0
576849,2026-10-09 04:46:15,ICE,63.0,800.0,102.5,1165.0
576850,2026-10-09 04:46:15,WAT,0.0,0.0,102.7,910.0
576851,2026-10-09 04:46:15,MAC,4.3,65.0,102.4,960.0
576852,2026-10-09 04:49:17,AIR,1.4,28.0,102.9,1007.0
576853,2026-10-09 04:49:17,ICE,63.0,800.0,102.5,1165.0
576854,2026-10-09 04:49:17,WAT,0.0,0.0,102.7,910.0
576855,2026-10-09 04:49:17,MAC,4.3,65.0,102.4,960.0
576856,2026-10-09 04:52:18,AIR,1.4,28.0,102.9,1007.0
576857,2026-10-09 04:52:18,ICE,63.0,800.0,102.5,1165.0
576858,2026-10-09 04:52:18,WAT,0.0,0.0,102.7,910.0
576859,2026-10-09 04:52:18,MAC,4.3,65.0,102.4,960.0
576860,2026-10-09 04:55:19,AIR,1.4,28.0,102.9,1007.0
576861,2026-10-09 04:55:19,ICE,63.0,800.0,102.5,1165.0
576862,2026-10-09 04:55:19,WAT,0.0,0.0,102.7,910.0
576863,2026-10-09 04:55:19,MAC,4.3,65.0,102.4,960.0
576864,2026-10-09 04:58:20,AIR,1.4,28.0,102.9,1007.0
576865,2026-10-09 04:58:20,ICE,63.0,800.0,102.5,1165.0
576866,2026-10-09 04:58:20,WAT,0.0,0.0,102.7,910.0
576867,2026-10-09 04:58:20,MAC,4.3,65.0,102.4,960.0
576868,2026-10-09 05:01:22,AIR,1.4,28.0,102.9,1007.0
576869,2026-10-09 05:01:22,ICE,1.5,28.0,104.1,1198.0
576870,2026-10-09 05:01:22,WAT,0.0,0.0,102.7,910.0
576871,2026-10-09 05:01:22,MAC,4.3,65.0,102.4,960.0
576872,2026-10-09 05:04:23,AIR,1.4,28.0,102.9,1007.0
576873,2026-10-09 05:04:23,ICE,1.5,28.0,104.1,1198.0
576874,2026-10-09 05:04:23,WAT,0.0,0.0,102.7,910.0
576875,2026-10-09 05:04:23,MAC,4.3,65.0,102.4,960.0
576876,2026-10-09 05:07:24,AIR,1.4,28.0,102.9,1007.0
576877,2026-10-09 05:07:24,ICE,1.5,28.0,104.1,1198.0
576878,2026-10-09 05:07:24,WAT,0.0,0.0,102.7,910.0
576879,2026-10-09 05:07:24,MAC,4.3,65.0,102.4,960.0
576880,2026-10-09 05:10:26,AIR,1.4,28.0,102.9,1007.0
576881,2026-10-09 05:10:26,ICE,1.5,28.0,104.1,1198.0
576882,2026-10-09 05:10:26,WAT,0.0,0.0,102.7,910.0
576883,2026-10-09 05:10:26,MAC,4.3,65.0,102.4,960.0
576884,2026-10-09 05:13:27,AIR,1.4,28.0,102.9,1007.0
576885,2026-10-09 05:13:27,ICE,1.5,28.0,104.1,1198.0
576886,2026-10-09 05:13:27,WAT,0.0,0.0,102.7,910.0
576887,2026-10-09 05:13:27,MAC,4.3,65.0,102.4,960.0
576888,2026-10-09 05:16:28,AIR,1.4,28.0,102.9,1007.0
576889,2026-10-09 05:16:28,ICE,142.1,1371.0,103.7,1213.0
576890,2026-10-09 05:16:28,WAT,0.0,0.0,102.7,910.0
576891,2026-10-09 05:16:28,MAC,4.3,65.0,102.4,960.0
576892,2026-10-09 05:19:30,AIR,1.4,28.0,102.9,1007.0
576893,2026-10-09 05:19:30,ICE,142.1,1371.0,103.7,1213.0
576894,2026-10-09 05:19:30,WAT,0.0,0.0,102.7,910.0
576895,2026-10-09 05:19:30,MAC,4.3,65.0,102.4,960.0
576896,2026-10-09 05:22:31,AIR,1.4,28.0,102.9,1007.0
576897,2026-10-09 05:22:31,ICE,142.1,1371.0,103.7,1213.0
576898,2026-10-09 05:22:31,WAT,0.0,0.0,102.7,910.0
576899,2026-10-09 05:22:31,MAC,4.3,65.0,102.4,960.0
576900,2026-10-09 05:25:32,AIR,1.4,28.0,102.9,1007.0
576901,2026-10-09 05:25:32,ICE,142.1,1371.0,103.7,1213.0
576902,2026-10-09 05:25:32,WAT,0.0,0.0,102.7,910.0
576903,2026-10-09 05:25:32,MAC,4.3,65.0,102.4,960.0
576904,2026-10-09 05:28:34,AIR,1.4,28.0,102.9,1007.0
576905,2026-10-09 05:28:34,ICE,142.1,1371.0,103.7,1213.0
576906,2026-10-09 05:28:34,WAT,0.0,0.0,102.7,910.0
576907,2026-10-09 05:28:34,MAC,4.3,65.0,102.4,960.0
576908,2026-10-09 05:31:35,AIR,1.4,28.0,102.9,1007.0
576909,2026-10-09 05:31:35,ICE,142.1,1371.0,103.7,1213.0
576910,2026-10-09 05:31:35,WAT,0.0,0.0,102.7,910.0
576911,2026-10-09 05:31:35,MAC,4.3,65.0,102.4,960.0
576912,2026-10-09 05:34:37,AIR,1.4,28.0,102.9,1007.0
576913,2026-10-09 05:34:37,ICE,142.1,1371.0,103.7,1213.0
576914,2026-10-09 05:34:37,WAT,0.0,0.0,102.7,910.0
576915,2026-10-09 05:34:37,MAC,4.3,65.0,102.4,960.0
576916,2026-10-09 05:37:38,AIR,1.4,28.0,102.9,1007.0
576917,2026-10-09 05:37:38,ICE,142.1,1371.0,103.7,1213.0
576918,2026-10-09 05:37:38,WAT,0.0,0.0,102.7,910.0
576919,2026-10-09 05:37:38,MAC,4.3,65.0,102.4,960.0
576920,2026-10-09 05:40:39,AIR,1.4,28.0,102.9,1007.0
576921,2026-10-09 05:40:39,ICE,142.1,1371.0,103.7,1213.0
576922,2026-10-09 05:40:39,WAT,0.0,0.0,102.7,910.0
576923,2026-10-09 05:40:39,MAC,4.3,65.0,102.4,960.0
576924,2026-10-09 05:43:40,AIR,1.4,28.0,102.9,1007.0
576925,2026-10-09 05:43:40,ICE,142.1,1371.0,103.7,1213.0
576926,2026-10-09 05:43:40,WAT,0.0,0.0,102.7,910.0
576927,2026-10-09 05:43:40,MAC,4.3,65.0,102.4,960.0
576928,2026-10-09 05:46:41,AIR,1.4,28.0,102.9,1007.0
576929,2026-10-09 05:46:41,ICE,142.1,1371.0,103.7,1213.0
576930,2026-10-09 05:46:41,WAT,0.0,0.0,102.7,910.0
576931,2026-10-09 05:46:41,MAC,4.3,65.0,102.4,960.0
576932,2026-10-09 05:49:43,AIR,1.4,28.0,102.9,1007.0
576933,2026-10-09 05:49:43,ICE,142.1,1371.0,103.7,1213.0
576934,2026-10-09 05:49:43,WAT,0.0,0.0,102.7,910.0
576935,2026-10-09 05:49:43,MAC,4.3,65.0,102.4,960.0
576936,2026-10-09 05:52:44,AIR,1.4,28.0,102.9,1007.0
576937,2026-10-09 05:52:44,ICE,63.7,775.0,103.7,1251.0
576938,2026-10-09 05:52:44,WAT,0.0,0.0,102.7,910.0
576939,2026-10-09 05:52:44,MAC,4.3,65.0,102.4,960.0
576940,2026-10-09 05:55:45,AIR,1.4,28.0,102.9,1007.0
576941,2026-10-09 05:55:45,ICE,63.7,775.0,103.7,1251.0
576942,2026-10-09 05:55:45,WAT,0.0,0.0,102.7,910.0
576943,2026-10-09 05:55:45,MAC,4.3,65.0,102.4,960.0
576944,2026-10-09 05:58:47,AIR,1.4,28.0,102.9,1007.0
576945,2026-10-09 05:58:47,ICE,63.7,775.0,103.7,1251.0
576946,2026-10-09 05:58:47,WAT,0.0,0.0,102.7,910.0
576947,2026-10-09 05:58:47,MAC,4.3,65.0,102.4,960.0
576948,2026-10-09 06:01:48,AIR,1.4,28.0,102.9,1007.0
576949,2026-10-09 06:01:48,ICE,63.7,775.0,103.7,1251.0
576950,2026-10-09 06:01:48,WAT,0.0,0.0,102.7,910.0
576951,2026-10-09 06:01:48,MAC,4.3,65.0,102.4,960.0
576952,2026-10-09 06:04:50,AIR,1.4,28.0,102.9,1007.0
576953,2026-10-09 06:04:50,ICE,53.6,672.0,103.3,1262.0
576954,2026-10-09 06:04:50,WAT,0.0,0.0,102.7,910.0
576955,2026-10-09 06:04:50,MAC,4.3,65.0,102.4,960.0
576956,2026-10-09 06:07:51,AIR,1.4,28.0,102.9,1007.0
576957,2026-10-09 06:07:51,ICE,53.6,672.0,103.3,1262.0
576958,2026-10-09 06:07:51,WAT,0.0,0.0,102.7,910.0
576959,2026-10-09 06:07:51,MAC,4.3,65.0,102.4,960.0
576960,2026-10-09 06:10:53,AIR,1.4,28.0,102.9,1007.0
576961,2026-10-09 06:10:53,ICE,53.6,672.0,103.3,1262.0
576962,2026-10-09 06:10:53,WAT,0.0,0.0,102.7,910.0
576963,2026-10-09 06:10:53,MAC,4.3,65.0,102.4,960.0
576964,2026-10-09 06:13:54,AIR,1.4,28.0,102.9,1007.0
576965,2026-10-09 06:13:54,ICE,53.6,672.0,103.3,1262.0
576966,2026-10-09 06:13:54,WAT,0.0,0.0,102.7,910.0
576967,2026-10-09 06:13:54,MAC,4.3,65.0,102.4,960.0
576968,2026-10-09 06:16:55,AIR,1.4,28.0,102.9,1007.0
576969,2026-10-09 06:16:55,ICE,53.6,672.0,103.3,1262.0
576970,2026-10-09 06:16:55,WAT,0.0,0.0,102.7,910.0
576971,2026-10-09 06:16:55,MAC,4.3,65.0,102.4,960.0
576972,2026-10-09 06:19:56,AIR,1.4,28.0,102.9,1007.0
576973,2026-10-09 06:19:56,ICE,53.6,672.0,103.3,1262.0
576974,2026-10-09 06:19:56,WAT,0.0,0.0,102.7,910.0
576975,2026-10-09 06:19:56,MAC,4.3,65.0,102.4,960.0
576976,2026-10-09 06:22:57,AIR,1.4,28.0,102.9,1007.0
576977,2026-10-09 06:22:57,ICE,53.6,672.0,103.3,1262.0
576978,2026-10-09 06:22:57,WAT,0.0,0.0,102.7,910.0
576979,2026-10-09 06:22:57,MAC,4.3,65.0,102.4,960.0
576980,2026-10-09 06:25:59,AIR,1.4,28.0,102.9,1007.0
576981,2026-10-09 06:25:59,ICE,53.6,672.0,103.3,1262.0
576982,2026-10-09 06:25:59,WAT,0.0,0.0,102.7,910.0
576983,2026-10-09 06:25:59,MAC,4.3,65.0,102.4,960.0
576984,2026-10-09 06:29:00,AIR,1.4,28.0,102.9,1007.0
576985,2026-10-09 06:29:00,ICE,53.6,672.0,103.3,1262.0
576986,2026-10-09 06:29:00,WAT,0.0,0.0,102.7,910.0
576987,2026-10-09 06:29:00,MAC,4.3,65.0,102.4,960.0
576988,2026-10-09 06:32:02,AIR,1.4,28.0,102.9,1007.0
576989,2026-10-09 06:32:02,ICE,53.6,672.0,103.3,1262.0
576990,2026-10-09 06:32:02,WAT,0.0,0.0,102.7,910.0
576991,2026-10-09 06:32:02,MAC,4.3,65.0,102.4,960.0
576992,2026-10-09 06:35:03,AIR,1.4,28.0,102.9,1007.0
576993,2026-10-09 06:35:03,ICE,53.6,672.0,103.3,1262.0
576994,2026-10-09 06:35:03,WAT,0.0,0.0,102.7,910.0
576995,2026-10-09 06:35:03,MAC,4.3,65.0,102.4,960.0
576996,2026-10-09 06:38:04,AIR,1.4,28.0,102.9,1007.0
576997,2026-10-09 06:38:04,ICE,53.6,672.0,103.3,1262.0
576998,2026-10-09 06:38:04,WAT,0.0,0.0,102.7,910.0
576999,2026-10-09 06:38:04,MAC,4.3,65.0,102.4,960.0
577000,2026-10-09 06:41:06,AIR,1.4,28.0,102.9,1007.0
577001,2026-10-09 06:41:06,ICE,53.6,672.0,103.3,1262.0
577002,2026-10-09 06:41:06,WAT,0.0,0.0,102.7,910.0
577003,2026-10-09 06:41:06,MAC,4.3,65.0,102.4,960.0
577004,2026-10-09 06:44:07,AIR,1.4,28.0,102.9,1007.0
577005,2026-10-09 06:44:07,ICE,43.5,557.0,102.9,1302.0
577006,2026-10-09 06:44:07,WAT,0.0,0.0,102.7,910.0
577007,2026-10-09 06:44:07,MAC,4.3,65.0,102.4,960.0
577008,2026-10-09 06:47:08,AIR,1.4,28.0,102.9,1007.0
577009,2026-10-09 06:47:08,ICE,43.5,557.0,102.9,1302.0
577010,2026-10-09 06:47:08,WAT,0.0,0.0,102.7,910.0
577011,2026-10-09 06:47:08,MAC,4.3,65.0,102.4,960.0
577012,2026-10-09 06:50:10,AIR,1.4,28.0,102.9,1007.0
577013,2026-10-09 06:50:10,ICE,43.5,557.0,102.9,1302.0
577014,2026-10-09 06:50:10,WAT,0.0,0.0,102.7,910.0
577015,2026-10-09 06:50:10,MAC,4.3,65.0,102.4,960.0
577016,2026-10-09 06:53:12,AIR,1.4,28.0,102.9,1007.0
577017,2026-10-09 06:53:12,ICE,43.5,557.0,102.9,1302.0
577018,2026-10-09 06:53:12,WAT,0.0,0.0,102.7,910.0
577019,2026-10-09 06:53:12,MAC,4.3,65.0,102.4,960.0
577020,2026-10-09 06:56:14,AIR,1.4,28.0,102.9,1007.0
577021,2026-10-09 06:56:14,ICE,43.5,557.0,102.9,1302.0
577022,2026-10-09 06:56:14,WAT,0.0,0.0,102.7,910.0
577023,2026-10-09 06:56:14,MAC,4.3,65.0,102.4,960.0
577024,2026-10-09 06:59:15,AIR,1.4,28.0,102.9,1007.0
577025,2026-10-09 06:59:15,ICE,43.5,557.0,102.9,1302.0
577026,2026-10-09 06:59:15,WAT,0.0,0.0,102.7,910.0
577027,2026-10-09 06:59:15,MAC,4.3,65.0,102.4,960.0
577028,2026-10-09 07:02:17,AIR,1.4,28.0,102.9,1007.0
577029,2026-10-09 07:02:17,ICE,43.5,557.0,102.9,1302.0
577030,2026-10-09 07:02:17,WAT,0.0,0.0,102.7,910.0
577031,2026-10-09 07:02:17,MAC,4.3,65.0,102.4,960.0
577032,2026-10-09 07:05:19,AIR,1.4,28.0,102.9,1007.0
577033,2026-10-09 07:05:19,ICE,43.5,557.0,102.9,1302.0
577034,2026-10-09 07:05:19,WAT,0.0,0.0,102.7,910.0
577035,2026-10-09 07:05:19,MAC,4.3,65.0,102.4,960.0
577036,2026-10-09 07:08:20,AIR,1.4,28.0,102.9,1007.0
577037,2026-10-09 07:08:20,ICE,43.5,557.0,102.9,1302.0
577038,2026-10-09 07:08:20,WAT,0.0,0.0,102.7,910.0
577039,2026-10-09 07:08:20,MAC,4.3,65.0,102.4,960.0
577040,2026-10-09 07:11:21,AIR,1.4,28.0,102.9,1007.0
577041,2026-10-09 07:11:21,ICE,43.5,557.0,102.9,1302.0
577042,2026-10-09 07:11:21,WAT,0.0,0.0,102.7,910.0
577043,2026-10-09 07:11:21,MAC,4.3,65.0,102.4,960.0
577044,2026-10-09 07:14:23,AIR,1.4,28.0,102.9,1007.0
577045,2026-10-09 07:14:23,ICE,43.5,557.0,102.9,1302.0
577046,2026-10-09 07:14:23,WAT,0.0,0.0,102.7,910.0
577047,2026-10-09 07:14:23,MAC,4.3,65.0,102.4,960.0
577048,2026-10-09 07:17:24,AIR,1.4,28.0,102.9,1007.0
577049,2026-10-09 07:17:24,ICE,43.5,557.0,102.9,1302.0
577050,2026-10-09 07:17:24,WAT,0.0,0.0,102.7,910.0
577051,2026-10-09 07:17:24,MAC,4.3,65.0,102.4,960.0
577052,2026-10-09 07:20:25,AIR,1.4,28.0,102.9,1007.0
577053,2026-10-09 07:20:25,ICE,43.5,557.0,102.9,1302.0
577054,2026-10-09 07:20:25,WAT,0.0,0.0,102.7,910.0
577055,2026-10-09 07:20:25,MAC,4.3,65.0,102.4,960.0
577056,2026-10-09 07:23:26,AIR,1.4,28.0,102.9,1007.0
577057,2026-10-09 07:23:26,ICE,67.6,854.0,102.9,1341.0
577058,2026-10-09 07:23:26,WAT,0.0,0.0,102.7,910.0
577059,2026-10-09 07:23:26,MAC,4.3,65.0,102.4,960.0
577060,2026-10-09 07:26:28,AIR,1.4,28.0,102.9,1007.0
577061,2026-10-09 07:26:28,ICE,67.6,854.0,102.9,1341.0
577062,2026-10-09 07:26:28,WAT,0.0,0.0,102.7,910.0
577063,2026-10-09 07:26:28,MAC,4.3,65.0,102.4,960.0
577064,2026-10-09 07:29:29,AIR,1.4,28.0,102.9,1007.0
577065,2026-10-09 07:29:29,ICE,67.6,854.0,102.9,1341.0
577066,2026-10-09 07:29:29,WAT,0.0,0.0,102.7,910.0
577067,2026-10-09 07:29:29,MAC,4.3,65.0,102.4,960.0
577068,2026-10-09 07:32:31,AIR,1.4,28.0,102.9,1007.0
577069,2026-10-09 07:32:31,ICE,67.6,854.0,102.9,1341.0
577070,2026-10-09 07:32:31,WAT,0.0,0.0,102.7,910.0
577071,2026-10-09 07:32:31,MAC,4.3,65.0,102.4,960.0
577072,2026-10-09 07:35:33,AIR,1.4,28.0,102.9,1007.0
577073,2026-10-09 07:35:33,ICE,3.0,29.0,102.5,1355.0
577074,2026-10-09 07:35:33,WAT,0.0,0.0,102.7,910.0
577075,2026-10-09 07:35:33,MAC,4.3,65.0,102.4,960.0
577076,2026-10-09 07:38:34,AIR,1.4,28.0,102.9,1007.0
577077,2026-10-09 07:38:34,ICE,3.0,29.0,102.5,1355.0
577078,2026-10-09 07:38:34,WAT,0.0,0.0,102.7,910.0
577079,2026-10-09 07:38:34,MAC,4.3,65.0,102.4,960.0
577080,2026-10-09 07:41:35,AIR,1.4,28.0,102.9,1007.0
577081,2026-10-09 07:41:35,ICE,38.9,492.0,102.8,1361.0
577082,2026-10-09 07:41:35,WAT,0.0,0.0,102.7,910.0
577083,2026-10-09 07:41:35,MAC,4.3,65.0,102.4,960.0
577084,2026-10-09 07:44:34,AIR,1.4,28.0,102.9,1007.0
577085,2026-10-09 07:44:34,ICE,38.9,492.0,102.8,1361.0
577086,2026-10-09 07:44:34,WAT,0.0,0.0,102.7,910.0
577087,2026-10-09 07:44:34,MAC,4.3,65.0,102.4,960.0
577088,2026-10-09 07:47:36,AIR,1.4,28.0,102.9,1007.0
577089,2026-10-09 07:47:36,ICE,38.9,492.0,102.8,1361.0
577090,2026-10-09 07:47:36,WAT,0.0,0.0,102.7,910.0
577091,2026-10-09 07:47:36,MAC,4.3,65.0,102.4,960.0
577092,2026-10-09 07:50:37,AIR,1.4,28.0,102.9,1007.0
577093,2026-10-09 07:50:37,ICE,38.9,492.0,102.8,1361.0
577094,2026-10-09 07:50:37,WAT,0.0,0.0,102.7,910.0
577095,2026-10-09 07:50:37,MAC,4.3,65.0,102.4,960.0
577096,2026-10-09 07:53:39,AIR,1.4,28.0,102.9,1007.0
577097,2026-10-09 07:53:39,ICE,38.9,492.0,102.8,1361.0
577098,2026-10-09 07:53:39,WAT,0.0,0.0,102.7,910.0
577099,2026-10-09 07:53:39,MAC,4.3,65.0,102.4,960.0
577100,2026-10-09 07:56:40,AIR,1.4,28.0,102.9,1007.0
577101,2026-10-09 07:56:40,ICE,38.9,492.0,102.8,1361.0
577102,2026-10-09 07:56:40,WAT,0.0,0.0,102.7,910.0
577103,2026-10-09 07:56:40,MAC,4.3,65.0,102.4,960.0
577104,2026-10-09 07:59:42,AIR,1.4,28.0,102.9,1007.0
577105,2026-10-09 07:59:42,ICE,38.9,492.0,102.8,1361.0
577106,2026-10-09 07:59:42,WAT,0.0,0.0,102.7,910.0
577107,2026-10-09 07:59:42,MAC,4.3,65.0,102.4,960.0
577108,2026-10-09 08:02:43,AIR,1.4,28.0,102.9,1007.0
577109,2026-10-09 08:02:43,ICE,38.9,492.0,102.8,1361.0
577110,2026-10-09 08:02:43,WAT,0.0,0.0,102.7,910.0
577111,2026-10-09 08:02:43,MAC,4.3,65.0,102.4,960.0
577112,2026-10-09 08:05:45,AIR,1.4,28.0,102.9,1007.0
577113,2026-10-09 08:05:45,ICE,38.9,492.0,102.8,1361.0
577114,2026-10-09 08:05:45,WAT,0.0,0.0,102.7,910.0
577115,2026-10-09 08:05:45,MAC,4.3,65.0,102.4,960.0
577116,2026-10-09 08:08:46,AIR,1.4,28.0,102.9,1007.0
577117,2026-10-09 08:08:46,ICE,38.9,492.0,102.8,1361.0
577118,2026-10-09 08:08:46,WAT,0.0,0.0,102.7,910.0
577119,2026-10-09 08:08:46,MAC,4.3,65.0,102.4,960.0
577120,2026-10-09 08:11:49,AIR,1.4,28.0,102.9,1007.0
577121,2026-10-09 08:11:49,ICE,38.9,492.0,102.8,1361.0
577122,2026-10-09 08:11:49,WAT,0.0,0.0,102.7,910.0
577123,2026-10-09 08:11:49,MAC,4.3,65.0,102.4,960.0
577124,2026-10-09 08:14:51,AIR,1.4,28.0,102.9,1007.0
577125,2026-10-09 08:14:51,ICE,38.9,492.0,102.8,1361.0
577126,2026-10-09 08:14:51,WAT,0.0,0.0,102.7,910.0
577127,2026-10-09 08:14:51,MAC,4.3,65.0,102.4,960.0
577128,2026-10-09 08:17:52,AIR,1.4,28.0,102.9,1007.0
577129,2026-10-09 08:17:52,ICE,38.9,492.0,102.8,1361.0
577130,2026-10-09 08:17:52,WAT,0.0,0.0,102.7,910.0
577131,2026-10-09 08:17:52,MAC,4.3,65.0,102.4,960.0
577132,2026-10-09 08:20:54,AIR,1.4,28.0,102.9,1007.0
577133,2026-10-09 08:20:54,ICE,38.9,492.0,102.8,1361.0
577134,2026-10-09 08:20:54,WAT,0.0,0.0,102.7,910.0
577135,2026-10-09 08:20:54,MAC,4.3,65.0,102.4,960.0
577136,2026-10-09 08:23:55,AIR,1.4,28.0,102.9,1007.0
577137,2026-10-09 08:23:55,ICE,38.9,492.0,102.8,1361.0
577138,2026-10-09 08:23:55,WAT,0.0,0.0,102.7,910.0
577139,2026-10-09 08:23:55,MAC,4.3,65.0,102.4,960.0
577140,2026-10-09 08:26:56,AIR,1.4,28.0,102.9,1007.0
577141,2026-10-09 08:26:56,ICE,38.9,492.0,102.8,1361.0
577142,2026-10-09 08:26:56,WAT,0.0,0.0,102.7,910.0
577143,2026-10-09 08:26:56,MAC,4.3,65.0,102.4,960.0
577144,2026-10-09 08:29:58,AIR,1.4,28.0,102.9,1007.0
577145,2026-10-09 08:29:58,ICE,38.9,492.0,102.8,1361.0
577146,2026-10-09 08:29:58,WAT,0.0,0.0,102.7,910.0
577147,2026-10-09 08:29:58,MAC,4.3,65.0,102.4,960.0
577148,2026-10-09 08:33:00,AIR,1.4,28.0,102.9,1007.0
577149,2026-10-09 08:33:00,ICE,38.9,492.0,102.8,1361.0
577150,2026-10-09 08:33:00,WAT,0.0,0.0,102.7,910.0
577151,2026-10-09 08:33:00,MAC,4.3,65.0,102.4,960.0
577152,2026-10-09 08:35:59,AIR,1.4,28.0,102.9,1007.0
577153,2026-10-09 08:35:59,ICE,38.9,492.0,102.8,1361.0
577154,2026-10-09 08:35:59,WAT,0.0,0.0,102.7,910.0
577155,2026-10-09 08:35:59,MAC,4.3,65.0,102.4,960.0
577156,2026-10-09 08:39:00,AIR,1.4,28.0,102.9,1007.0
577157,2026-10-09 08:39:00,ICE,38.9,492.0,102.8,1361.0
577158,2026-10-09 08:39:00,WAT,0.0,0.0,102.7,910.0
577159,2026-10-09 08:39:00,MAC,4.3,65.0,102.4,960.0
577160,2026-10-09 08:42:02,AIR,1.4,28.0,102.9,1007.0
577161,2026-10-09 08:42:02,ICE,38.9,492.0,102.8,1361.0
577162,2026-10-09 08:42:02,WAT,0.0,0.0,102.7,910.0
577163,2026-10-09 08:42:02,MAC,4.3,65.0,102.4,960.0
577164,2026-10-09 08:45:03,AIR,1.4,28.0,102.9,1007.0
577165,2026-10-09 08:45:03,ICE,38.9,492.0,102.8,1361.0
577166,2026-10-09 08:45:03,WAT,0.0,0.0,102.7,910.0
577167,2026-10-09 08:45:03,MAC,4.3,65.0,102.4,960.0
577168,2026-10-09 08:48:05,AIR,1.4,28.0,102.9,1007.0
577169,2026-10-09 08:48:05,ICE,38.9,492.0,102.8,1361.0
577170,2026-10-09 08:48:05,WAT,0.0,0.0,102.7,910.0
577171,2026-10-09 08:48:05,MAC,4.3,65.0,102.4,960.0
577172,2026-10-09 08:51:07,AIR,1.4,28.0,102.9,1007.0
577173,2026-10-09 08:51:07,ICE,38.9,492.0,102.8,1361.0
577174,2026-10-09 08:51:07,WAT,0.0,0.0,102.7,910.0
577175,2026-10-09 08:51:07,MAC,4.3,65.0,102.4,960.0
577176,2026-10-09 08:54:09,AIR,1.4,28.0,102.9,1007.0
577177,2026-10-09 08:54:09,ICE,38.9,492.0,102.8,1361.0
577178,2026-10-09 08:54:09,WAT,0.0,0.0,102.7,910.0
577179,2026-10-09 08:54:09,MAC,4.3,65.0,102.4,960.0
577180,2026-10-09 08:57:10,AIR,1.4,28.0,102.9,1007.0
577181,2026-10-09 08:57:10,ICE,38.9,492.0,102.8,1361.0
577182,2026-10-09 08:57:10,WAT,0.0,0.0,102.7,910.0
577183,2026-10-09 08:57:10,MAC,4.3,65.0,102.4,960.0
577184,2026-10-09 09:00:11,AIR,1.4,28.0,102.9,1007.0
577185,2026-10-09 09:00:11,ICE,38.9,492.0,102.8,1361.0
577186,2026-10-09 09:00:11,WAT,0.0,0.0,102.7,910.0
577187,2026-10-09 09:00:11,MAC,4.3,65.0,102.4,960.0
577188,2026-10-09 09:03:51,AIR,1.4,28.0,102.9,1007.0
577189,2026-10-09 09:03:51,ICE,38.9,492.0,102.8,1361.0
577190,2026-10-09 09:03:51,WAT,0.0,0.0,102.7,910.0
577191,2026-10-09 09:03:51,MAC,4.3,65.0,102.4,960.0
577192,2026-10-09 09:06:52,AIR,1.4,28.0,102.9,1007.0
577193,2026-10-09 09:06:52,ICE,38.9,492.0,102.8,1361.0
577194,2026-10-09 09:06:52,WAT,0.0,0.0,102.7,910.0
577195,2026-10-09 09:06:52,MAC,4.3,65.0,102.4,960.0
577196,2026-10-09 09:09:53,AIR,1.4,28.0,102.9,1007.0
577197,2026-10-09 09:09:53,ICE,38.9,492.0,102.8,1361.0
577198,2026-10-09 09:09:53,WAT,0.0,0.0,102.7,910.0
577199,2026-10-09 09:09:53,MAC,4.3,65.0,102.4,960.0
577200,2026-10-09 09:12:54,AIR,1.4,28.0,102.9,1007.0
577201,2026-10-09 09:12:54,ICE,62.3,794.0,102.6,10.0
577202,2026-10-09 09:12:54,WAT,0.0,0.0,102.7,910.0
577203,2026-10-09 09:12:54,MAC,4.3,65.0,102.4,960.0
577204,2026-10-09 09:15:56,AIR,1.4,28.0,102.9,1007.0
577205,2026-10-09 09:15:56,ICE,62.3,794.0,102.6,10.0
577206,2026-10-09 09:15:56,WAT,0.0,0.0,102.7,910.0
577207,2026-10-09 09:15:56,MAC,4.3,65.0,102.4,960.0
577208,2026-10-09 09:18:57,AIR,1.4,28.0,102.9,1007.0
577209,2026-10-09 09:18:57,ICE,62.3,794.0,102.6,10.0
577210,2026-10-09 09:18:57,WAT,0.0,0.0,102.7,910.0
577211,2026-10-09 09:18:57,MAC,4.3,65.0,102.4,960.0
577212,2026-10-09 09:21:58,AIR,1.4,28.0,102.9,1007.0
577213,2026-10-09 09:21:58,ICE,62.3,794.0,102.6,10.0
577214,2026-10-09 09:21:58,WAT,0.0,0.0,102.7,910.0
577215,2026-10-09 09:21:58,MAC,4.3,65.0,102.4,960.0
577216,2026-10-09 09:25:00,AIR,1.4,28.0,102.9,1007.0
577217,2026-10-09 09:25:00,ICE,62.3,794.0,102.6,10.0
577218,2026-10-09 09:25:00,WAT,0.0,0.0,102.7,910.0
577219,2026-10-09 09:25:00,MAC,4.3,65.0,102.4,960.0
577220,2026-10-09 09:28:03,AIR,1.4,28.0,102.9,1007.0
577221,2026-10-09 09:28:03,ICE,62.3,794.0,102.6,10.0
577222,2026-10-09 09:28:03,WAT,0.0,0.0,102.7,910.0
577223,2026-10-09 09:28:03,MAC,4.3,65.0,102.4,960.0
577224,2026-10-09 09:31:04,AIR,1.4,28.0,102.9,1007.0
577225,2026-10-09 09:31:04,ICE,62.3,794.0,102.6,10.0
577226,2026-10-09 09:31:04,WAT,0.0,0.0,102.7,910.0
577227,2026-10-09 09:31:04,MAC,4.3,65.0,102.4,960.0
577228,2026-10-09 09:34:06,AIR,1.4,28.0,102.9,1007.0
577229,2026-10-09 09:34:06,ICE,62.3,794.0,102.6,10.0
577230,2026-10-09 09:34:06,WAT,0.0,0.0,102.7,910.0
577231,2026-10-09 09:34:06,MAC,4.3,65.0,102.4,960.0
577232,2026-10-09 09:37:08,AIR,1.4,28.0,102.9,1007.0
577233,2026-10-09 09:37:08,ICE,62.3,794.0,102.6,10.0
577234,2026-10-09 09:37:08,WAT,0.0,0.0,102.7,910.0
577235,2026-10-09 09:37:08,MAC,4.3,65.0,102.4,960.0
577236,2026-10-09 09:40:09,AIR,1.4,28.0,102.9,1007.0
577237,2026-10-09 09:40:09,ICE,62.3,794.0,102.6,10.0
577238,2026-10-09 09:40:09,WAT,0.0,0.0,102.7,910.0
577239,2026-10-09 09:40:09,MAC,4.3,65.0,102.4,960.0
577240,2026-10-09 09:43:10,AIR,1.4,28.0,102.9,1007.0
577241,2026-10-09 09:43:10,ICE,62.3,794.0,102.6,10.0
577242,2026-10-09 09:43:10,WAT,0.0,0.0,102.7,910.0
577243,2026-10-09 09:43:10,MAC,4.3,65.0,102.4,960.0
577244,2026-10-09 09:46:12,AIR,1.4,28.0,102.9,1007.0
577245,2026-10-09 09:46:12,ICE,62.3,794.0,102.6,10.0
577246,2026-10-09 09:46:12,WAT,0.0,0.0,102.7,910.0
577247,2026-10-09 09:46:12,MAC,4.3,65.0,102.4,960.0
577248,2026-10-09 09:49:13,AIR,1.4,28.0,102.9,1007.0
577249,2026-10-09 09:49:13,ICE,62.3,794.0,102.6,10.0
577250,2026-10-09 09:49:13,WAT,0.0,0.0,102.7,910.0
577251,2026-10-09 09:49:13,MAC,4.3,65.0,102.4,960.0
577252,2026-10-09 09:52:15,AIR,1.4,28.0,102.9,1007.0
577253,2026-10-09 09:52:15,ICE,62.3,794.0,102.6,10.0
577254,2026-10-09 09:52:15,WAT,0.0,0.0,102.7,910.0
577255,2026-10-09 09:52:15,MAC,4.3,65.0,102.4,960.0
577256,2026-10-09 09:55:16,AIR,1.4,28.0,102.9,1007.0
577257,2026-10-09 09:55:16,ICE,62.3,794.0,102.6,10.0
577258,2026-10-09 09:55:16,WAT,0.0,0.0,102.7,910.0
577259,2026-10-09 09:55:16,MAC,4.3,65.0,102.4,960.0
577260,2026-10-09 09:58:18,AIR,1.4,28.0,102.9,1007.0
577261,2026-10-09 09:58:18,ICE,62.3,794.0,102.6,10.0
577262,2026-10-09 09:58:18,WAT,0.0,0.0,102.7,910.0
577263,2026-10-09 09:58:18,MAC,4.3,65.0,102.4,960.0
577264,2026-10-09 10:01:19,AIR,1.4,28.0,102.9,1007.0
577265,2026-10-09 10:01:19,ICE,62.3,794.0,102.6,10.0
577266,2026-10-09 10:01:19,WAT,0.0,0.0,102.7,910.0
577267,2026-10-09 10:01:19,MAC,4.3,65.0,102.4,960.0
577268,2026-10-09 10:04:21,AIR,1.4,28.0,102.9,1007.0
577269,2026-10-09 10:04:21,ICE,62.3,794.0,102.6,10.0
577270,2026-10-09 10:04:21,WAT,0.0,0.0,102.7,910.0
577271,2026-10-09 10:04:21,MAC,4.3,65.0,102.4,960.0
577272,2026-10-09 10:07:22,AIR,1.4,28.0,102.9,1007.0
577273,2026-10-09 10:07:22,ICE,62.3,794.0,102.6,10.0
577274,2026-10-09 10:07:22,WAT,0.0,0.0,102.7,910.0
577275,2026-10-09 10:07:22,MAC,4.3,65.0,102.4,960.0
577276,2026-10-09 10:10:24,AIR,1.4,28.0,102.9,1007.0
577277,2026-10-09 10:10:24,ICE,75.0,948.0,102.1,70.0
577278,2026-10-09 10:10:24,WAT,0.0,0.0,102.7,910.0
577279,2026-10-09 10:10:24,MAC,4.3,65.0,102.4,960.0
577280,2026-10-09 10:13:25,AIR,1.4,28.0,102.9,1007.0
577281,2026-10-09 10:13:25,ICE,75.0,948.0,102.1,70.0
577282,2026-10-09 10:13:25,WAT,0.0,0.0,102.7,910.0
577283,2026-10-09 10:13:25,MAC,4.3,65.0,102.4,960.0
577284,2026-10-09 10:16:26,AIR,1.4,28.0,102.9,1007.0
577285,2026-10-09 10:16:26,ICE,3.0,29.0,102.1,74.0
577286,2026-10-09 10:16:26,WAT,0.0,0.0,102.7,910.0
577287,2026-10-09 10:16:26,MAC,4.3,65.0,102.4,960.0
577288,2026-10-09 10:19:28,AIR,1.4,28.0,102.9,1007.0
577289,2026-10-09 10:19:28,ICE,3.0,29.0,102.1,74.0
577290,2026-10-09 10:19:28,WAT,0.0,0.0,102.7,910.0
577291,2026-10-09 10:19:28,MAC,4.3,65.0,102.4,960.0
577292,2026-10-09 10:22:29,AIR,1.4,28.0,102.9,1007.0
577293,2026-10-09 10:22:29,ICE,3.0,29.0,102.1,74.0
577294,2026-10-09 10:22:29,WAT,0.0,0.0,102.7,910.0
577295,2026-10-09 10:22:29,MAC,4.3,65.0,102.4,960.0
577296,2026-10-09 10:25:31,AIR,1.4,28.0,102.9,1007.0
577297,2026-10-09 10:25:31,ICE,3.0,29.0,102.1,74.0
577298,2026-10-09 10:25:31,WAT,0.0,0.0,102.7,910.0
577299,2026-10-09 10:25:31,MAC,4.3,65.0,102.4,960.0
577300,2026-10-09 10:28:32,AIR,1.4,28.0,102.9,1007.0
577301,2026-10-09 10:28:32,ICE,48.9,649.0,102.1,88.0
577302,2026-10-09 10:28:32,WAT,0.0,0.0,102.7,910.0
577303,2026-10-09 10:28:32,MAC,4.3,65.0,102.4,960.0
577304,2026-10-09 10:31:34,AIR,1.4,28.0,102.9,1007.0
577305,2026-10-09 10:31:34,ICE,59.0,762.0,102.1,89.0
577306,2026-10-09 10:31:34,WAT,0.0,0.0,102.7,910.0
577307,2026-10-09 10:31:34,MAC,4.3,65.0,102.4,960.0
577308,2026-10-09 10:34:35,AIR,1.4,28.0,102.9,1007.0
577309,2026-10-09 10:34:35,ICE,59.0,762.0,102.1,89.0
577310,2026-10-09 10:34:35,WAT,0.0,0.0,102.7,910.0
577311,2026-10-09 10:34:35,MAC,4.3,65.0,102.4,960.0
577312,2026-10-09 10:37:37,AIR,1.4,28.0,102.9,1007.0
577313,2026-10-09 10:37:37,ICE,59.0,762.0,102.1,89.0
577314,2026-10-09 10:37:37,WAT,0.0,0.0,102.7,910.0
577315,2026-10-09 10:37:37,MAC,4.3,65.0,102.4,960.0
577316,2026-10-09 10:40:38,AIR,1.4,28.0,102.9,1007.0
577317,2026-10-09 10:40:38,ICE,59.0,762.0,102.1,89.0
577318,2026-10-09 10:40:38,WAT,0.0,0.0,102.7,910.0
577319,2026-10-09 10:40:38,MAC,4.3,65.0,102.4,960.0
577320,2026-10-09 10:43:40,AIR,1.4,28.0,102.9,1007.0
577321,2026-10-09 10:43:40,ICE,59.0,762.0,102.1,89.0
577322,2026-10-09 10:43:40,WAT,0.0,0.0,102.7,910.0
577323,2026-10-09 10:43:40,MAC,4.3,65.0,102.4,960.0
577324,2026-10-09 10:46:41,AIR,1.4,28.0,102.9,1007.0
577325,2026-10-09 10:46:41,ICE,59.0,762.0,102.1,89.0
577326,2026-10-09 10:46:41,WAT,0.0,0.0,102.7,910.0
577327,2026-10-09 10:46:41,MAC,4.3,65.0,102.4,960.0
577328,2026-10-09 10:49:40,AIR,1.4,28.0,102.9,1007.0
577329,2026-10-09 10:49:40,ICE,59.0,762.0,102.1,89.0
577330,2026-10-09 10:49:40,WAT,0.0,0.0,102.7,910.0
577331,2026-10-09 10:49:40,MAC,4.3,65.0,102.4,960.0
577332,2026-10-09 10:52:42,AIR,1.4,28.0,102.9,1007.0
577333,2026-10-09 10:52:42,ICE,59.0,762.0,102.1,89.0
577334,2026-10-09 10:52:42,WAT,0.0,0.0,102.7,910.0
577335,2026-10-09 10:52:42,MAC,4.3,65.0,102.4,960.0
577336,2026-10-09 10:55:43,AIR,1.4,28.0,102.9,1007.0
577337,2026-10-09 10:55:43,ICE,59.0,762.0,102.1,89.0
577338,2026-10-09 10:55:43,WAT,0.0,0.0,102.7,910.0
577339,2026-10-09 10:55:43,MAC,4.3,65.0,102.4,960.0
577340,2026-10-09 10:58:45,AIR,1.4,28.0,102.9,1007.0
577341,2026-10-09 10:58:45,ICE,59.0,762.0,102.1,89.0
577342,2026-10-09 10:58:45,WAT,0.0,0.0,102.7,910.0
577343,2026-10-09 10:58:45,MAC,4.3,65.0,102.4,960.0
577344,2026-10-09 11:01:47,AIR,1.4,28.0,102.9,1007.0
577345,2026-10-09 11:01:47,ICE,59.0,762.0,102.1,89.0
577346,2026-10-09 11:01:47,WAT,0.0,0.0,102.7,910.0
577347,2026-10-09 11:01:47,MAC,4.3,65.0,102.4,960.0
577348,2026-10-09 11:04:49,AIR,1.4,28.0,102.9,1007.0
577349,2026-10-09 11:04:49,ICE,59.0,762.0,102.1,89.0
577350,2026-10-09 11:04:49,WAT,0.0,0.0,102.7,910.0
577351,2026-10-09 11:04:49,MAC,4.3,65.0,102.4,960.0
577352,2026-10-09 11:07:50,AIR,1.4,28.0,102.9,1007.0
577353,2026-10-09 11:07:50,ICE,59.0,762.0,102.1,89.0
577354,2026-10-09 11:07:50,WAT,0.0,0.0,102.7,910.0
577355,2026-10-09 11:07:50,MAC,4.3,65.0,102.4,960.0
577356,2026-10-09 11:10:51,AIR,1.4,28.0,102.9,1007.0
577357,2026-10-09 11:10:51,ICE,59.0,762.0,102.1,89.0
577358,2026-10-09 11:10:51,WAT,0.0,0.0,102.7,910.0
577359,2026-10-09 11:10:51,MAC,4.3,65.0,102.4,960.0
577360,2026-10-09 11:13:53,AIR,1.4,28.0,102.9,1007.0
577361,2026-10-09 11:13:53,ICE,59.0,762.0,102.1,89.0
577362,2026-10-09 11:13:53,WAT,0.0,0.0,102.7,910.0
577363,2026-10-09 11:13:53,MAC,4.3,65.0,102.4,960.0
577364,2026-10-09 11:16:56,AIR,1.4,28.0,102.9,1007.0
577365,2026-10-09 11:16:56,ICE,59.0,762.0,102.1,89.0
577366,2026-10-09 11:16:56,WAT,0.0,0.0,102.7,910.0
577367,2026-10-09 11:16:56,MAC,4.3,65.0,102.4,960.0
577368,2026-10-09 11:19:58,AIR,1.4,28.0,102.9,1007.0
577369,2026-10-09 11:19:58,ICE,59.0,762.0,102.1,89.0
577370,2026-10-09 11:19:58,WAT,0.0,0.0,102.7,910.0
577371,2026-10-09 11:19:58,MAC,4.3,65.0,102.4,960.0
577372,2026-10-09 11:22:59,AIR,1.4,28.0,102.9,1007.0
577373,2026-10-09 11:22:59,ICE,59.0,762.0,102.1,89.0
577374,2026-10-09 11:22:59,WAT,0.0,0.0,102.7,910.0
577375,2026-10-09 11:22:59,MAC,4.3,65.0,102.4,960.0
577376,2026-10-09 11:26:01,AIR,1.4,28.0,102.9,1007.0
577377,2026-10-09 11:26:01,ICE,3.0,29.0,103.8,144.0
577378,2026-10-09 11:26:01,WAT,0.0,0.0,102.7,910.0
577379,2026-10-09 11:26:01,MAC,4.3,65.0,102.4,960.0
577380,2026-10-09 11:29:03,AIR,1.4,28.0,102.9,1007.0
577381,2026-10-09 11:29:03,ICE,3.0,29.0,103.8,144.0
577382,2026-10-09 11:29:03,WAT,0.0,0.0,102.7,910.0
577383,2026-10-09 11:29:03,MAC,4.3,65.0,102.4,960.0
577384,2026-10-09 11:32:05,AIR,1.4,28.0,102.9,1007.0
577385,2026-10-09 11:32:05,ICE,3.0,29.0,103.8,144.0
577386,2026-10-09 11:32:05,WAT,0.0,0.0,102.7,910.0
577387,2026-10-09 11:32:05,MAC,4.3,65.0,102.4,960.0
577388,2026-10-09 11:35:06,AIR,1.4,28.0,102.9,1007.0
577389,2026-10-09 11:35:06,ICE,3.0,29.0,103.8,144.0
577390,2026-10-09 11:35:06,WAT,0.0,0.0,102.7,910.0
577391,2026-10-09 11:35:06,MAC,4.3,65.0,102.4,960.0
577392,2026-10-09 11:38:08,AIR,1.4,28.0,102.9,1007.0
577393,2026-10-09 11:38:08,ICE,3.0,29.0,103.8,144.0
577394,2026-10-09 11:38:08,WAT,0.0,0.0,102.7,910.0
577395,2026-10-09 11:38:08,MAC,4.3,65.0,102.4,960.0
577396,2026-10-09 11:41:10,AIR,1.4,28.0,102.9,1007.0
577397,2026-10-09 11:41:10,ICE,38.9,496.0,103.7,159.0
577398,2026-10-09 11:41:10,WAT,0.0,0.0,102.7,910.0
577399,2026-10-09 11:41:10,MAC,4.3,65.0,102.4,960.0
577400,2026-10-09 11:44:11,AIR,1.4,28.0,102.9,1007.0
577401,2026-10-09 11:44:11,ICE,38.9,496.0,103.7,159.0
577402,2026-10-09 11:44:11,WAT,0.0,0.0,102.7,910.0
577403,2026-10-09 11:44:11,MAC,4.3,65.0,102.4,960.0
577404,2026-10-09 11:47:13,AIR,1.4,28.0,102.9,1007.0
577405,2026-10-09 11:47:13,ICE,38.9,496.0,103.7,159.0
577406,2026-10-09 11:47:13,WAT,0.0,0.0,102.7,910.0
577407,2026-10-09 11:47:13,MAC,4.3,65.0,102.4,960.0
577408,2026-10-09 11:50:14,AIR,1.4,28.0,102.9,1007.0
577409,2026-10-09 11:50:14,ICE,38.9,496.0,103.7,159.0
577410,2026-10-09 11:50:14,WAT,0.0,0.0,102.7,910.0
577411,2026-10-09 11:50:14,MAC,4.3,65.0,102.4,960.0
577412,2026-10-09 11:53:16,AIR,1.4,28.0,102.9,1007.0
577413,2026-10-09 11:53:16,ICE,38.9,496.0,103.7,159.0
577414,2026-10-09 11:53:16,WAT,0.0,0.0,102.7,910.0
577415,2026-10-09 11:53:16,MAC,4.2,64.0,103.3,173.0
577416,2026-10-09 11:56:18,AIR,1.4,28.0,102.9,1007.0
577417,2026-10-09 11:56:18,ICE,38.9,496.0,103.7,159.0
577418,2026-10-09 11:56:18,WAT,0.0,0.0,102.7,910.0
577419,2026-10-09 11:56:18,MAC,4.2,64.0,103.3,173.0
577420,2026-10-09 11:59:19,AIR,1.4,28.0,102.9,1007.0
577421,2026-10-09 11:59:19,ICE,38.9,496.0,103.7,159.0
577422,2026-10-09 11:59:19,WAT,0.0,0.0,102.7,910.0
577423,2026-10-09 11:59:19,MAC,4.2,64.0,103.3,173.0
577424,2026-10-09 12:02:21,AIR,1.4,28.0,102.9,1007.0
577425,2026-10-09 12:02:21,ICE,38.9,496.0,103.7,159.0
577426,2026-10-09 12:02:21,WAT,0.0,0.0,102.7,910.0
577427,2026-10-09 12:02:21,MAC,4.2,64.0,103.3,173.0
577428,2026-10-09 12:05:22,AIR,1.4,28.0,102.9,1007.0
577429,2026-10-09 12:05:22,ICE,38.9,496.0,103.7,159.0
577430,2026-10-09 12:05:22,WAT,0.0,0.0,102.7,910.0
577431,2026-10-09 12:05:22,MAC,4.2,64.0,103.3,173.0
577432,2026-10-09 12:08:24,AIR,1.4,28.0,102.9,1007.0
577433,2026-10-09 12:08:24,ICE,38.9,496.0,103.7,159.0
577434,2026-10-09 12:08:24,WAT,0.0,0.0,102.7,910.0
577435,2026-10-09 12:08:24,MAC,4.2,64.0,103.3,173.0
577436,2026-10-09 12:11:25,AIR,1.4,28.0,102.9,1007.0
577437,2026-10-09 12:11:25,ICE,38.9,496.0,103.7,159.0
577438,2026-10-09 12:11:25,WAT,0.0,0.0,102.7,910.0
577439,2026-10-09 12:11:25,MAC,4.2,64.0,103.3,173.0
577440,2026-10-09 12:14:26,AIR,1.4,28.0,102.9,1007.0
577441,2026-10-09 12:14:26,ICE,38.9,496.0,103.7,159.0
577442,2026-10-09 12:14:26,WAT,0.0,0.0,102.7,910.0
577443,2026-10-09 12:14:26,MAC,4.2,64.0,103.3,173.0
577444,2026-10-09 12:17:28,AIR,1.4,28.0,102.9,1007.0
577445,2026-10-09 12:17:28,ICE,38.9,496.0,103.7,159.0
577446,2026-10-09 12:17:28,WAT,0.0,0.0,102.7,910.0
577447,2026-10-09 12:17:28,MAC,4.2,64.0,103.3,173.0
577448,2026-10-09 12:20:29,AIR,1.4,28.0,102.9,1007.0
577449,2026-10-09 12:20:29,ICE,38.9,496.0,103.7,159.0
577450,2026-10-09 12:20:29,WAT,0.0,0.0,102.7,910.0
577451,2026-10-09 12:20:29,MAC,4.2,64.0,103.3,173.0
577452,2026-10-09 12:23:31,AIR,1.4,28.0,102.9,1007.0
577453,2026-10-09 12:23:31,ICE,38.9,496.0,103.7,159.0
577454,2026-10-09 12:23:31,WAT,0.0,0.0,102.7,910.0
577455,2026-10-09 12:23:31,MAC,4.2,64.0,103.3,173.0
577456,2026-10-09 12:26:32,AIR,1.4,28.0,102.9,1007.0
577457,2026-10-09 12:26:32,ICE,38.9,496.0,103.7,159.0
577458,2026-10-09 12:26:32,WAT,0.0,0.0,102.7,910.0
577459,2026-10-09 12:26:32,MAC,4.2,64.0,103.3,173.0
577460,2026-10-09 12:29:33,AIR,1.4,28.0,102.9,1007.0
577461,2026-10-09 12:29:33,ICE,38.9,496.0,103.7,159.0
577462,2026-10-09 12:29:33,WAT,0.0,0.0,102.7,910.0
577463,2026-10-09 12:29:33,MAC,4.2,64.0,103.3,173.0
577464,2026-10-09 12:32:35,AIR,1.4,28.0,102.9,1007.0
577465,2026-10-09 12:32:35,ICE,38.9,496.0,103.7,159.0
577466,2026-10-09 12:32:35,WAT,0.0,0.0,102.7,910.0
577467,2026-10-09 12:32:35,MAC,4.2,64.0,103.3,173.0
577468,2026-10-09 12:35:37,AIR,1.4,28.0,102.9,1007.0
577469,2026-10-09 12:35:37,ICE,38.9,496.0,103.7,159.0
577470,2026-10-09 12:35:37,WAT,0.0,0.0,102.7,910.0
577471,2026-10-09 12:35:37,MAC,4.2,64.0,103.3,173.0
577472,2026-10-09 12:38:38,AIR,1.4,28.0,102.9,1007.0
577473,2026-10-09 12:38:38,ICE,38.9,496.0,103.7,159.0
577474,2026-10-09 12:38:38,WAT,0.0,0.0,102.7,910.0
577475,2026-10-09 12:38:38,MAC,4.2,64.0,103.3,173.0
577476,2026-10-09 12:41:40,AIR,1.4,28.0,102.9,1007.0
577477,2026-10-09 12:41:40,ICE,38.9,496.0,103.7,159.0
577478,2026-10-09 12:41:40,WAT,0.0,0.0,102.7,910.0
577479,2026-10-09 12:41:40,MAC,4.2,64.0,103.3,173.0
577480,2026-10-09 12:44:42,AIR,1.4,28.0,102.9,1007.0
577481,2026-10-09 12:44:42,ICE,38.9,496.0,103.7,159.0
577482,2026-10-09 12:44:42,WAT,0.0,0.0,102.7,910.0
577483,2026-10-09 12:44:42,MAC,4.2,64.0,103.3,173.0
577484,2026-10-09 12:47:43,AIR,1.4,28.0,102.9,1007.0
577485,2026-10-09 12:47:43,ICE,38.9,496.0,103.7,159.0
577486,2026-10-09 12:47:43,WAT,0.0,0.0,102.7,910.0
577487,2026-10-09 12:47:43,MAC,4.2,64.0,103.3,173.0
577488,2026-10-09 12:50:44,AIR,1.4,28.0,102.9,1007.0
577489,2026-10-09 12:50:44,ICE,38.9,496.0,103.7,159.0
577490,2026-10-09 12:50:44,WAT,0.0,0.0,102.7,910.0
577491,2026-10-09 12:50:44,MAC,4.2,64.0,103.3,173.0
577492,2026-10-09 12:53:46,AIR,1.4,28.0,102.9,1007.0
577493,2026-10-09 12:53:46,ICE,38.9,496.0,103.7,159.0
577494,2026-10-09 12:53:46,WAT,0.0,0.0,102.7,910.0
577495,2026-10-09 12:53:46,MAC,4.2,64.0,103.3,173.0
577496,2026-10-09 12:56:48,AIR,1.4,28.0,102.9,1007.0
577497,2026-10-09 12:56:48,ICE,38.9,496.0,103.7,159.0
577498,2026-10-09 12:56:48,WAT,0.0,0.0,102.7,910.0
577499,2026-10-09 12:56:48,MAC,4.2,64.0,103.3,173.0
577500,2026-10-09 12:59:49,AIR,1.4,28.0,102.9,1007.0
577501,2026-10-09 12:59:49,ICE,38.9,496.0,103.7,159.0
577502,2026-10-09 12:59:49,WAT,0.0,0.0,102.7,910.0
577503,2026-10-09 12:59:49,MAC,4.2,64.0,103.3,173.0
577504,2026-10-09 13:02:49,AIR,1.4,28.0,102.9,1007.0
577505,2026-10-09 13:02:49,ICE,38.9,496.0,103.7,159.0
577506,2026-10-09 13:02:49,WAT,0.0,0.0,102.7,910.0
577507,2026-10-09 13:02:49,MAC,4.2,64.0,103.3,173.0
577508,2026-10-09 13:05:50,AIR,1.4,28.0,102.9,1007.0
577509,2026-10-09 13:05:50,ICE,38.9,496.0,103.7,159.0
577510,2026-10-09 13:05:50,WAT,0.0,0.0,102.7,910.0
577511,2026-10-09 13:05:50,MAC,4.2,64.0,103.3,173.0
577512,2026-10-09 13:08:52,AIR,1.4,28.0,102.9,1007.0
577513,2026-10-09 13:08:52,ICE,38.9,496.0,103.7,159.0
577514,2026-10-09 13:08:52,WAT,0.0,0.0,102.7,910.0
577515,2026-10-09 13:08:52,MAC,4.2,64.0,103.3,173.0
577516,2026-10-09 13:11:53,AIR,1.4,28.0,102.9,1007.0
577517,2026-10-09 13:11:53,ICE,38.9,496.0,103.7,159.0
577518,2026-10-09 13:11:53,WAT,0.0,0.0,102.7,910.0
577519,2026-10-09 13:11:53,MAC,4.2,64.0,103.3,173.0
577520,2026-10-09 13:14:55,AIR,1.4,28.0,102.9,1007.0
577521,2026-10-09 13:14:55,ICE,38.9,496.0,103.7,159.0
577522,2026-10-09 13:14:55,WAT,0.0,0.0,102.7,910.0
577523,2026-10-09 13:14:55,MAC,4.2,64.0,103.3,173.0
577524,2026-10-09 13:17:57,AIR,1.4,28.0,102.9,1007.0
577525,2026-10-09 13:17:57,ICE,38.9,496.0,103.7,159.0
577526,2026-10-09 13:17:57,WAT,0.0,0.0,102.7,910.0
577527,2026-10-09 13:17:57,MAC,4.2,64.0,103.3,173.0
577528,2026-10-09 13:20:58,AIR,1.4,28.0,102.9,1007.0
577529,2026-10-09 13:20:58,ICE,38.9,496.0,103.7,159.0
577530,2026-10-09 13:20:58,WAT,0.0,0.0,102.7,910.0
577531,2026-10-09 13:20:58,MAC,4.2,64.0,103.3,173.0
577532,2026-10-09 13:24:00,AIR,1.4,28.0,102.9,1007.0
577533,2026-10-09 13:24:00,ICE,38.9,496.0,103.7,159.0
577534,2026-10-09 13:24:00,WAT,0.0,0.0,102.7,910.0
577535,2026-10-09 13:24:00,MAC,4.2,64.0,103.3,173.0
577536,2026-10-09 13:27:02,AIR,1.4,28.0,102.9,1007.0
577537,2026-10-09 13:27:02,ICE,38.9,496.0,103.7,159.0
577538,2026-10-09 13:27:02,WAT,0.0,0.0,102.7,910.0
577539,2026-10-09 13:27:02,MAC,4.2,64.0,103.3,173.0
577540,2026-10-09 13:30:04,AIR,1.4,28.0,102.9,1007.0
577541,2026-10-09 13:30:04,ICE,38.9,496.0,103.7,159.0
577542,2026-10-09 13:30:04,WAT,0.0,0.0,102.7,910.0
577543,2026-10-09 13:30:04,MAC,4.2,64.0,103.3,173.0
577544,2026-10-09 13:33:08,AIR,1.4,28.0,102.9,1007.0
577545,2026-10-09 13:33:08,ICE,38.9,496.0,103.7,159.0
577546,2026-10-09 13:33:08,WAT,0.0,0.0,102.7,910.0
577547,2026-10-09 13:33:08,MAC,4.2,64.0,103.3,173.0
577548,2026-10-09 13:36:10,AIR,1.4,28.0,102.9,1007.0
577549,2026-10-09 13:36:10,ICE,38.9,496.0,103.7,159.0
577550,2026-10-09 13:36:10,WAT,0.0,0.0,102.7,910.0
577551,2026-10-09 13:36:10,MAC,4.2,64.0,103.3,173.0
577552,2026-10-09 13:39:11,AIR,1.4,28.0,102.9,1007.0
577553,2026-10-09 13:39:11,ICE,38.9,496.0,103.7,159.0
577554,2026-10-09 13:39:11,WAT,0.0,0.0,102.7,910.0
577555,2026-10-09 13:39:11,MAC,4.2,64.0,103.3,173.0
577556,2026-10-09 13:42:13,AIR,1.4,28.0,102.9,1007.0
577557,2026-10-09 13:42:13,ICE,38.9,496.0,103.7,159.0
577558,2026-10-09 13:42:13,WAT,0.0,0.0,102.7,910.0
577559,2026-10-09 13:42:13,MAC,4.2,64.0,103.3,173.0
577560,2026-10-09 13:45:14,AIR,0.0,0.0,0.0,0.0
577561,2026-10-09 13:45:14,ICE,38.9,496.0,103.7,159.0
577562,2026-10-09 13:45:14,WAT,0.0,0.0,102.7,910.0
577563,2026-10-09 13:45:14,MAC,4.2,64.0,103.3,173.0
577564,2026-10-09 13:48:16,AIR,0.0,0.0,0.0,0.0
577565,2026-10-09 13:48:16,ICE,38.9,496.0,103.7,159.0
577566,2026-10-09 13:48:16,WAT,0.0,0.0,102.7,910.0
577567,2026-10-09 13:48:16,MAC,4.2,64.0,103.3,173.0
577568,2026-10-09 13:51:17,AIR,0.0,0.0,0.0,0.0
577569,2026-10-09 13:51:17,ICE,38.9,496.0,103.7,159.0
577570,2026-10-09 13:51:17,WAT,0.0,0.0,102.7,910.0
577571,2026-10-09 13:51:17,MAC,4.2,64.0,103.3,173.0
577572,2026-10-09 13:54:19,AIR,0.0,0.0,0.0,0.0
577573,2026-10-09 13:54:19,ICE,38.9,496.0,103.7,159.0
577574,2026-10-09 13:54:19,WAT,0.0,0.0,102.7,910.0
577575,2026-10-09 13:54:19,MAC,4.2,64.0,103.3,173.0
577576,2026-10-09 13:57:20,AIR,0.0,0.0,0.0,0.0
577577,2026-10-09 13:57:20,ICE,38.9,496.0,103.7,159.0
577578,2026-10-09 13:57:20,WAT,0.0,0.0,102.7,910.0
577579,2026-10-09 13:57:20,MAC,4.2,64.0,103.3,173.0
577580,2026-10-09 14:00:21,AIR,0.0,0.0,0.0,0.0
577581,2026-10-09 14:00:21,ICE,38.9,496.0,103.7,159.0
577582,2026-10-09 14:00:21,WAT,0.0,0.0,102.7,910.0
577583,2026-10-09 14:00:21,MAC,4.2,64.0,103.3,173.0
577584,2026-10-09 14:03:23,AIR,0.0,0.0,0.0,0.0
577585,2026-10-09 14:03:23,ICE,38.9,496.0,103.7,159.0
577586,2026-10-09 14:03:23,WAT,0.0,0.0,102.7,910.0
577587,2026-10-09 14:03:23,MAC,4.2,64.0,103.3,173.0
577588,2026-10-09 14:06:24,AIR,0.0,0.0,0.0,0.0
577589,2026-10-09 14:06:24,ICE,38.9,496.0,103.7,159.0
577590,2026-10-09 14:06:24,WAT,0.0,0.0,102.7,910.0
577591,2026-10-09 14:06:24,MAC,4.2,64.0,103.3,173.0
577592,2026-10-09 14:09:25,AIR,0.0,0.0,0.0,0.0
577593,2026-10-09 14:09:25,ICE,38.9,496.0,103.7,159.0
577594,2026-10-09 14:09:25,WAT,0.0,0.0,102.7,910.0
577595,2026-10-09 14:09:25,MAC,4.2,64.0,103.3,173.0
577596,2026-10-09 14:12:26,AIR,0.0,0.0,0.0,0.0
577597,2026-10-09 14:12:26,ICE,38.9,496.0,103.7,159.0
577598,2026-10-09 14:12:26,WAT,0.0,0.0,102.7,910.0
577599,2026-10-09 14:12:26,MAC,4.2,64.0,103.3,173.0
577600,2026-10-09 14:15:28,AIR,0.0,0.0,0.0,0.0
577601,2026-10-09 14:15:28,ICE,38.9,496.0,103.7,159.0
577602,2026-10-09 14:15:28,WAT,0.0,0.0,102.7,910.0
577603,2026-10-09 14:15:28,MAC,4.2,64.0,103.3,173.0
577604,2026-10-09 14:18:29,AIR,0.0,0.0,0.0,0.0
577605,2026-10-09 14:18:29,ICE,38.9,496.0,103.7,159.0
577606,2026-10-09 14:18:29,WAT,0.0,0.0,102.7,910.0
577607,2026-10-09 14:18:29,MAC,4.2,64.0,103.3,173.0
577608,2026-10-09 14:21:31,AIR,0.0,0.0,0.0,0.0
577609,2026-10-09 14:21:31,ICE,38.9,496.0,103.7,159.0
577610,2026-10-09 14:21:31,WAT,0.0,0.0,102.7,910.0
577611,2026-10-09 14:21:31,MAC,4.2,64.0,103.3,173.0
577612,2026-10-09 14:24:32,AIR,0.0,0.0,0.0,0.0
577613,2026-10-09 14:24:32,ICE,38.9,496.0,103.7,159.0
577614,2026-10-09 14:24:32,WAT,0.0,0.0,102.7,910.0
577615,2026-10-09 14:24:32,MAC,4.2,64.0,103.3,173.0
577616,2026-10-09 14:27:34,AIR,0.0,0.0,0.0,0.0
577617,2026-10-09 14:27:34,ICE,38.9,496.0,103.7,159.0
577618,2026-10-09 14:27:34,WAT,0.0,0.0,102.7,910.0
577619,2026-10-09 14:27:34,MAC,4.2,64.0,103.3,173.0
577620,2026-10-09 14:30:35,AIR,0.0,0.0,0.0,0.0
577621,2026-10-09 14:30:35,ICE,38.9,496.0,103.7,159.0
577622,2026-10-09 14:30:35,WAT,0.0,0.0,102.7,910.0
577623,2026-10-09 14:30:35,MAC,4.2,64.0,103.3,173.0
577624,2026-10-09 14:33:37,AIR,0.0,0.0,0.0,0.0
577625,2026-10-09 14:33:37,ICE,38.9,496.0,103.7,159.0
577626,2026-10-09 14:33:37,WAT,0.0,0.0,102.7,910.0
577627,2026-10-09 14:33:37,MAC,4.2,64.0,103.3,173.0
577628,2026-10-09 14:36:38,AIR,0.0,0.0,0.0,0.0
577629,2026-10-09 14:36:38,ICE,38.9,496.0,103.7,159.0
577630,2026-10-09 14:36:38,WAT,0.0,0.0,102.7,910.0
577631,2026-10-09 14:36:38,MAC,4.2,64.0,103.3,173.0
577632,2026-10-09 14:39:40,AIR,0.0,0.0,0.0,0.0
577633,2026-10-09 14:39:40,ICE,38.9,496.0,103.7,159.0
577634,2026-10-09 14:39:40,WAT,0.0,0.0,102.7,910.0
577635,2026-10-09 14:39:40,MAC,4.2,64.0,103.3,173.0
577636,2026-10-09 14:42:43,AIR,0.0,0.0,0.0,0.0
577637,2026-10-09 14:42:43,ICE,38.9,496.0,103.7,159.0
577638,2026-10-09 14:42:43,WAT,0.0,0.0,102.7,910.0
577639,2026-10-09 14:42:43,MAC,4.2,64.0,103.3,173.0
577640,2026-10-09 14:45:45,AIR,0.0,0.0,0.0,0.0
577641,2026-10-09 14:45:45,ICE,38.9,496.0,103.7,159.0
577642,2026-10-09 14:45:45,WAT,0.0,0.0,102.7,910.0
577643,2026-10-09 14:45:45,MAC,4.2,64.0,103.3,173.0
577644,2026-10-09 14:48:46,AIR,0.0,0.0,0.0,0.0
577645,2026-10-09 14:48:46,ICE,38.9,496.0,103.7,159.0
577646,2026-10-09 14:48:46,WAT,0.0,0.0,102.7,910.0
577647,2026-10-09 14:48:46,MAC,4.2,64.0,103.3,173.0
577648,2026-10-09 14:51:47,AIR,0.0,0.0,0.0,0.0
577649,2026-10-09 14:51:47,ICE,38.9,496.0,103.7,159.0
577650,2026-10-09 14:51:47,WAT,0.0,0.0,102.7,910.0
577651,2026-10-09 14:51:47,MAC,4.2,64.0,103.3,173.0
577652,2026-10-09 14:54:49,AIR,0.0,0.0,0.0,0.0
577653,2026-10-09 14:54:49,ICE,38.9,496.0,103.7,159.0
577654,2026-10-09 14:54:49,WAT,0.0,0.0,102.7,910.0
577655,2026-10-09 14:54:49,MAC,4.2,64.0,103.3,173.0
577656,2026-10-09 14:57:50,AIR,0.0,0.0,0.0,0.0
577657,2026-10-09 14:57:50,ICE,38.9,496.0,103.7,159.0
577658,2026-10-09 14:57:50,WAT,0.0,0.0,102.7,910.0
577659,2026-10-09 14:57:50,MAC,4.2,64.0,103.3,173.0
577660,2026-10-09 15:00:51,AIR,0.0,0.0,0.0,0.0
577661,2026-10-09 15:00:51,ICE,38.9,496.0,103.7,159.0
577662,2026-10-09 15:00:51,WAT,0.0,0.0,102.7,910.0
577663,2026-10-09 15:00:51,MAC,4.2,64.0,103.3,173.0
577664,2026-10-09 15:03:52,AIR,0.0,0.0,0.0,0.0
577665,2026-10-09 15:03:52,ICE,38.9,496.0,103.7,159.0
577666,2026-10-09 15:03:52,WAT,0.0,0.0,102.7,910.0
577667,2026-10-09 15:03:52,MAC,4.2,64.0,103.3,173.0
577668,2026-10-09 15:06:54,AIR,0.0,0.0,0.0,0.0
577669,2026-10-09 15:06:54,ICE,38.9,496.0,103.7,159.0
577670,2026-10-09 15:06:54,WAT,0.0,0.0,102.7,910.0
577671,2026-10-09 15:06:54,MAC,4.2,64.0,103.3,173.0
577672,2026-10-09 15:09:55,AIR,0.0,0.0,0.0,0.0
577673,2026-10-09 15:09:55,ICE,38.9,496.0,103.7,159.0
577674,2026-10-09 15:09:55,WAT,0.0,0.0,102.7,910.0
577675,2026-10-09 15:09:55,MAC,4.2,64.0,103.3,173.0
577676,2026-10-09 15:12:57,AIR,0.0,0.0,0.0,0.0
577677,2026-10-09 15:12:57,ICE,38.9,496.0,103.7,159.0
577678,2026-10-09 15:12:57,WAT,0.0,0.0,102.7,910.0
577679,2026-10-09 15:12:57,MAC,4.2,64.0,103.3,173.0
577680,2026-10-09 15:15:59,AIR,0.0,0.0,0.0,0.0
577681,2026-10-09 15:15:59,ICE,38.9,496.0,103.7,159.0
577682,2026-10-09 15:15:59,WAT,0.0,0.0,102.7,910.0
577683,2026-10-09 15:15:59,MAC,4.2,64.0,103.3,173.0
577684,2026-10-09 15:19:01,AIR,0.0,0.0,0.0,0.0
577685,2026-10-09 15:19:01,ICE,38.9,496.0,103.7,159.0
577686,2026-10-09 15:19:01,WAT,0.0,0.0,102.7,910.0
577687,2026-10-09 15:19:01,MAC,4.2,64.0,103.3,173.0
577688,2026-10-09 15:22:02,AIR,0.0,0.0,0.0,0.0
577689,2026-10-09 15:22:02,ICE,38.9,496.0,103.7,159.0
577690,2026-10-09 15:22:02,WAT,0.0,0.0,102.7,910.0
577691,2026-10-09 15:22:02,MAC,4.2,64.0,103.3,173.0
577692,2026-10-09 15:25:04,AIR,0.0,0.0,0.0,0.0
577693,2026-10-09 15:25:04,ICE,38.9,496.0,103.7,159.0
577694,2026-10-09 15:25:04,WAT,0.0,0.0,102.7,910.0
577695,2026-10-09 15:25:04,MAC,4.2,64.0,103.3,173.0
577696,2026-10-09 15:28:06,AIR,0.0,0.0,0.0,0.0
577697,2026-10-09 15:28:06,ICE,59.7,762.0,102.9,387.0
577698,2026-10-09 15:28:06,WAT,0.0,0.0,102.7,910.0
577699,2026-10-09 15:28:06,MAC,4.2,64.0,103.3,173.0
577700,2026-10-09 15:31:08,AIR,0.0,0.0,0.0,0.0
577701,2026-10-09 15:31:08,ICE,59.7,762.0,102.9,387.0
577702,2026-10-09 15:31:08,WAT,0.0,0.0,102.7,910.0
577703,2026-10-09 15:31:08,MAC,4.2,64.0,103.3,173.0
577704,2026-10-09 15:34:10,AIR,0.0,0.0,0.0,0.0
577705,2026-10-09 15:34:10,ICE,59.7,762.0,102.9,387.0
577706,2026-10-09 15:34:10,WAT,0.0,0.0,102.7,910.0
577707,2026-10-09 15:34:10,MAC,4.2,64.0,103.3,173.0
577708,2026-10-09 15:37:11,AIR,0.0,0.0,0.0,0.0
577709,2026-10-09 15:37:11,ICE,59.7,762.0,102.9,387.0
577710,2026-10-09 15:37:11,WAT,0.0,0.0,102.7,910.0
577711,2026-10-09 15:37:11,MAC,4.2,64.0,103.3,173.0
577712,2026-10-09 15:40:13,AIR,0.0,0.0,0.0,0.0
577713,2026-10-09 15:40:13,ICE,59.7,762.0,102.9,387.0
577714,2026-10-09 15:40:13,WAT,0.0,0.0,102.7,910.0
577715,2026-10-09 15:40:13,MAC,4.2,64.0,103.3,173.0
577716,2026-10-09 15:43:15,AIR,0.0,0.0,0.0,0.0
577717,2026-10-09 15:43:15,ICE,59.7,762.0,102.9,387.0
577718,2026-10-09 15:43:15,WAT,0.0,0.0,102.7,910.0
577719,2026-10-09 15:43:15,MAC,3.9,61.0,102.9,403.0
577720,2026-10-09 15:46:16,AIR,0.0,0.0,0.0,0.0
577721,2026-10-09 15:46:16,ICE,59.7,762.0,102.9,387.0
577722,2026-10-09 15:46:16,WAT,0.0,0.0,102.7,910.0
577723,2026-10-09 15:46:16,MAC,3.9,61.0,102.9,403.0
577724,2026-10-09 15:49:18,AIR,0.0,0.0,0.0,0.0
577725,2026-10-09 15:49:18,ICE,59.7,762.0,102.9,387.0
577726,2026-10-09 15:49:18,WAT,0.0,0.0,102.7,910.0
577727,2026-10-09 15:49:18,MAC,3.9,61.0,102.9,403.0
577728,2026-10-09 15:52:19,AIR,0.0,0.0,0.0,0.0
577729,2026-10-09 15:52:19,ICE,59.7,762.0,102.9,387.0
577730,2026-10-09 15:52:19,WAT,0.0,0.0,102.7,910.0
577731,2026-10-09 15:52:19,MAC,3.9,61.0,102.9,403.0
577732,2026-10-09 15:55:21,AIR,0.0,0.0,0.0,0.0
577733,2026-10-09 15:55:21,ICE,59.7,762.0,102.9,387.0
577734,2026-10-09 15:55:21,WAT,0.0,0.0,102.7,910.0
577735,2026-10-09 15:55:21,MAC,3.9,61.0,102.9,403.0
577736,2026-10-09 15:58:22,AIR,0.0,0.0,0.0,0.0
577737,2026-10-09 15:58:22,ICE,59.7,762.0,102.9,387.0
577738,2026-10-09 15:58:22,WAT,0.0,0.0,102.7,910.0
577739,2026-10-09 15:58:22,MAC,3.9,61.0,102.9,403.0
577740,2026-10-09 16:01:24,AIR,0.0,0.0,0.0,0.0
577741,2026-10-09 16:01:24,ICE,59.7,762.0,102.9,387.0
577742,2026-10-09 16:01:24,WAT,0.0,0.0,102.7,910.0
577743,2026-10-09 16:01:24,MAC,3.9,61.0,102.9,403.0
577744,2026-10-09 16:04:26,AIR,0.0,0.0,0.0,0.0
577745,2026-10-09 16:04:26,ICE,59.7,762.0,102.9,387.0
577746,2026-10-09 16:04:26,WAT,0.0,0.0,102.7,910.0
577747,2026-10-09 16:04:26,MAC,3.9,61.0,102.9,403.0
577748,2026-10-09 16:07:27,AIR,0.0,0.0,0.0,0.0
577749,2026-10-09 16:07:27,ICE,59.7,762.0,102.9,387.0
577750,2026-10-09 16:07:27,WAT,0.0,0.0,102.7,910.0
577751,2026-10-09 16:07:27,MAC,3.9,61.0,102.9,403.0
577752,2026-10-09 16:10:29,AIR,0.0,0.0,0.0,0.0
577753,2026-10-09 16:10:29,ICE,59.7,762.0,102.9,387.0
577754,2026-10-09 16:10:29,WAT,0.0,0.0,102.7,910.0
577755,2026-10-09 16:10:29,MAC,3.9,61.0,102.9,403.0
577756,2026-10-09 16:13:33,AIR,0.0,0.0,0.0,0.0
577757,2026-10-09 16:13:33,ICE,59.7,762.0,102.9,387.0
577758,2026-10-09 16:13:33,WAT,0.0,0.0,102.7,910.0
577759,2026-10-09 16:13:33,MAC,3.9,61.0,102.9,403.0
577760,2026-10-09 16:16:35,AIR,0.0,0.0,0.0,0.0
577761,2026-10-09 16:16:35,ICE,59.7,762.0,102.9,387.0
577762,2026-10-09 16:16:35,WAT,0.0,0.0,102.7,910.0
577763,2026-10-09 16:16:35,MAC,3.9,61.0,102.9,403.0
577764,2026-10-09 16:19:36,AIR,0.0,0.0,0.0,0.0
577765,2026-10-09 16:19:36,ICE,59.7,762.0,102.9,387.0
577766,2026-10-09 16:19:36,WAT,0.0,0.0,102.7,910.0
577767,2026-10-09 16:19:36,MAC,3.9,61.0,102.9,403.0
577768,2026-10-09 16:22:38,AIR,0.0,0.0,0.0,0.0
577769,2026-10-09 16:22:38,ICE,59.7,762.0,102.9,387.0
577770,2026-10-09 16:22:38,WAT,0.0,0.0,102.7,910.0
577771,2026-10-09 16:22:38,MAC,3.9,61.0,102.9,403.0
577772,2026-10-09 16:25:40,AIR,0.0,0.0,0.0,0.0
577773,2026-10-09 16:25:40,ICE,59.7,762.0,102.9,387.0
577774,2026-10-09 16:25:40,WAT,0.0,0.0,102.7,910.0
577775,2026-10-09 16:25:40,MAC,3.9,61.0,102.9,403.0
577776,2026-10-09 16:28:41,AIR,0.0,0.0,0.0,0.0
577777,2026-10-09 16:28:41,ICE,70.4,881.0,103.2,447.0
577778,2026-10-09 16:28:41,WAT,0.0,0.0,102.7,910.0
577779,2026-10-09 16:28:41,MAC,3.9,61.0,102.9,403.0
577780,2026-10-09 16:31:43,AIR,0.0,0.0,0.0,0.0
577781,2026-10-09 16:31:43,ICE,70.4,881.0,103.2,447.0
577782,2026-10-09 16:31:43,WAT,0.0,0.0,102.7,910.0
577783,2026-10-09 16:31:43,MAC,3.9,61.0,102.9,403.0
577784,2026-10-09 16:34:44,AIR,0.0,0.0,0.0,0.0
577785,2026-10-09 16:34:44,ICE,140.6,1364.0,103.0,453.0
577786,2026-10-09 16:34:44,WAT,0.0,0.0,102.7,910.0
577787,2026-10-09 16:34:44,MAC,3.9,61.0,102.9,403.0
577788,2026-10-09 16:37:46,AIR,0.0,0.0,0.0,0.0
577789,2026-10-09 16:37:46,ICE,140.6,1364.0,103.0,453.0
577790,2026-10-09 16:37:46,WAT,0.0,0.0,102.7,910.0
577791,2026-10-09 16:37:46,MAC,3.9,61.0,102.9,403.0
577792,2026-10-09 16:40:47,AIR,0.0,0.0,0.0,0.0
577793,2026-10-09 16:40:47,ICE,140.6,1364.0,103.0,453.0
577794,2026-10-09 16:40:47,WAT,0.0,0.0,102.7,910.0
577795,2026-10-09 16:40:47,MAC,3.9,61.0,102.9,403.0
577796,2026-10-09 16:43:49,AIR,0.0,0.0,0.0,0.0
577797,2026-10-09 16:43:49,ICE,140.6,1364.0,103.0,453.0
577798,2026-10-09 16:43:49,WAT,0.0,0.0,102.7,910.0
577799,2026-10-09 16:43:49,MAC,3.9,61.0,102.9,403.0
577800,2026-10-09 16:46:51,AIR,0.0,0.0,0.0,0.0
577801,2026-10-09 16:46:51,ICE,140.6,1364.0,103.0,453.0
577802,2026-10-09 16:46:51,WAT,0.0,0.0,102.7,910.0
577803,2026-10-09 16:46:51,MAC,3.9,61.0,102.9,403.0
577804,2026-10-09 16:49:52,AIR,0.0,0.0,0.0,0.0
577805,2026-10-09 16:49:52,ICE,140.6,1364.0,103.0,453.0
577806,2026-10-09 16:49:52,WAT,0.0,0.0,102.7,910.0
577807,2026-10-09 16:49:52,MAC,3.9,61.0,102.9,403.0
577808,2026-10-09 16:52:54,AIR,0.0,0.0,0.0,0.0
577809,2026-10-09 16:52:54,ICE,140.6,1364.0,103.0,453.0
577810,2026-10-09 16:52:54,WAT,0.0,0.0,102.7,910.0
577811,2026-10-09 16:52:54,MAC,3.9,61.0,102.9,403.0
577812,2026-10-09 16:55:55,AIR,0.0,0.0,0.0,0.0
577813,2026-10-09 16:55:55,ICE,140.6,1364.0,103.0,453.0
577814,2026-10-09 16:55:55,WAT,0.0,0.0,102.7,910.0
577815,2026-10-09 16:55:55,MAC,3.9,61.0,102.9,403.0
577816,2026-10-09 16:58:57,AIR,0.0,0.0,0.0,0.0
577817,2026-10-09 16:58:57,ICE,140.6,1364.0,103.0,453.0
577818,2026-10-09 16:58:57,WAT,0.0,0.0,102.7,910.0
577819,2026-10-09 16:58:57,MAC,3.9,61.0,102.9,403.0
577820,2026-10-09 17:01:59,AIR,0.0,0.0,0.0,0.0
577821,2026-10-09 17:01:59,ICE,140.6,1364.0,103.0,453.0
577822,2026-10-09 17:01:59,WAT,0.0,0.0,102.7,910.0
577823,2026-10-09 17:01:59,MAC,3.9,61.0,102.9,403.0
577824,2026-10-09 17:05:01,AIR,0.0,0.0,0.0,0.0
577825,2026-10-09 17:05:01,ICE,140.6,1364.0,103.0,453.0
577826,2026-10-09 17:05:01,WAT,0.0,0.0,102.7,910.0
577827,2026-10-09 17:05:01,MAC,3.9,61.0,102.9,403.0
577828,2026-10-09 17:08:03,AIR,0.0,0.0,0.0,0.0
577829,2026-10-09 17:08:03,ICE,1.5,30.0,103.8,487.0
577830,2026-10-09 17:08:03,WAT,0.0,0.0,102.7,910.0
577831,2026-10-09 17:08:03,MAC,3.9,61.0,102.9,403.0
577832,2026-10-09 17:11:04,AIR,0.0,0.0,0.0,0.0
577833,2026-10-09 17:11:04,ICE,66.7,812.0,104.1,488.0
577834,2026-10-09 17:11:04,WAT,0.0,0.0,102.7,910.0
577835,2026-10-09 17:11:04,MAC,3.9,61.0,102.9,403.0
577836,2026-10-09 17:14:06,AIR,0.0,0.0,0.0,0.0
577837,2026-10-09 17:14:06,ICE,66.7,812.0,104.1,488.0
577838,2026-10-09 17:14:06,WAT,0.0,0.0,102.7,910.0
577839,2026-10-09 17:14:06,MAC,3.9,61.0,102.9,403.0
577840,2026-10-09 17:17:07,AIR,0.0,0.0,0.0,0.0
577841,2026-10-09 17:17:07,ICE,56.6,713.0,103.7,496.0
577842,2026-10-09 17:17:07,WAT,0.0,0.0,102.7,910.0
577843,2026-10-09 17:17:07,MAC,3.9,61.0,102.9,403.0
577844,2026-10-09 17:20:09,AIR,0.0,0.0,0.0,0.0
577845,2026-10-09 17:20:09,ICE,56.6,713.0,103.7,496.0
577846,2026-10-09 17:20:09,WAT,0.0,0.0,102.7,910.0
577847,2026-10-09 17:20:09,MAC,3.9,61.0,102.9,403.0
577848,2026-10-09 17:23:10,AIR,0.0,0.0,0.0,0.0
577849,2026-10-09 17:23:10,ICE,56.6,713.0,103.7,496.0
577850,2026-10-09 17:23:10,WAT,0.0,0.0,102.7,910.0
577851,2026-10-09 17:23:10,MAC,3.9,61.0,102.9,403.0
577852,2026-10-09 17:26:12,AIR,0.0,0.0,0.0,0.0
577853,2026-10-09 17:26:12,ICE,56.6,713.0,103.7,496.0
577854,2026-10-09 17:26:12,WAT,0.0,0.0,102.7,910.0
577855,2026-10-09 17:26:12,MAC,3.9,61.0,102.9,403.0
577856,2026-10-09 17:29:13,AIR,0.0,0.0,0.0,0.0
577857,2026-10-09 17:29:13,ICE,56.6,713.0,103.7,496.0
577858,2026-10-09 17:29:13,WAT,0.0,0.0,102.7,910.0
577859,2026-10-09 17:29:13,MAC,3.9,61.0,102.9,403.0
577860,2026-10-09 17:32:14,AIR,0.0,0.0,0.0,0.0
577861,2026-10-09 17:32:14,ICE,56.6,713.0,103.7,496.0
577862,2026-10-09 17:32:14,WAT,0.0,0.0,102.7,910.0
577863,2026-10-09 17:32:14,MAC,3.9,61.0,102.9,403.0
577864,2026-10-09 17:35:17,AIR,0.0,0.0,0.0,0.0
577865,2026-10-09 17:35:17,ICE,56.6,713.0,103.7,496.0
577866,2026-10-09 17:35:17,WAT,0.0,0.0,102.7,910.0
577867,2026-10-09 17:35:17,MAC,3.9,61.0,102.9,403.0
577868,2026-10-09 17:38:19,AIR,0.0,0.0,0.0,0.0
577869,2026-10-09 17:38:19,ICE,56.6,713.0,103.7,496.0
577870,2026-10-09 17:38:19,WAT,0.0,0.0,102.7,910.0
577871,2026-10-09 17:38:19,MAC,3.9,61.0,102.9,403.0
577872,2026-10-09 17:41:20,AIR,0.0,0.0,0.0,0.0
577873,2026-10-09 17:41:20,ICE,56.6,713.0,103.7,496.0
577874,2026-10-09 17:41:20,WAT,0.0,0.0,102.7,910.0
577875,2026-10-09 17:41:20,MAC,3.9,61.0,102.9,403.0
577876,2026-10-09 17:44:22,AIR,0.0,0.0,0.0,0.0
577877,2026-10-09 17:44:22,ICE,56.6,713.0,103.7,496.0
577878,2026-10-09 17:44:22,WAT,0.0,0.0,102.7,910.0
577879,2026-10-09 17:44:22,MAC,3.9,61.0,102.9,403.0
577880,2026-10-09 17:47:23,AIR,0.0,0.0,0.0,0.0
577881,2026-10-09 17:47:23,ICE,56.6,713.0,103.7,496.0
577882,2026-10-09 17:47:23,WAT,0.0,0.0,102.7,910.0
577883,2026-10-09 17:47:23,MAC,3.9,61.0,102.9,403.0
577884,2026-10-09 17:50:25,AIR,0.0,0.0,0.0,0.0
577885,2026-10-09 17:50:25,ICE,56.6,713.0,103.7,496.0
577886,2026-10-09 17:50:25,WAT,0.0,0.0,102.7,910.0
577887,2026-10-09 17:50:25,MAC,3.9,61.0,102.9,403.0
577888,2026-10-09 17:53:27,AIR,0.0,0.0,0.0,0.0
577889,2026-10-09 17:53:27,ICE,46.5,593.0,103.8,532.0
577890,2026-10-09 17:53:27,WAT,0.0,0.0,102.7,910.0
577891,2026-10-09 17:53:27,MAC,3.9,61.0,102.9,403.0
577892,2026-10-09 17:56:28,AIR,0.0,0.0,0.0,0.0
577893,2026-10-09 17:56:28,ICE,46.5,593.0,103.8,532.0
577894,2026-10-09 17:56:28,WAT,0.0,0.0,102.7,910.0
577895,2026-10-09 17:56:28,MAC,3.9,61.0,102.9,403.0
577896,2026-10-09 17:59:30,AIR,0.0,0.0,0.0,0.0
577897,2026-10-09 17:59:30,ICE,46.5,593.0,103.8,532.0
577898,2026-10-09 17:59:30,WAT,0.0,0.0,102.7,910.0
577899,2026-10-09 17:59:30,MAC,3.9,61.0,102.9,403.0
577900,2026-10-09 18:02:31,AIR,0.0,0.0,0.0,0.0
577901,2026-10-09 18:02:31,ICE,46.5,593.0,103.8,532.0
577902,2026-10-09 18:02:31,WAT,0.0,0.0,102.7,910.0
577903,2026-10-09 18:02:31,MAC,3.9,61.0,102.9,403.0
577904,2026-10-09 18:05:33,AIR,0.0,0.0,0.0,0.0
577905,2026-10-09 18:05:33,ICE,46.5,593.0,103.8,532.0
577906,2026-10-09 18:05:33,WAT,0.0,0.0,102.7,910.0
577907,2026-10-09 18:05:33,MAC,3.9,61.0,102.9,403.0
577908,2026-10-09 18:08:35,AIR,0.0,0.0,0.0,0.0
577909,2026-10-09 18:08:35,ICE,46.5,593.0,103.8,532.0
577910,2026-10-09 18:08:35,WAT,0.0,0.0,102.7,910.0
577911,2026-10-09 18:08:35,MAC,3.9,61.0,102.9,403.0
577912,2026-10-09 18:11:36,AIR,0.0,0.0,0.0,0.0
577913,2026-10-09 18:11:36,ICE,46.5,593.0,103.8,532.0
577914,2026-10-09 18:11:36,WAT,0.0,0.0,102.7,910.0
577915,2026-10-09 18:11:36,MAC,3.9,61.0,102.9,403.0
577916,2026-10-09 18:14:37,AIR,0.0,0.0,0.0,0.0
577917,2026-10-09 18:14:37,ICE,46.5,593.0,103.8,532.0
577918,2026-10-09 18:14:37,WAT,0.0,0.0,102.7,910.0
577919,2026-10-09 18:14:37,MAC,3.9,61.0,102.9,403.0
577920,2026-10-09 18:17:39,AIR,0.0,0.0,0.0,0.0
577921,2026-10-09 18:17:39,ICE,46.5,593.0,103.8,532.0
577922,2026-10-09 18:17:39,WAT,0.0,0.0,102.7,910.0
577923,2026-10-09 18:17:39,MAC,3.9,61.0,102.9,403.0
577924,2026-10-09 18:20:40,AIR,0.0,0.0,0.0,0.0
577925,2026-10-09 18:20:40,ICE,46.5,593.0,103.8,532.0
577926,2026-10-09 18:20:40,WAT,0.0,0.0,102.7,910.0
577927,2026-10-09 18:20:40,MAC,3.9,61.0,102.9,403.0
577928,2026-10-09 18:23:42,AIR,0.0,0.0,0.0,0.0
577929,2026-10-09 18:23:42,ICE,46.5,593.0,103.8,532.0
577930,2026-10-09 18:23:42,WAT,0.0,0.0,102.7,910.0
577931,2026-10-09 18:23:42,MAC,3.9,61.0,102.9,403.0
577932,2026-10-09 18:26:43,AIR,0.0,0.0,0.0,0.0
577933,2026-10-09 18:26:43,ICE,46.5,593.0,103.8,532.0
577934,2026-10-09 18:26:43,WAT,0.0,0.0,102.7,910.0
577935,2026-10-09 18:26:43,MAC,3.9,61.0,102.9,403.0
577936,2026-10-09 18:29:45,AIR,0.0,0.0,0.0,0.0
577937,2026-10-09 18:29:45,ICE,46.5,593.0,103.8,532.0
577938,2026-10-09 18:29:45,WAT,0.0,0.0,102.7,910.0
577939,2026-10-09 18:29:45,MAC,3.9,61.0,102.9,403.0
577940,2026-10-09 18:32:46,AIR,0.0,0.0,0.0,0.0
577941,2026-10-09 18:32:46,ICE,46.5,593.0,103.8,532.0
577942,2026-10-09 18:32:46,WAT,0.0,0.0,102.7,910.0
577943,2026-10-09 18:32:46,MAC,3.9,61.0,102.9,403.0
577944,2026-10-09 18:35:48,AIR,0.0,0.0,0.0,0.0
577945,2026-10-09 18:35:48,ICE,46.5,593.0,103.8,532.0
577946,2026-10-09 18:35:48,WAT,0.0,0.0,102.7,910.0
577947,2026-10-09 18:35:48,MAC,3.9,61.0,102.9,403.0
577948,2026-10-09 18:38:50,AIR,0.0,0.0,0.0,0.0
577949,2026-10-09 18:38:50,ICE,46.5,593.0,103.8,532.0
577950,2026-10-09 18:38:50,WAT,0.0,0.0,102.7,910.0
577951,2026-10-09 18:38:50,MAC,3.9,61.0,102.9,403.0
577952,2026-10-09 18:41:51,AIR,0.0,0.0,0.0,0.0
577953,2026-10-09 18:41:51,ICE,46.5,593.0,103.8,532.0
577954,2026-10-09 18:41:51,WAT,0.0,0.0,102.7,910.0
577955,2026-10-09 18:41:51,MAC,3.9,61.0,102.9,403.0
577956,2026-10-09 18:44:52,AIR,0.0,0.0,0.0,0.0
577957,2026-10-09 18:44:52,ICE,46.5,593.0,103.8,532.0
577958,2026-10-09 18:44:52,WAT,0.0,0.0,102.7,910.0
577959,2026-10-09 18:44:52,MAC,3.9,61.0,102.9,403.0
577960,2026-10-09 18:47:54,AIR,0.0,0.0,0.0,0.0
577961,2026-10-09 18:47:54,ICE,46.5,593.0,103.8,532.0
577962,2026-10-09 18:47:54,WAT,0.0,0.0,102.7,910.0
577963,2026-10-09 18:47:54,MAC,3.9,61.0,102.9,403.0
577964,2026-10-09 18:50:55,AIR,0.0,0.0,0.0,0.0
577965,2026-10-09 18:50:55,ICE,46.5,593.0,103.8,532.0
577966,2026-10-09 18:50:55,WAT,0.0,0.0,102.7,910.0
577967,2026-10-09 18:50:55,MAC,3.9,61.0,102.9,403.0
577968,2026-10-09 18:53:57,AIR,0.0,0.0,0.0,0.0
577969,2026-10-09 18:53:57,ICE,46.5,593.0,103.8,532.0
577970,2026-10-09 18:53:57,WAT,0.0,0.0,102.7,910.0
577971,2026-10-09 18:53:57,MAC,3.9,61.0,102.9,403.0
577972,2026-10-09 18:56:58,AIR,0.0,0.0,0.0,0.0
577973,2026-10-09 18:56:58,ICE,46.5,593.0,103.8,532.0
577974,2026-10-09 18:56:58,WAT,0.0,0.0,102.7,910.0
577975,2026-10-09 18:56:58,MAC,3.9,61.0,102.9,403.0
577976,2026-10-09 19:00:01,AIR,0.0,0.0,0.0,0.0
577977,2026-10-09 19:00:01,ICE,46.5,593.0,103.8,532.0
577978,2026-10-09 19:00:01,WAT,0.0,0.0,102.7,910.0
577979,2026-10-09 19:00:01,MAC,3.9,61.0,102.9,403.0
577980,2026-10-09 19:03:21,AIR,0.0,0.0,0.0,0.0
577981,2026-10-09 19:03:21,ICE,46.5,593.0,103.8,532.0
577982,2026-10-09 19:03:21,WAT,0.0,0.0,102.7,910.0
577983,2026-10-09 19:03:21,MAC,3.9,61.0,102.9,403.0
577984,2026-10-09 19:06:23,AIR,0.0,0.0,0.0,0.0
577985,2026-10-09 19:06:23,ICE,46.5,593.0,103.8,532.0
577986,2026-10-09 19:06:23,WAT,0.0,0.0,102.7,910.0
577987,2026-10-09 19:06:23,MAC,3.9,61.0,102.9,403.0
577988,2026-10-09 19:09:24,AIR,0.0,0.0,0.0,0.0
577989,2026-10-09 19:09:24,ICE,46.5,593.0,103.8,532.0
577990,2026-10-09 19:09:24,WAT,0.0,0.0,102.7,910.0
577991,2026-10-09 19:09:24,MAC,3.9,61.0,102.9,403.0
577992,2026-10-09 19:12:26,AIR,0.0,0.0,0.0,0.0
577993,2026-10-09 19:12:26,ICE,46.5,593.0,103.8,532.0
577994,2026-10-09 19:12:26,WAT,0.0,0.0,102.7,910.0
577995,2026-10-09 19:12:26,MAC,3.9,61.0,102.9,403.0
577996,2026-10-09 19:15:27,AIR,0.0,0.0,0.0,0.0
577997,2026-10-09 19:15:27,ICE,46.5,593.0,103.8,532.0
577998,2026-10-09 19:15:27,WAT,0.0,0.0,102.7,910.0
577999,2026-10-09 19:15:27,MAC,3.9,61.0,102.9,403.0
578000,2026-10-09 19:18:29,AIR,0.0,0.0,0.0,0.0
578001,2026-10-09 19:18:29,ICE,46.5,593.0,103.8,532.0
578002,2026-10-09 19:18:29,WAT,0.0,0.0,102.7,910.0
578003,2026-10-09 19:18:29,MAC,3.9,61.0,102.9,403.0
578004,2026-10-09 19:21:30,AIR,0.0,0.0,0.0,0.0
578005,2026-10-09 19:21:30,ICE,46.5,593.0,103.8,532.0
578006,2026-10-09 19:21:30,WAT,0.0,0.0,102.7,910.0
578007,2026-10-09 19:21:30,MAC,3.9,61.0,102.9,403.0
578008,2026-10-09 19:24:32,AIR,0.0,0.0,0.0,0.0
578009,2026-10-09 19:24:32,ICE,46.5,593.0,103.8,532.0
578010,2026-10-09 19:24:32,WAT,0.0,0.0,102.7,910.0
578011,2026-10-09 19:24:32,MAC,3.9,61.0,102.9,403.0
578012,2026-10-09 19:27:33,AIR,0.0,0.0,0.0,0.0
578013,2026-10-09 19:27:33,ICE,46.5,593.0,103.8,532.0
578014,2026-10-09 19:27:33,WAT,0.0,0.0,102.7,910.0
578015,2026-10-09 19:27:33,MAC,3.9,61.0,102.9,403.0
578016,2026-10-09 19:30:35,AIR,0.0,0.0,0.0,0.0
578017,2026-10-09 19:30:35,ICE,46.5,593.0,103.8,532.0
578018,2026-10-09 19:30:35,WAT,0.0,0.0,102.7,910.0
578019,2026-10-09 19:30:35,MAC,3.9,61.0,102.9,403.0
578020,2026-10-09 19:33:36,AIR,0.0,0.0,0.0,0.0
578021,2026-10-09 19:33:36,ICE,46.5,593.0,103.8,532.0
578022,2026-10-09 19:33:36,WAT,0.0,0.0,102.7,910.0
578023,2026-10-09 19:33:36,MAC,24.5,486.0,103.0,634.0
578024,2026-10-09 19:36:38,AIR,0.0,0.0,0.0,0.0
578025,2026-10-09 19:36:38,ICE,46.5,593.0,103.8,532.0
578026,2026-10-09 19:36:38,WAT,0.0,0.0,102.7,910.0
578027,2026-10-09 19:36:38,MAC,45.1,592.0,102.9,637.0
578028,2026-10-09 19:39:40,AIR,0.0,0.0,0.0,0.0
578029,2026-10-09 19:39:40,ICE,46.5,593.0,103.8,532.0
578030,2026-10-09 19:39:40,WAT,0.0,0.0,102.7,910.0
578031,2026-10-09 19:39:40,MAC,45.1,592.0,102.9,637.0
578032,2026-10-09 19:42:41,AIR,0.0,0.0,0.0,0.0
578033,2026-10-09 19:42:41,ICE,46.5,593.0,103.8,532.0
578034,2026-10-09 19:42:41,WAT,0.0,0.0,102.7,910.0
578035,2026-10-09 19:42:41,MAC,45.1,592.0,102.9,637.0
578036,2026-10-09 19:45:42,AIR,0.0,0.0,0.0,0.0
578037,2026-10-09 19:45:42,ICE,46.5,593.0,103.8,532.0
578038,2026-10-09 19:45:42,WAT,0.0,0.0,102.7,910.0
578039,2026-10-09 19:45:42,MAC,45.1,592.0,102.9,637.0
578040,2026-10-09 19:48:44,AIR,0.0,0.0,0.0,0.0
578041,2026-10-09 19:48:44,ICE,46.5,593.0,103.8,532.0
578042,2026-10-09 19:48:44,WAT,0.0,0.0,102.7,910.0
578043,2026-10-09 19:48:44,MAC,45.1,592.0,102.9,637.0
578044,2026-10-09 19:51:45,AIR,0.0,0.0,0.0,0.0
578045,2026-10-09 19:51:45,ICE,46.5,593.0,103.8,532.0
578046,2026-10-09 19:51:45,WAT,0.0,0.0,102.7,910.0
578047,2026-10-09 19:51:45,MAC,45.1,592.0,102.9,637.0
578048,2026-10-09 19:54:47,AIR,0.0,0.0,0.0,0.0
578049,2026-10-09 19:54:47,ICE,46.5,593.0,103.8,532.0
578050,2026-10-09 19:54:47,WAT,0.0,0.0,102.7,910.0
578051,2026-10-09 19:54:47,MAC,45.1,592.0,102.9,637.0
578052,2026-10-09 19:57:48,AIR,0.0,0.0,0.0,0.0
578053,2026-10-09 19:57:48,ICE,59.2,752.0,103.0,655.0
578054,2026-10-09 19:57:48,WAT,0.0,0.0,102.7,910.0
578055,2026-10-09 19:57:48,MAC,45.1,592.0,102.9,637.0
578056,2026-10-09 20:00:49,AIR,0.0,0.0,0.0,0.0
578057,2026-10-09 20:00:49,ICE,59.2,752.0,103.0,655.0
578058,2026-10-09 20:00:49,WAT,0.0,0.0,102.7,910.0
578059,2026-10-09 20:00:49,MAC,45.1,592.0,102.9,637.0
578060,2026-10-09 20:03:51,AIR,0.0,0.0,0.0,0.0
578061,2026-10-09 20:03:51,ICE,3.0,29.0,103.2,661.0
578062,2026-10-09 20:03:51,WAT,0.0,0.0,102.7,910.0
578063,2026-10-09 20:03:51,MAC,45.1,592.0,102.9,637.0
578064,2026-10-09 20:06:52,AIR,0.0,0.0,0.0,0.0
578065,2026-10-09 20:06:52,ICE,50.7,665.0,103.8,666.0
578066,2026-10-09 20:06:52,WAT,0.0,0.0,102.7,910.0
578067,2026-10-09 20:06:52,MAC,45.1,592.0,102.9,637.0
578068,2026-10-09 20:09:53,AIR,0.0,0.0,0.0,0.0
578069,2026-10-09 20:09:53,ICE,39.2,495.0,103.6,667.0
578070,2026-10-09 20:09:53,WAT,0.0,0.0,102.7,910.0
578071,2026-10-09 20:09:53,MAC,45.1,592.0,102.9,637.0
578072,2026-10-09 20:12:55,AIR,0.0,0.0,0.0,0.0
578073,2026-10-09 20:12:55,ICE,39.2,495.0,103.6,667.0
578074,2026-10-09 20:12:55,WAT,0.0,0.0,102.7,910.0
578075,2026-10-09 20:12:55,MAC,45.1,592.0,102.9,637.0
578076,2026-10-09 20:15:56,AIR,0.0,0.0,0.0,0.0
578077,2026-10-09 20:15:56,ICE,39.2,495.0,103.6,667.0
578078,2026-10-09 20:15:56,WAT,0.0,0.0,102.7,910.0
578079,2026-10-09 20:15:56,MAC,45.1,592.0,102.9,637.0
578080,2026-10-09 20:18:58,AIR,0.0,0.0,0.0,0.0
578081,2026-10-09 20:18:58,ICE,39.2,495.0,103.6,667.0
578082,2026-10-09 20:18:58,WAT,0.0,0.0,102.7,910.0
578083,2026-10-09 20:18:58,MAC,45.1,592.0,102.9,637.0
578084,2026-10-09 20:21:59,AIR,0.0,0.0,0.0,0.0
578085,2026-10-09 20:21:59,ICE,39.2,495.0,103.6,667.0
578086,2026-10-09 20:21:59,WAT,0.0,0.0,102.7,910.0
578087,2026-10-09 20:21:59,MAC,45.1,592.0,102.9,637.0
578088,2026-10-09 20:25:01,AIR,0.0,0.0,0.0,0.0
578089,2026-10-09 20:25:01,ICE,39.2,495.0,103.6,667.0
578090,2026-10-09 20:25:01,WAT,0.0,0.0,102.7,910.0
578091,2026-10-09 20:25:01,MAC,45.1,592.0,102.9,637.0
578092,2026-10-09 20:28:03,AIR,0.0,0.0,0.0,0.0
578093,2026-10-09 20:28:03,ICE,39.2,495.0,103.6,667.0
578094,2026-10-09 20:28:03,WAT,0.0,0.0,102.7,910.0
578095,2026-10-09 20:28:03,MAC,45.1,592.0,102.9,637.0
578096,2026-10-09 20:31:04,AIR,0.0,0.0,0.0,0.0
578097,2026-10-09 20:31:04,ICE,39.2,495.0,103.6,667.0
578098,2026-10-09 20:31:04,WAT,0.0,0.0,102.7,910.0
578099,2026-10-09 20:31:04,MAC,45.1,592.0,102.9,637.0
578100,2026-10-09 20:34:06,AIR,0.0,0.0,0.0,0.0
578101,2026-10-09 20:34:06,ICE,39.2,495.0,103.6,667.0
578102,2026-10-09 20:34:06,WAT,0.0,0.0,102.7,910.0
578103,2026-10-09 20:34:06,MAC,38.4,534.0,102.0,693.0
578104,2026-10-09 20:37:08,AIR,0.0,0.0,0.0,0.0
578105,2026-10-09 20:37:08,ICE,39.2,495.0,103.6,667.0
578106,2026-10-09 20:37:08,WAT,0.0,0.0,102.7,910.0
578107,2026-10-09 20:37:08,MAC,38.4,534.0,102.0,693.0
578108,2026-10-09 20:40:10,AIR,0.0,0.0,0.0,0.0
578109,2026-10-09 20:40:10,ICE,39.2,495.0,103.6,667.0
578110,2026-10-09 20:40:10,WAT,0.0,0.0,102.7,910.0
578111,2026-10-09 20:40:10,MAC,38.4,534.0,102.0,693.0
578112,2026-10-09 20:43:09,AIR,0.0,0.0,0.0,0.0
578113,2026-10-09 20:43:09,ICE,39.2,495.0,103.6,667.0
578114,2026-10-09 20:43:09,WAT,0.0,0.0,102.7,910.0
578115,2026-10-09 20:43:09,MAC,38.4,534.0,102.0,693.0
578116,2026-10-09 20:46:11,AIR,0.0,0.0,0.0,0.0
578117,2026-10-09 20:46:11,ICE,39.2,495.0,103.6,667.0
578118,2026-10-09 20:46:11,WAT,0.0,0.0,102.7,910.0
578119,2026-10-09 20:46:11,MAC,38.4,534.0,102.0,693.0
578120,2026-10-09 20:49:12,AIR,0.0,0.0,0.0,0.0
578121,2026-10-09 20:49:12,ICE,39.2,495.0,103.6,667.0
578122,2026-10-09 20:49:12,WAT,0.0,0.0,102.7,910.0
578123,2026-10-09 20:49:12,MAC,38.4,534.0,102.0,693.0
578124,2026-10-09 20:52:14,AIR,0.0,0.0,0.0,0.0
578125,2026-10-09 20:52:14,ICE,39.2,495.0,103.6,667.0
578126,2026-10-09 20:52:14,WAT,0.0,0.0,102.7,910.0
578127,2026-10-09 20:52:14,MAC,38.4,534.0,102.0,693.0
578128,2026-10-09 20:55:15,AIR,0.0,0.0,0.0,0.0
578129,2026-10-09 20:55:15,ICE,39.2,495.0,103.6,667.0
578130,2026-10-09 20:55:15,WAT,0.0,0.0,102.7,910.0
578131,2026-10-09 20:55:15,MAC,38.4,534.0,102.0,693.0
578132,2026-10-09 20:58:19,AIR,0.0,0.0,0.0,0.0
578133,2026-10-09 20:58:19,ICE,39.2,495.0,103.6,667.0
578134,2026-10-09 20:58:19,WAT,0.0,0.0,102.7,910.0
578135,2026-10-09 20:58:19,MAC,40.0,526.0,101.9,716.0
578136,2026-10-09 21:01:20,AIR,0.0,0.0,0.0,0.0
578137,2026-10-09 21:01:20,ICE,39.2,495.0,103.6,667.0
578138,2026-10-09 21:01:20,WAT,0.0,0.0,102.7,910.0
578139,2026-10-09 21:01:20,MAC,40.0,526.0,101.9,716.0
578140,2026-10-09 21:04:22,AIR,0.0,0.0,0.0,0.0
578141,2026-10-09 21:04:22,ICE,39.2,495.0,103.6,667.0
578142,2026-10-09 21:04:22,WAT,0.0,0.0,102.7,910.0
578143,2026-10-09 21:04:22,MAC,40.0,526.0,101.9,716.0
578144,2026-10-09 21:07:23,AIR,0.0,0.0,0.0,0.0
578145,2026-10-09 21:07:23,ICE,39.2,495.0,103.6,667.0
578146,2026-10-09 21:07:23,WAT,0.0,0.0,102.7,910.0
578147,2026-10-09 21:07:23,MAC,40.0,526.0,101.9,716.0
578148,2026-10-09 21:10:24,AIR,0.0,0.0,0.0,0.0
578149,2026-10-09 21:10:24,ICE,39.2,495.0,103.6,667.0
578150,2026-10-09 21:10:24,WAT,0.0,0.0,102.7,910.0
578151,2026-10-09 21:10:24,MAC,40.0,526.0,101.9,716.0
578152,2026-10-09 21:13:26,AIR,0.0,0.0,0.0,0.0
578153,2026-10-09 21:13:26,ICE,39.2,495.0,103.6,667.0
578154,2026-10-09 21:13:26,WAT,0.0,0.0,102.7,910.0
578155,2026-10-09 21:13:26,MAC,40.0,526.0,101.9,716.0
578156,2026-10-09 21:16:27,AIR,0.0,0.0,0.0,0.0
578157,2026-10-09 21:16:27,ICE,39.2,495.0,103.6,667.0
578158,2026-10-09 21:16:27,WAT,0.0,0.0,102.7,910.0
578159,2026-10-09 21:16:27,MAC,38.6,526.0,102.2,736.0
578160,2026-10-09 21:19:28,AIR,0.0,0.0,0.0,0.0
578161,2026-10-09 21:19:28,ICE,39.2,495.0,103.6,667.0
578162,2026-10-09 21:19:28,WAT,0.0,0.0,102.7,910.0
578163,2026-10-09 21:19:28,MAC,38.6,526.0,102.2,736.0
578164,2026-10-09 21:22:30,AIR,0.0,0.0,0.0,0.0
578165,2026-10-09 21:22:30,ICE,39.2,495.0,103.6,667.0
578166,2026-10-09 21:22:30,WAT,0.0,0.0,102.7,910.0
578167,2026-10-09 21:22:30,MAC,38.6,526.0,102.2,736.0
578168,2026-10-09 21:25:31,AIR,0.0,0.0,0.0,0.0
578169,2026-10-09 21:25:31,ICE,39.2,495.0,103.6,667.0
578170,2026-10-09 21:25:31,WAT,0.0,0.0,102.7,910.0
578171,2026-10-09 21:25:31,MAC,38.6,526.0,102.2,736.0
578172,2026-10-09 21:28:33,AIR,0.0,0.0,0.0,0.0
578173,2026-10-09 21:28:33,ICE,39.2,495.0,103.6,667.0
578174,2026-10-09 21:28:33,WAT,0.0,0.0,102.7,910.0
578175,2026-10-09 21:28:33,MAC,38.6,526.0,102.2,736.0
578176,2026-10-09 21:31:35,AIR,0.0,0.0,0.0,0.0
578177,2026-10-09 21:31:35,ICE,39.2,495.0,103.6,667.0
578178,2026-10-09 21:31:35,WAT,0.0,0.0,102.7,910.0
578179,2026-10-09 21:31:35,MAC,38.6,526.0,102.2,736.0
578180,2026-10-09 21:34:36,AIR,0.0,0.0,0.0,0.0
578181,2026-10-09 21:34:36,ICE,39.2,495.0,103.6,667.0
578182,2026-10-09 21:34:36,WAT,0.0,0.0,102.7,910.0
578183,2026-10-09 21:34:36,MAC,39.0,518.0,102.5,754.0
578184,2026-10-09 21:37:38,AIR,0.0,0.0,0.0,0.0
578185,2026-10-09 21:37:38,ICE,62.1,777.0,102.9,756.0
578186,2026-10-09 21:37:38,WAT,0.0,0.0,102.7,910.0
578187,2026-10-09 21:37:38,MAC,39.0,518.0,102.5,754.0
578188,2026-10-09 21:40:39,AIR,0.0,0.0,0.0,0.0
578189,2026-10-09 21:40:39,ICE,62.1,777.0,102.9,756.0
578190,2026-10-09 21:40:39,WAT,0.0,0.0,102.7,910.0
578191,2026-10-09 21:40:39,MAC,39.0,518.0,102.5,754.0
578192,2026-10-09 21:43:41,AIR,0.0,0.0,0.0,0.0
578193,2026-10-09 21:43:41,ICE,62.1,777.0,102.9,756.0
578194,2026-10-09 21:43:41,WAT,0.0,0.0,102.7,910.0
578195,2026-10-09 21:43:41,MAC,39.0,518.0,102.5,754.0
578196,2026-10-09 21:46:42,AIR,0.0,0.0,0.0,0.0
578197,2026-10-09 21:46:42,ICE,62.1,777.0,102.9,756.0
578198,2026-10-09 21:46:42,WAT,0.0,0.0,102.7,910.0
578199,2026-10-09 21:46:42,MAC,39.0,518.0,102.5,754.0
578200,2026-10-09 21:49:44,AIR,0.0,0.0,0.0,0.0
578201,2026-10-09 21:49:44,ICE,62.1,777.0,102.9,756.0
578202,2026-10-09 21:49:44,WAT,0.0,0.0,102.7,910.0
578203,2026-10-09 21:49:44,MAC,39.0,518.0,102.5,754.0
578204,2026-10-09 21:52:45,AIR,0.0,0.0,0.0,0.0
578205,2026-10-09 21:52:45,ICE,62.1,777.0,102.9,756.0
578206,2026-10-09 21:52:45,WAT,0.0,0.0,102.7,910.0
578207,2026-10-09 21:52:45,MAC,46.3,585.0,102.5,771.0
578208,2026-10-09 21:55:47,AIR,0.0,0.0,0.0,0.0
578209,2026-10-09 21:55:47,ICE,62.1,777.0,102.9,756.0
578210,2026-10-09 21:55:47,WAT,0.0,0.0,102.7,910.0
578211,2026-10-09 21:55:47,MAC,44.4,568.0,102.5,775.0
578212,2026-10-09 21:58:48,AIR,0.0,0.0,0.0,0.0
578213,2026-10-09 21:58:48,ICE,62.1,777.0,102.9,756.0
578214,2026-10-09 21:58:48,WAT,0.0,0.0,102.7,910.0
578215,2026-10-09 21:58:48,MAC,44.4,568.0,102.5,775.0
578216,2026-10-09 22:01:50,AIR,0.0,0.0,0.0,0.0
578217,2026-10-09 22:01:50,ICE,62.1,777.0,102.9,756.0
578218,2026-10-09 22:01:50,WAT,0.0,0.0,102.7,910.0
578219,2026-10-09 22:01:50,MAC,44.4,568.0,102.5,775.0
578220,2026-10-09 22:04:52,AIR,0.0,0.0,0.0,0.0
578221,2026-10-09 22:04:52,ICE,62.1,777.0,102.9,756.0
578222,2026-10-09 22:04:52,WAT,0.0,0.0,102.7,910.0
578223,2026-10-09 22:04:52,MAC,44.4,568.0,102.5,775.0
578224,2026-10-09 22:07:53,AIR,0.0,0.0,0.0,0.0
578225,2026-10-09 22:07:53,ICE,62.1,777.0,102.9,756.0
578226,2026-10-09 22:07:53,WAT,0.0,0.0,102.7,910.0
578227,2026-10-09 22:07:53,MAC,44.4,568.0,102.5,775.0
578228,2026-10-09 22:10:54,AIR,0.0,0.0,0.0,0.0
578229,2026-10-09 22:10:54,ICE,62.1,777.0,102.9,756.0
578230,2026-10-09 22:10:54,WAT,0.0,0.0,102.7,910.0
578231,2026-10-09 22:10:54,MAC,44.4,568.0,102.5,775.0
578232,2026-10-09 22:13:56,AIR,0.0,0.0,0.0,0.0
578233,2026-10-09 22:13:56,ICE,62.1,777.0,102.9,756.0
578234,2026-10-09 22:13:56,WAT,0.0,0.0,102.7,910.0
578235,2026-10-09 22:13:56,MAC,37.4,487.0,103.1,794.0
578236,2026-10-09 22:16:57,AIR,0.0,0.0,0.0,0.0
578237,2026-10-09 22:16:57,ICE,62.1,777.0,102.9,756.0
578238,2026-10-09 22:16:57,WAT,0.0,0.0,102.7,910.0
578239,2026-10-09 22:16:57,MAC,37.4,487.0,103.1,794.0
578240,2026-10-09 22:19:58,AIR,0.0,0.0,0.0,0.0
578241,2026-10-09 22:19:58,ICE,62.1,777.0,102.9,756.0
578242,2026-10-09 22:19:58,WAT,0.0,0.0,102.7,910.0
578243,2026-10-09 22:19:58,MAC,37.4,487.0,103.1,794.0
578244,2026-10-09 22:23:00,AIR,0.0,0.0,0.0,0.0
578245,2026-10-09 22:23:00,ICE,62.1,777.0,102.9,756.0
578246,2026-10-09 22:23:00,WAT,0.0,0.0,102.7,910.0
578247,2026-10-09 22:23:00,MAC,37.4,487.0,103.1,794.0
578248,2026-10-09 22:26:02,AIR,0.0,0.0,0.0,0.0
578249,2026-10-09 22:26:02,ICE,62.1,777.0,102.9,756.0
578250,2026-10-09 22:26:02,WAT,0.0,0.0,102.7,910.0
578251,2026-10-09 22:26:02,MAC,47.5,552.0,102.5,806.0
578252,2026-10-09 22:29:03,AIR,0.0,0.0,0.0,0.0
578253,2026-10-09 22:29:03,ICE,62.1,777.0,102.9,756.0
578254,2026-10-09 22:29:03,WAT,0.0,0.0,102.7,910.0
578255,2026-10-09 22:29:03,MAC,43.8,571.0,102.1,808.0
578256,2026-10-09 22:32:05,AIR,0.0,0.0,0.0,0.0
578257,2026-10-09 22:32:05,ICE,62.1,777.0,102.9,756.0
578258,2026-10-09 22:32:05,WAT,0.0,0.0,102.7,910.0
578259,2026-10-09 22:32:05,MAC,43.8,571.0,102.1,808.0
578260,2026-10-09 22:35:07,AIR,0.0,0.0,0.0,0.0
578261,2026-10-09 22:35:07,ICE,62.1,777.0,102.9,756.0
578262,2026-10-09 22:35:07,WAT,0.0,0.0,102.7,910.0
578263,2026-10-09 22:35:07,MAC,43.8,571.0,102.1,808.0
578264,2026-10-09 22:38:08,AIR,0.0,0.0,0.0,0.0
578265,2026-10-09 22:38:08,ICE,3.0,29.0,102.7,817.0
578266,2026-10-09 22:38:08,WAT,0.0,0.0,102.7,910.0
578267,2026-10-09 22:38:08,MAC,43.8,571.0,102.1,808.0
578268,2026-10-09 22:41:10,AIR,0.0,0.0,0.0,0.0
578269,2026-10-09 22:41:10,ICE,3.0,29.0,102.7,817.0
578270,2026-10-09 22:41:10,WAT,0.0,0.0,102.7,910.0
578271,2026-10-09 22:41:10,MAC,43.8,571.0,102.1,808.0
578272,2026-10-09 22:44:12,AIR,0.0,0.0,0.0,0.0
578273,2026-10-09 22:44:12,ICE,3.0,29.0,102.7,817.0
578274,2026-10-09 22:44:12,WAT,0.0,0.0,102.7,910.0
578275,2026-10-09 22:44:12,MAC,43.8,571.0,102.1,808.0
578276,2026-10-09 22:47:13,AIR,0.0,0.0,0.0,0.0
578277,2026-10-09 22:47:13,ICE,3.0,29.0,102.7,817.0
578278,2026-10-09 22:47:13,WAT,0.0,0.0,102.7,910.0
578279,2026-10-09 22:47:13,MAC,43.8,571.0,102.1,808.0
578280,2026-10-09 22:50:15,AIR,0.0,0.0,0.0,0.0
578281,2026-10-09 22:50:15,ICE,3.0,29.0,102.7,817.0
578282,2026-10-09 22:50:15,WAT,0.0,0.0,102.7,910.0
578283,2026-10-09 22:50:15,MAC,43.8,571.0,102.1,808.0
578284,2026-10-09 22:53:16,AIR,0.0,0.0,0.0,0.0
578285,2026-10-09 22:53:16,ICE,59.8,755.0,102.1,833.0
578286,2026-10-09 22:53:16,WAT,0.0,0.0,102.7,910.0
578287,2026-10-09 22:53:16,MAC,43.8,571.0,102.1,808.0
578288,2026-10-09 22:56:17,AIR,0.0,0.0,0.0,0.0
578289,2026-10-09 22:56:17,ICE,59.8,755.0,102.1,833.0
578290,2026-10-09 22:56:17,WAT,0.0,0.0,102.7,910.0
578291,2026-10-09 22:56:17,MAC,43.8,571.0,102.1,808.0
578292,2026-10-09 22:59:19,AIR,0.0,0.0,0.0,0.0
578293,2026-10-09 22:59:19,ICE,59.8,755.0,102.1,833.0
578294,2026-10-09 22:59:19,WAT,0.0,0.0,102.7,910.0
578295,2026-10-09 22:59:19,MAC,43.8,571.0,102.1,808.0
578296,2026-10-09 23:02:20,AIR,0.0,0.0,0.0,0.0
578297,2026-10-09 23:02:20,ICE,59.8,755.0,102.1,833.0
578298,2026-10-09 23:02:20,WAT,0.0,0.0,102.7,910.0
578299,2026-10-09 23:02:20,MAC,38.8,492.0,102.0,842.0
578300,2026-10-09 23:05:22,AIR,0.0,0.0,0.0,0.0
578301,2026-10-09 23:05:22,ICE,59.8,755.0,102.1,833.0
578302,2026-10-09 23:05:22,WAT,0.0,0.0,102.7,910.0
578303,2026-10-09 23:05:22,MAC,38.8,492.0,102.0,842.0
578304,2026-10-09 23:08:23,AIR,0.0,0.0,0.0,0.0
578305,2026-10-09 23:08:23,ICE,59.8,755.0,102.1,833.0
578306,2026-10-09 23:08:23,WAT,0.0,0.0,102.7,910.0
578307,2026-10-09 23:08:23,MAC,38.8,492.0,102.0,842.0
578308,2026-10-09 23:11:24,AIR,0.0,0.0,0.0,0.0
578309,2026-10-09 23:11:24,ICE,59.8,755.0,102.1,833.0
578310,2026-10-09 23:11:24,WAT,0.0,0.0,102.7,910.0
578311,2026-10-09 23:11:24,MAC,38.8,492.0,102.0,842.0
578312,2026-10-09 23:14:26,AIR,0.0,0.0,0.0,0.0
578313,2026-10-09 23:14:26,ICE,59.8,755.0,102.1,833.0
578314,2026-10-09 23:14:26,WAT,0.0,0.0,102.7,910.0
578315,2026-10-09 23:14:26,MAC,38.8,492.0,102.0,842.0
578316,2026-10-09 23:17:27,AIR,0.0,0.0,0.0,0.0
578317,2026-10-09 23:17:27,ICE,59.8,755.0,102.1,833.0
578318,2026-10-09 23:17:27,WAT,0.0,0.0,102.7,910.0
578319,2026-10-09 23:17:27,MAC,38.8,492.0,102.0,842.0
578320,2026-10-09 23:20:29,AIR,0.0,0.0,0.0,0.0
578321,2026-10-09 23:20:29,ICE,59.8,755.0,102.1,833.0
578322,2026-10-09 23:20:29,WAT,0.0,0.0,102.7,910.0
578323,2026-10-09 23:20:29,MAC,38.8,492.0,102.0,842.0
578324,2026-10-09 23:23:31,AIR,0.0,0.0,0.0,0.0
578325,2026-10-09 23:23:31,ICE,59.8,755.0,102.1,833.0
578326,2026-10-09 23:23:31,WAT,0.0,0.0,102.7,910.0
578327,2026-10-09 23:23:31,MAC,38.8,492.0,102.0,842.0
578328,2026-10-09 23:26:32,AIR,0.0,0.0,0.0,0.0
578329,2026-10-09 23:26:32,ICE,59.8,755.0,102.1,833.0
578330,2026-10-09 23:26:32,WAT,0.0,0.0,102.7,910.0
578331,2026-10-09 23:26:32,MAC,38.8,492.0,102.0,842.0
578332,2026-10-09 23:29:33,AIR,0.0,0.0,0.0,0.0
578333,2026-10-09 23:29:33,ICE,59.8,755.0,102.1,833.0
578334,2026-10-09 23:29:33,WAT,0.0,0.0,102.7,910.0
578335,2026-10-09 23:29:33,MAC,38.8,492.0,102.0,842.0
578336,2026-10-09 23:32:35,AIR,0.0,0.0,0.0,0.0
578337,2026-10-09 23:32:35,ICE,59.8,755.0,102.1,833.0
578338,2026-10-09 23:32:35,WAT,0.0,0.0,102.7,910.0
578339,2026-10-09 23:32:35,MAC,38.8,492.0,102.0,842.0
578340,2026-10-09 23:35:37,AIR,0.0,0.0,0.0,0.0
578341,2026-10-09 23:35:37,ICE,59.8,755.0,102.1,833.0
578342,2026-10-09 23:35:37,WAT,0.0,0.0,102.7,910.0
578343,2026-10-09 23:35:37,MAC,38.8,492.0,102.0,842.0
578344,2026-10-09 23:38:38,AIR,0.0,0.0,0.0,0.0
578345,2026-10-09 23:38:38,ICE,59.8,755.0,102.1,833.0
578346,2026-10-09 23:38:38,WAT,0.0,0.0,102.7,910.0
578347,2026-10-09 23:38:38,MAC,38.8,492.0,102.0,842.0
578348,2026-10-09 23:41:40,AIR,0.0,0.0,0.0,0.0
578349,2026-10-09 23:41:40,ICE,3.0,29.0,102.9,878.0
578350,2026-10-09 23:41:40,WAT,0.0,0.0,102.7,910.0
578351,2026-10-09 23:41:40,MAC,38.8,492.0,102.0,842.0
578352,2026-10-09 23:44:42,AIR,0.0,0.0,0.0,0.0
578353,2026-10-09 23:44:42,ICE,3.0,29.0,102.9,878.0
578354,2026-10-09 23:44:42,WAT,0.0,0.0,102.7,910.0
578355,2026-10-09 23:44:42,MAC,38.8,492.0,102.0,842.0
578356,2026-10-09 23:47:43,AIR,0.0,0.0,0.0,0.0
578357,2026-10-09 23:47:43,ICE,3.0,29.0,102.9,878.0
578358,2026-10-09 23:47:43,WAT,0.0,0.0,102.7,910.0
578359,2026-10-09 23:47:43,MAC,45.4,593.0,102.6,887.0
578360,2026-10-09 23:50:44,AIR,0.0,0.0,0.0,0.0
578361,2026-10-09 23:50:44,ICE,3.0,29.0,102.9,878.0
578362,2026-10-09 23:50:44,WAT,0.0,0.0,102.7,910.0
578363,2026-10-09 23:50:44,MAC,45.4,593.0,102.6,887.0
578364,2026-10-09 23:53:46,AIR,0.0,0.0,0.0,0.0
578365,2026-10-09 23:53:46,ICE,51.4,659.0,102.9,893.0
578366,2026-10-09 23:53:46,WAT,0.0,0.0,102.7,910.0
578367,2026-10-09 23:53:46,MAC,45.4,593.0,102.6,887.0
578368,2026-10-09 23:56:48,AIR,0.0,0.0,0.0,0.0
578369,2026-10-09 23:56:48,ICE,39.8,504.0,102.9,894.0
578370,2026-10-09 23:56:48,WAT,0.0,0.0,102.7,910.0
578371,2026-10-09 23:56:48,MAC,45.4,593.0,102.6,887.0
578372,2026-10-09 23:59:49,AIR,0.0,0.0,0.0,0.0
578373,2026-10-09 23:59:49,ICE,39.8,504.0,102.9,894.0
578374,2026-10-09 23:59:49,WAT,0.0,0.0,102.7,910.0
578375,2026-10-09 23:59:49,MAC,45.4,593.0,102.6,887.0
578376,2026-10-10 00:02:51,AIR,0.0,0.0,0.0,0.0
578377,2026-10-10 00:02:51,ICE,39.8,504.0,102.9,894.0
578378,2026-10-10 00:02:51,WAT,0.0,0.0,102.7,910.0
578379,2026-10-10 00:02:51,MAC,45.4,593.0,102.6,887.0
578380,2026-10-10 00:05:52,AIR,0.0,0.0,0.0,0.0
578381,2026-10-10 00:05:52,ICE,39.8,504.0,102.9,894.0
578382,2026-10-10 00:05:52,WAT,0.0,0.0,102.7,910.0
578383,2026-10-10 00:05:52,MAC,45.4,593.0,102.6,887.0
578384,2026-10-10 00:08:54,AIR,0.0,0.0,0.0,0.0
578385,2026-10-10 00:08:54,ICE,39.8,504.0,102.9,894.0
578386,2026-10-10 00:08:54,WAT,0.0,0.0,102.7,910.0
578387,2026-10-10 00:08:54,MAC,37.6,497.0,102.8,909.0
578388,2026-10-10 00:11:55,AIR,0.0,0.0,0.0,0.0
578389,2026-10-10 00:11:55,ICE,39.8,504.0,102.9,894.0
578390,2026-10-10 00:11:55,WAT,0.0,0.0,102.7,910.0
578391,2026-10-10 00:11:55,MAC,37.6,497.0,102.8,909.0
578392,2026-10-10 00:14:56,AIR,0.0,0.0,0.0,0.0
578393,2026-10-10 00:14:56,ICE,39.8,504.0,102.9,894.0
578394,2026-10-10 00:14:56,WAT,0.0,0.0,102.7,910.0
578395,2026-10-10 00:14:56,MAC,37.6,497.0,102.8,909.0
578396,2026-10-10 00:17:57,AIR,0.0,0.0,0.0,0.0
578397,2026-10-10 00:17:57,ICE,39.8,504.0,102.9,894.0
578398,2026-10-10 00:17:57,WAT,0.0,0.0,102.7,910.0
578399,2026-10-10 00:17:57,MAC,37.6,497.0,102.8,909.0
578400,2026-10-10 00:20:59,AIR,0.0,0.0,0.0,0.0
578401,2026-10-10 00:20:59,ICE,39.8,504.0,102.9,894.0
578402,2026-10-10 00:20:59,WAT,0.0,0.0,102.7,910.0
578403,2026-10-10 00:20:59,MAC,37.6,497.0,102.8,909.0
578404,2026-10-10 00:24:00,AIR,0.0,0.0,0.0,0.0
578405,2026-10-10 00:24:00,ICE,39.8,504.0,102.9,894.0
578406,2026-10-10 00:24:00,WAT,0.0,0.0,102.7,910.0
578407,2026-10-10 00:24:00,MAC,47.7,549.0,102.8,924.0
578408,2026-10-10 00:27:01,AIR,0.0,0.0,0.0,0.0
578409,2026-10-10 00:27:01,ICE,39.8,504.0,102.9,894.0
578410,2026-10-10 00:27:01,WAT,0.0,0.0,102.7,910.0
578411,2026-10-10 00:27:01,MAC,47.7,549.0,102.8,924.0
578412,2026-10-10 00:30:03,AIR,0.0,0.0,0.0,0.0
578413,2026-10-10 00:30:03,ICE,39.8,504.0,102.9,894.0
578414,2026-10-10 00:30:03,WAT,0.0,0.0,102.7,910.0
578415,2026-10-10 00:30:03,MAC,47.7,549.0,102.8,924.0
578416,2026-10-10 00:33:09,AIR,0.0,0.0,0.0,0.0
578417,2026-10-10 00:33:09,ICE,39.8,504.0,102.9,894.0
578418,2026-10-10 00:33:09,WAT,0.0,0.0,102.7,910.0
578419,2026-10-10 00:33:09,MAC,47.7,549.0,102.8,924.0
578420,2026-10-10 00:36:10,AIR,0.0,0.0,0.0,0.0
578421,2026-10-10 00:36:10,ICE,39.8,504.0,102.9,894.0
578422,2026-10-10 00:36:10,WAT,0.0,0.0,102.7,910.0
578423,2026-10-10 00:36:10,MAC,47.7,549.0,102.8,924.0
578424,2026-10-10 00:39:12,AIR,0.0,0.0,0.0,0.0
578425,2026-10-10 00:39:12,ICE,39.8,504.0,102.9,894.0
578426,2026-10-10 00:39:12,WAT,0.0,0.0,102.7,910.0
578427,2026-10-10 00:39:12,MAC,47.7,549.0,102.8,924.0
578428,2026-10-10 00:42:14,AIR,0.0,0.0,0.0,0.0
578429,2026-10-10 00:42:14,ICE,39.8,504.0,102.9,894.0
578430,2026-10-10 00:42:14,WAT,0.0,0.0,102.7,910.0
578431,2026-10-10 00:42:14,MAC,44.8,532.0,102.5,941.0
578432,2026-10-10 00:45:15,AIR,0.0,0.0,0.0,0.0
578433,2026-10-10 00:45:15,ICE,39.8,504.0,102.9,894.0
578434,2026-10-10 00:45:15,WAT,0.0,0.0,102.7,910.0
578435,2026-10-10 00:45:15,MAC,44.8,532.0,102.5,941.0
578436,2026-10-10 00:48:17,AIR,0.0,0.0,0.0,0.0
578437,2026-10-10 00:48:17,ICE,39.8,504.0,102.9,894.0
578438,2026-10-10 00:48:17,WAT,0.0,0.0,102.7,910.0
578439,2026-10-10 00:48:17,MAC,44.8,532.0,102.5,941.0
578440,2026-10-10 00:51:18,AIR,0.0,0.0,0.0,0.0
578441,2026-10-10 00:51:18,ICE,39.8,504.0,102.9,894.0
578442,2026-10-10 00:51:18,WAT,0.0,0.0,102.7,910.0
578443,2026-10-10 00:51:18,MAC,44.8,532.0,102.5,941.0
578444,2026-10-10 00:54:19,AIR,0.0,0.0,0.0,0.0
578445,2026-10-10 00:54:19,ICE,39.8,504.0,102.9,894.0
578446,2026-10-10 00:54:19,WAT,0.0,0.0,102.7,910.0
578447,2026-10-10 00:54:19,MAC,44.8,532.0,102.5,941.0
578448,2026-10-10 00:57:21,AIR,0.0,0.0,0.0,0.0
578449,2026-10-10 00:57:21,ICE,39.8,504.0,102.9,894.0
578450,2026-10-10 00:57:21,WAT,0.0,0.0,102.7,910.0
578451,2026-10-10 00:57:21,MAC,44.8,532.0,102.5,941.0
578452,2026-10-10 01:00:23,AIR,0.0,0.0,0.0,0.0
578453,2026-10-10 01:00:23,ICE,39.8,504.0,102.9,894.0
578454,2026-10-10 01:00:23,WAT,0.0,0.0,102.7,910.0
578455,2026-10-10 01:00:23,MAC,44.8,532.0,102.5,941.0
578456,2026-10-10 01:03:28,AIR,0.0,0.0,0.0,0.0
578457,2026-10-10 01:03:28,ICE,39.8,504.0,102.9,894.0
578458,2026-10-10 01:03:28,WAT,0.0,0.0,102.7,910.0
578459,2026-10-10 01:03:28,MAC,44.8,532.0,102.5,941.0
578460,2026-10-10 01:06:30,AIR,0.0,0.0,0.0,0.0
578461,2026-10-10 01:06:30,ICE,39.8,504.0,102.9,894.0
578462,2026-10-10 01:06:30,WAT,0.0,0.0,102.7,910.0
578463,2026-10-10 01:06:30,MAC,44.8,532.0,102.5,941.0
578464,2026-10-10 01:09:31,AIR,0.0,0.0,0.0,0.0
578465,2026-10-10 01:09:31,ICE,39.8,504.0,102.9,894.0
578466,2026-10-10 01:09:31,WAT,0.0,0.0,102.7,910.0
578467,2026-10-10 01:09:31,MAC,32.9,450.0,102.7,969.0
578468,2026-10-10 01:12:34,AIR,0.0,0.0,0.0,0.0
578469,2026-10-10 01:12:34,ICE,39.8,504.0,102.9,894.0
578470,2026-10-10 01:12:34,WAT,0.0,0.0,102.7,910.0
578471,2026-10-10 01:12:34,MAC,43.3,554.0,102.7,971.0
578472,2026-10-10 01:15:35,AIR,0.0,0.0,0.0,0.0
578473,2026-10-10 01:15:35,ICE,39.8,504.0,102.9,894.0
578474,2026-10-10 01:15:35,WAT,0.0,0.0,102.7,910.0
578475,2026-10-10 01:15:35,MAC,43.3,554.0,102.7,971.0
578476,2026-10-10 01:18:36,AIR,0.0,0.0,0.0,0.0
578477,2026-10-10 01:18:36,ICE,39.8,504.0,102.9,894.0
578478,2026-10-10 01:18:36,WAT,0.0,0.0,102.7,910.0
578479,2026-10-10 01:18:36,MAC,43.3,554.0,102.7,971.0
578480,2026-10-10 01:21:38,AIR,0.0,0.0,0.0,0.0
578481,2026-10-10 01:21:38,ICE,39.8,504.0,102.9,894.0
578482,2026-10-10 01:21:38,WAT,0.0,0.0,102.7,910.0
578483,2026-10-10 01:21:38,MAC,43.3,554.0,102.7,971.0
578484,2026-10-10 01:24:39,AIR,0.0,0.0,0.0,0.0
578485,2026-10-10 01:24:39,ICE,61.4,780.0,102.9,983.0
578486,2026-10-10 01:24:39,WAT,0.0,0.0,102.7,910.0
578487,2026-10-10 01:24:39,MAC,43.3,554.0,102.7,971.0
578488,2026-10-10 01:27:40,AIR,0.0,0.0,0.0,0.0
578489,2026-10-10 01:27:40,ICE,61.4,780.0,102.9,983.0
578490,2026-10-10 01:27:40,WAT,0.0,0.0,102.7,910.0
578491,2026-10-10 01:27:40,MAC,43.3,554.0,102.7,971.0
578492,2026-10-10 01:30:42,AIR,0.0,0.0,0.0,0.0
578493,2026-10-10 01:30:42,ICE,61.4,780.0,102.9,983.0
578494,2026-10-10 01:30:42,WAT,0.0,0.0,102.7,910.0
578495,2026-10-10 01:30:42,MAC,43.3,554.0,102.7,971.0
578496,2026-10-10 01:33:43,AIR,0.0,0.0,0.0,0.0
578497,2026-10-10 01:33:43,ICE,61.4,780.0,102.9,983.0
578498,2026-10-10 01:33:43,WAT,0.0,0.0,102.7,910.0
578499,2026-10-10 01:33:43,MAC,43.3,554.0,102.7,971.0
578500,2026-10-10 01:36:44,AIR,0.0,0.0,0.0,0.0
578501,2026-10-10 01:36:44,ICE,61.4,780.0,102.9,983.0
578502,2026-10-10 01:36:44,WAT,0.0,0.0,102.7,910.0
578503,2026-10-10 01:36:44,MAC,43.3,554.0,102.7,971.0
578504,2026-10-10 01:39:46,AIR,0.0,0.0,0.0,0.0
578505,2026-10-10 01:39:46,ICE,61.4,780.0,102.9,983.0
578506,2026-10-10 01:39:46,WAT,0.0,0.0,102.7,910.0
578507,2026-10-10 01:39:46,MAC,43.3,554.0,102.7,971.0
578508,2026-10-10 01:42:48,AIR,0.0,0.0,0.0,0.0
578509,2026-10-10 01:42:48,ICE,61.4,780.0,102.9,983.0
578510,2026-10-10 01:42:48,WAT,0.0,0.0,102.7,910.0
578511,2026-10-10 01:42:48,MAC,43.3,554.0,102.7,971.0
578512,2026-10-10 01:45:49,AIR,0.0,0.0,0.0,0.0
578513,2026-10-10 01:45:49,ICE,61.4,780.0,102.9,983.0
578514,2026-10-10 01:45:49,WAT,0.0,0.0,102.7,910.0
578515,2026-10-10 01:45:49,MAC,43.3,554.0,102.7,971.0
578516,2026-10-10 01:48:51,AIR,0.0,0.0,0.0,0.0
578517,2026-10-10 01:48:51,ICE,61.4,780.0,102.9,983.0
578518,2026-10-10 01:48:51,WAT,0.0,0.0,102.7,910.0
578519,2026-10-10 01:48:51,MAC,43.3,554.0,102.7,971.0
578520,2026-10-10 01:51:52,AIR,0.0,0.0,0.0,0.0
578521,2026-10-10 01:51:52,ICE,1.4,29.0,103.3,1010.0
578522,2026-10-10 01:51:52,WAT,0.0,0.0,102.7,910.0
578523,2026-10-10 01:51:52,MAC,33.1,465.0,102.8,1012.0
578524,2026-10-10 01:54:54,AIR,0.0,0.0,0.0,0.0
578525,2026-10-10 01:54:54,ICE,1.4,29.0,103.3,1010.0
578526,2026-10-10 01:54:54,WAT,0.0,0.0,102.7,910.0
578527,2026-10-10 01:54:54,MAC,45.3,559.0,102.9,1013.0
578528,2026-10-10 01:57:55,AIR,0.0,0.0,0.0,0.0
578529,2026-10-10 01:57:55,ICE,1.4,29.0,103.3,1010.0
578530,2026-10-10 01:57:55,WAT,0.0,0.0,102.7,910.0
578531,2026-10-10 01:57:55,MAC,45.3,559.0,102.9,1013.0
578532,2026-10-10 02:00:57,AIR,0.0,0.0,0.0,0.0
578533,2026-10-10 02:00:57,ICE,1.4,29.0,103.3,1010.0
578534,2026-10-10 02:00:57,WAT,0.0,0.0,102.7,910.0
578535,2026-10-10 02:00:57,MAC,45.3,559.0,102.9,1013.0
578536,2026-10-10 02:03:58,AIR,0.0,0.0,0.0,0.0
578537,2026-10-10 02:03:58,ICE,1.4,29.0,103.3,1010.0
578538,2026-10-10 02:03:58,WAT,0.0,0.0,102.7,910.0
578539,2026-10-10 02:03:58,MAC,45.3,559.0,102.9,1013.0
578540,2026-10-10 02:07:00,AIR,0.0,0.0,0.0,0.0
578541,2026-10-10 02:07:00,ICE,38.2,495.0,102.9,1025.0
578542,2026-10-10 02:07:00,WAT,0.0,0.0,102.7,910.0
578543,2026-10-10 02:07:00,MAC,8.5,105.0,102.8,1027.0
578544,2026-10-10 02:10:02,AIR,0.0,0.0,0.0,0.0
578545,2026-10-10 02:10:02,ICE,38.2,495.0,102.9,1025.0
578546,2026-10-10 02:10:02,WAT,0.0,0.0,102.7,910.0
578547,2026-10-10 02:10:02,MAC,8.5,105.0,102.8,1027.0
578548,2026-10-10 02:13:04,AIR,0.0,0.0,0.0,0.0
578549,2026-10-10 02:13:04,ICE,38.2,495.0,102.9,1025.0
578550,2026-10-10 02:13:04,WAT,0.0,0.0,102.7,910.0
578551,2026-10-10 02:13:04,MAC,8.5,105.0,102.8,1027.0
578552,2026-10-10 02:16:06,AIR,0.0,0.0,0.0,0.0
578553,2026-10-10 02:16:06,ICE,38.2,495.0,102.9,1025.0
578554,2026-10-10 02:16:06,WAT,0.0,0.0,102.7,910.0
578555,2026-10-10 02:16:06,MAC,8.5,105.0,102.8,1027.0
578556,2026-10-10 02:19:07,AIR,0.0,0.0,0.0,0.0
578557,2026-10-10 02:19:07,ICE,38.2,495.0,102.9,1025.0
578558,2026-10-10 02:19:07,WAT,0.0,0.0,102.7,910.0
578559,2026-10-10 02:19:07,MAC,8.5,105.0,102.8,1027.0
578560,2026-10-10 02:22:08,AIR,0.0,0.0,0.0,0.0
578561,2026-10-10 02:22:08,ICE,38.2,495.0,102.9,1025.0
578562,2026-10-10 02:22:08,WAT,0.0,0.0,102.7,910.0
578563,2026-10-10 02:22:08,MAC,8.5,105.0,102.8,1027.0
578564,2026-10-10 02:25:10,AIR,0.0,0.0,0.0,0.0
578565,2026-10-10 02:25:10,ICE,38.2,495.0,102.9,1025.0
578566,2026-10-10 02:25:10,WAT,0.0,0.0,102.7,910.0
578567,2026-10-10 02:25:10,MAC,8.5,105.0,102.8,1027.0
578568,2026-10-10 02:28:11,AIR,0.0,0.0,0.0,0.0
578569,2026-10-10 02:28:11,ICE,38.2,495.0,102.9,1025.0
578570,2026-10-10 02:28:11,WAT,0.0,0.0,102.7,910.0
578571,2026-10-10 02:28:11,MAC,8.5,105.0,102.8,1027.0
578572,2026-10-10 02:31:13,AIR,0.0,0.0,0.0,0.0
578573,2026-10-10 02:31:13,ICE,38.2,495.0,102.9,1025.0
578574,2026-10-10 02:31:13,WAT,0.0,0.0,102.7,910.0
578575,2026-10-10 02:31:13,MAC,8.5,105.0,102.8,1027.0
578576,2026-10-10 02:34:14,AIR,0.0,0.0,0.0,0.0
578577,2026-10-10 02:34:14,ICE,38.2,495.0,102.9,1025.0
578578,2026-10-10 02:34:14,WAT,0.0,0.0,102.7,910.0
578579,2026-10-10 02:34:14,MAC,8.5,105.0,102.8,1027.0
578580,2026-10-10 02:37:15,AIR,0.0,0.0,0.0,0.0
578581,2026-10-10 02:37:15,ICE,38.2,495.0,102.9,1025.0
578582,2026-10-10 02:37:15,WAT,0.0,0.0,102.7,910.0
578583,2026-10-10 02:37:15,MAC,8.5,105.0,102.8,1027.0
578584,2026-10-10 02:40:17,AIR,0.0,0.0,0.0,0.0
578585,2026-10-10 02:40:17,ICE,38.2,495.0,102.9,1025.0
578586,2026-10-10 02:40:17,WAT,0.0,0.0,102.7,910.0
578587,2026-10-10 02:40:17,MAC,8.5,105.0,102.8,1027.0
578588,2026-10-10 02:43:19,AIR,0.0,0.0,0.0,0.0
578589,2026-10-10 02:43:19,ICE,38.2,495.0,102.9,1025.0
578590,2026-10-10 02:43:19,WAT,0.0,0.0,102.7,910.0
578591,2026-10-10 02:43:19,MAC,8.5,105.0,102.8,1027.0
578592,2026-10-10 02:46:21,AIR,0.0,0.0,0.0,0.0
578593,2026-10-10 02:46:21,ICE,38.2,495.0,102.9,1025.0
578594,2026-10-10 02:46:21,WAT,0.0,0.0,102.7,910.0
578595,2026-10-10 02:46:21,MAC,8.5,105.0,102.8,1027.0
578596,2026-10-10 02:49:23,AIR,0.0,0.0,0.0,0.0
578597,2026-10-10 02:49:23,ICE,38.2,495.0,102.9,1025.0
578598,2026-10-10 02:49:23,WAT,0.0,0.0,102.7,910.0
578599,2026-10-10 02:49:23,MAC,8.5,105.0,102.8,1027.0
578600,2026-10-10 02:52:25,AIR,0.0,0.0,0.0,0.0
578601,2026-10-10 02:52:25,ICE,38.2,495.0,102.9,1025.0
578602,2026-10-10 02:52:25,WAT,0.0,0.0,102.7,910.0
578603,2026-10-10 02:52:25,MAC,8.5,105.0,102.8,1027.0
578604,2026-10-10 02:55:26,AIR,0.0,0.0,0.0,0.0
578605,2026-10-10 02:55:26,ICE,38.2,495.0,102.9,1025.0
578606,2026-10-10 02:55:26,WAT,0.0,0.0,102.7,910.0
578607,2026-10-10 02:55:26,MAC,8.5,105.0,102.8,1027.0
578608,2026-10-10 02:58:28,AIR,0.0,0.0,0.0,0.0
578609,2026-10-10 02:58:28,ICE,38.2,495.0,102.9,1025.0
578610,2026-10-10 02:58:28,WAT,0.0,0.0,102.7,910.0
578611,2026-10-10 02:58:28,MAC,8.5,105.0,102.8,1027.0
578612,2026-10-10 03:01:29,AIR,0.0,0.0,0.0,0.0
578613,2026-10-10 03:01:29,ICE,38.2,495.0,102.9,1025.0
578614,2026-10-10 03:01:29,WAT,0.0,0.0,102.7,910.0
578615,2026-10-10 03:01:29,MAC,8.5,105.0,102.8,1027.0
578616,2026-10-10 03:04:31,AIR,0.0,0.0,0.0,0.0
578617,2026-10-10 03:04:31,ICE,38.2,495.0,102.9,1025.0
578618,2026-10-10 03:04:31,WAT,0.0,0.0,102.7,910.0
578619,2026-10-10 03:04:31,MAC,8.5,105.0,102.8,1027.0
578620,2026-10-10 03:07:33,AIR,0.0,0.0,0.0,0.0
578621,2026-10-10 03:07:33,ICE,38.2,495.0,102.9,1025.0
578622,2026-10-10 03:07:33,WAT,0.0,0.0,102.7,910.0
578623,2026-10-10 03:07:33,MAC,8.5,105.0,102.8,1027.0
578624,2026-10-10 03:10:34,AIR,0.0,0.0,0.0,0.0
578625,2026-10-10 03:10:34,ICE,38.2,495.0,102.9,1025.0
578626,2026-10-10 03:10:34,WAT,0.0,0.0,102.7,910.0
578627,2026-10-10 03:10:34,MAC,8.5,105.0,102.8,1027.0
578628,2026-10-10 03:13:35,AIR,0.0,0.0,0.0,0.0
578629,2026-10-10 03:13:35,ICE,38.2,495.0,102.9,1025.0
578630,2026-10-10 03:13:35,WAT,0.0,0.0,102.7,910.0
578631,2026-10-10 03:13:35,MAC,8.5,105.0,102.8,1027.0
578632,2026-10-10 03:16:36,AIR,0.0,0.0,0.0,0.0
578633,2026-10-10 03:16:36,ICE,38.2,495.0,102.9,1025.0
578634,2026-10-10 03:16:36,WAT,0.0,0.0,102.7,910.0
578635,2026-10-10 03:16:36,MAC,8.5,105.0,102.8,1027.0
578636,2026-10-10 03:19:38,AIR,0.0,0.0,0.0,0.0
578637,2026-10-10 03:19:38,ICE,38.2,495.0,102.9,1025.0
578638,2026-10-10 03:19:38,WAT,0.0,0.0,102.7,910.0
578639,2026-10-10 03:19:38,MAC,8.5,105.0,102.8,1027.0
578640,2026-10-10 03:22:39,AIR,0.0,0.0,0.0,0.0
578641,2026-10-10 03:22:39,ICE,38.2,495.0,102.9,1025.0
578642,2026-10-10 03:22:39,WAT,0.0,0.0,102.7,910.0
578643,2026-10-10 03:22:39,MAC,4.4,66.0,102.8,1102.0
578644,2026-10-10 03:25:41,AIR,0.0,0.0,0.0,0.0
578645,2026-10-10 03:25:41,ICE,38.2,495.0,102.9,1025.0
578646,2026-10-10 03:25:41,WAT,0.0,0.0,102.7,910.0
578647,2026-10-10 03:25:41,MAC,4.4,66.0,102.8,1102.0
578648,2026-10-10 03:28:42,AIR,0.0,0.0,0.0,0.0
578649,2026-10-10 03:28:42,ICE,38.2,495.0,102.9,1025.0
578650,2026-10-10 03:28:42,WAT,0.0,0.0,102.7,910.0
578651,2026-10-10 03:28:42,MAC,4.4,66.0,102.8,1102.0
578652,2026-10-10 03:31:44,AIR,0.0,0.0,0.0,0.0
578653,2026-10-10 03:31:44,ICE,38.2,495.0,102.9,1025.0
578654,2026-10-10 03:31:44,WAT,0.0,0.0,102.7,910.0
578655,2026-10-10 03:31:44,MAC,4.4,66.0,102.8,1102.0
578656,2026-10-10 03:34:45,AIR,0.0,0.0,0.0,0.0
578657,2026-10-10 03:34:45,ICE,48.8,631.0,102.9,1114.0
578658,2026-10-10 03:34:45,WAT,0.0,0.0,102.7,910.0
578659,2026-10-10 03:34:45,MAC,4.4,66.0,102.8,1102.0
578660,2026-10-10 03:37:47,AIR,0.0,0.0,0.0,0.0
578661,2026-10-10 03:37:47,ICE,59.7,758.0,103.0,1114.0
578662,2026-10-10 03:37:47,WAT,0.0,0.0,102.7,910.0
578663,2026-10-10 03:37:47,MAC,4.4,66.0,102.8,1102.0
578664,2026-10-10 03:40:48,AIR,0.0,0.0,0.0,0.0
578665,2026-10-10 03:40:48,ICE,59.7,758.0,103.0,1114.0
578666,2026-10-10 03:40:48,WAT,0.0,0.0,102.7,910.0
578667,2026-10-10 03:40:48,MAC,4.4,66.0,102.8,1102.0
578668,2026-10-10 03:43:50,AIR,0.0,0.0,0.0,0.0
578669,2026-10-10 03:43:50,ICE,59.7,758.0,103.0,1114.0
578670,2026-10-10 03:43:50,WAT,0.0,0.0,102.7,910.0
578671,2026-10-10 03:43:50,MAC,4.4,66.0,102.8,1102.0
578672,2026-10-10 03:46:51,AIR,0.0,0.0,0.0,0.0
578673,2026-10-10 03:46:51,ICE,59.7,758.0,103.0,1114.0
578674,2026-10-10 03:46:51,WAT,0.0,0.0,102.7,910.0
578675,2026-10-10 03:46:51,MAC,4.4,66.0,102.8,1102.0
578676,2026-10-10 03:49:52,AIR,0.0,0.0,0.0,0.0
578677,2026-10-10 03:49:52,ICE,59.7,758.0,103.0,1114.0
578678,2026-10-10 03:49:52,WAT,0.0,0.0,102.7,910.0
578679,2026-10-10 03:49:52,MAC,4.4,66.0,102.8,1102.0
578680,2026-10-10 03:52:54,AIR,0.0,0.0,0.0,0.0
578681,2026-10-10 03:52:54,ICE,59.7,758.0,103.0,1114.0
578682,2026-10-10 03:52:54,WAT,0.0,0.0,102.7,910.0
578683,2026-10-10 03:52:54,MAC,4.4,66.0,102.8,1102.0
578684,2026-10-10 03:55:56,AIR,0.0,0.0,0.0,0.0
578685,2026-10-10 03:55:56,ICE,59.7,758.0,103.0,1114.0
578686,2026-10-10 03:55:56,WAT,0.0,0.0,102.7,910.0
578687,2026-10-10 03:55:56,MAC,4.4,66.0,102.8,1102.0
578688,2026-10-10 03:58:57,AIR,0.0,0.0,0.0,0.0
578689,2026-10-10 03:58:57,ICE,59.7,758.0,103.0,1114.0
578690,2026-10-10 03:58:57,WAT,0.0,0.0,102.7,910.0
578691,2026-10-10 03:58:57,MAC,4.4,66.0,102.8,1102.0
578692,2026-10-10 04:01:59,AIR,0.0,0.0,0.0,0.0
578693,2026-10-10 04:01:59,ICE,59.7,758.0,103.0,1114.0
578694,2026-10-10 04:01:59,WAT,0.0,0.0,102.7,910.0
578695,2026-10-10 04:01:59,MAC,4.4,66.0,102.8,1102.0
578696,2026-10-10 04:05:01,AIR,0.0,0.0,0.0,0.0
578697,2026-10-10 04:05:01,ICE,2.9,28.0,103.0,1142.0
578698,2026-10-10 04:05:01,WAT,0.0,0.0,102.7,910.0
578699,2026-10-10 04:05:01,MAC,4.4,66.0,102.8,1102.0
578700,2026-10-10 04:08:02,AIR,0.0,0.0,0.0,0.0
578701,2026-10-10 04:08:02,ICE,2.9,28.0,103.0,1142.0
578702,2026-10-10 04:08:02,WAT,0.0,0.0,102.7,910.0
578703,2026-10-10 04:08:02,MAC,4.4,66.0,102.8,1102.0
578704,2026-10-10 04:11:04,AIR,0.0,0.0,0.0,0.0
578705,2026-10-10 04:11:04,ICE,2.9,28.0,103.0,1142.0
578706,2026-10-10 04:11:04,WAT,0.0,0.0,102.7,910.0
578707,2026-10-10 04:11:04,MAC,4.4,66.0,102.8,1102.0
578708,2026-10-10 04:14:05,AIR,0.0,0.0,0.0,0.0
578709,2026-10-10 04:14:05,ICE,2.9,28.0,103.0,1142.0
578710,2026-10-10 04:14:05,WAT,0.0,0.0,102.7,910.0
578711,2026-10-10 04:14:05,MAC,4.4,66.0,102.8,1102.0
578712,2026-10-10 04:17:07,AIR,0.0,0.0,0.0,0.0
578713,2026-10-10 04:17:07,ICE,51.9,652.0,103.3,1156.0
578714,2026-10-10 04:17:07,WAT,0.0,0.0,102.7,910.0
578715,2026-10-10 04:17:07,MAC,4.4,66.0,102.8,1102.0
578716,2026-10-10 04:20:08,AIR,0.0,0.0,0.0,0.0
578717,2026-10-10 04:20:08,ICE,40.9,515.0,103.2,1158.0
578718,2026-10-10 04:20:08,WAT,0.0,0.0,102.7,910.0
578719,2026-10-10 04:20:08,MAC,4.4,66.0,102.8,1102.0
578720,2026-10-10 04:23:09,AIR,0.0,0.0,0.0,0.0
578721,2026-10-10 04:23:09,ICE,40.9,515.0,103.2,1158.0
578722,2026-10-10 04:23:09,WAT,0.0,0.0,102.7,910.0
578723,2026-10-10 04:23:09,MAC,4.4,66.0,102.8,1102.0
578724,2026-10-10 04:26:10,AIR,0.0,0.0,0.0,0.0
578725,2026-10-10 04:26:10,ICE,40.9,515.0,103.2,1158.0
578726,2026-10-10 04:26:10,WAT,0.0,0.0,102.7,910.0
578727,2026-10-10 04:26:10,MAC,4.4,66.0,102.8,1102.0
578728,2026-10-10 04:29:12,AIR,0.0,0.0,0.0,0.0
578729,2026-10-10 04:29:12,ICE,40.9,515.0,103.2,1158.0
578730,2026-10-10 04:29:12,WAT,0.0,0.0,102.7,910.0
578731,2026-10-10 04:29:12,MAC,4.4,66.0,102.8,1102.0
578732,2026-10-10 04:32:13,AIR,0.0,0.0,0.0,0.0
578733,2026-10-10 04:32:13,ICE,40.9,515.0,103.2,1158.0
578734,2026-10-10 04:32:13,WAT,0.0,0.0,102.7,910.0
578735,2026-10-10 04:32:13,MAC,4.4,66.0,102.8,1102.0
578736,2026-10-10 04:35:15,AIR,0.0,0.0,0.0,0.0
578737,2026-10-10 04:35:15,ICE,40.9,515.0,103.2,1158.0
578738,2026-10-10 04:35:15,WAT,0.0,0.0,102.7,910.0
578739,2026-10-10 04:35:15,MAC,4.4,66.0,102.8,1102.0
578740,2026-10-10 04:38:17,AIR,0.0,0.0,0.0,0.0
578741,2026-10-10 04:38:17,ICE,40.9,515.0,103.2,1158.0
578742,2026-10-10 04:38:17,WAT,0.0,0.0,102.7,910.0
578743,2026-10-10 04:38:17,MAC,4.4,66.0,102.8,1102.0
578744,2026-10-10 04:41:18,AIR,0.0,0.0,0.0,0.0
578745,2026-10-10 04:41:18,ICE,40.9,515.0,103.2,1158.0
578746,2026-10-10 04:41:18,WAT,0.0,0.0,102.7,910.0
578747,2026-10-10 04:41:18,MAC,4.4,66.0,102.8,1102.0
578748,2026-10-10 04:44:20,AIR,0.0,0.0,0.0,0.0
578749,2026-10-10 04:44:20,ICE,40.9,515.0,103.2,1158.0
578750,2026-10-10 04:44:20,WAT,0.0,0.0,102.7,910.0
578751,2026-10-10 04:44:20,MAC,4.4,66.0,102.8,1102.0
578752,2026-10-10 04:47:21,AIR,0.0,0.0,0.0,0.0
578753,2026-10-10 04:47:21,ICE,40.9,515.0,103.2,1158.0
578754,2026-10-10 04:47:21,WAT,0.0,0.0,102.7,910.0
578755,2026-10-10 04:47:21,MAC,4.4,66.0,102.8,1102.0
578756,2026-10-10 04:50:22,AIR,0.0,0.0,0.0,0.0
578757,2026-10-10 04:50:22,ICE,40.9,515.0,103.2,1158.0
578758,2026-10-10 04:50:22,WAT,0.0,0.0,102.7,910.0
578759,2026-10-10 04:50:22,MAC,4.4,66.0,102.8,1102.0
578760,2026-10-10 04:53:24,AIR,0.0,0.0,0.0,0.0
578761,2026-10-10 04:53:24,ICE,40.9,515.0,103.2,1158.0
578762,2026-10-10 04:53:24,WAT,0.0,0.0,102.7,910.0
578763,2026-10-10 04:53:24,MAC,4.4,66.0,102.8,1102.0
578764,2026-10-10 04:56:25,AIR,0.0,0.0,0.0,0.0
578765,2026-10-10 04:56:25,ICE,40.9,515.0,103.2,1158.0
578766,2026-10-10 04:56:25,WAT,0.0,0.0,102.7,910.0
578767,2026-10-10 04:56:25,MAC,4.4,66.0,102.8,1102.0
578768,2026-10-10 04:59:26,AIR,0.0,0.0,0.0,0.0
578769,2026-10-10 04:59:26,ICE,40.9,515.0,103.2,1158.0
578770,2026-10-10 04:59:26,WAT,0.0,0.0,102.7,910.0
578771,2026-10-10 04:59:26,MAC,4.4,66.0,102.8,1102.0
578772,2026-10-10 05:02:28,AIR,0.0,0.0,0.0,0.0
578773,2026-10-10 05:02:28,ICE,40.9,515.0,103.2,1158.0
578774,2026-10-10 05:02:28,WAT,0.0,0.0,102.7,910.0
578775,2026-10-10 05:02:28,MAC,4.4,66.0,102.8,1102.0
578776,2026-10-10 05:05:29,AIR,0.0,0.0,0.0,0.0
578777,2026-10-10 05:05:29,ICE,40.9,515.0,103.2,1158.0
578778,2026-10-10 05:05:29,WAT,0.0,0.0,102.7,910.0
578779,2026-10-10 05:05:29,MAC,4.4,66.0,102.8,1102.0
578780,2026-10-10 05:08:30,AIR,0.0,0.0,0.0,0.0
578781,2026-10-10 05:08:30,ICE,40.9,515.0,103.2,1158.0
578782,2026-10-10 05:08:30,WAT,0.0,0.0,102.7,910.0
578783,2026-10-10 05:08:30,MAC,4.4,66.0,102.8,1102.0
578784,2026-10-10 05:11:31,AIR,0.0,0.0,0.0,0.0
578785,2026-10-10 05:11:31,ICE,40.9,515.0,103.2,1158.0
578786,2026-10-10 05:11:31,WAT,0.0,0.0,102.7,910.0
578787,2026-10-10 05:11:31,MAC,4.4,66.0,102.8,1102.0
578788,2026-10-10 05:14:33,AIR,0.0,0.0,0.0,0.0
578789,2026-10-10 05:14:33,ICE,40.9,515.0,103.2,1158.0
578790,2026-10-10 05:14:33,WAT,0.0,0.0,102.7,910.0
578791,2026-10-10 05:14:33,MAC,4.4,66.0,102.8,1102.0
578792,2026-10-10 05:17:34,AIR,0.0,0.0,0.0,0.0
578793,2026-10-10 05:17:34,ICE,40.9,515.0,103.2,1158.0
578794,2026-10-10 05:17:34,WAT,0.0,0.0,102.7,910.0
578795,2026-10-10 05:17:34,MAC,4.4,66.0,102.8,1102.0
578796,2026-10-10 05:20:36,AIR,0.0,0.0,0.0,0.0
578797,2026-10-10 05:20:36,ICE,40.9,515.0,103.2,1158.0
578798,2026-10-10 05:20:36,WAT,0.0,0.0,102.7,910.0
578799,2026-10-10 05:20:36,MAC,4.4,66.0,102.8,1102.0
578800,2026-10-10 05:23:37,AIR,0.0,0.0,0.0,0.0
578801,2026-10-10 05:23:37,ICE,40.9,515.0,103.2,1158.0
578802,2026-10-10 05:23:37,WAT,0.0,0.0,102.7,910.0
578803,2026-10-10 05:23:37,MAC,4.4,66.0,102.8,1102.0
